review,category
Very expensive for the quality Excellent experience.,Pricing
Poor response from support Average overall.,Service
Pricing could be better Will buy again.,Pricing
Excellent service experience Highly recommended.,Service
Very expensive for the quality Needs improvement.,Pricing
The product exceeded expectations Not satisfied.,Product
The item stopped working after two days Highly recommended.,Product
Fantastic performance and reliability Needs improvement.,Product
Issue resolved professionally,Service
Amazing design and quality Needs improvement.,Product
Customer service was very helpful Not satisfied.,Service
Quick and reliable delivery Excellent experience.,Delivery
The courier delayed the order Needs improvement.,Delivery
Fast delivery service Not satisfied.,Delivery
Poor response from support,Service
Customer care was disappointing Average overall.,Service
The product quality is excellent,Product
Support team resolved my issue quickly Needs improvement.,Service
Issue resolved professionally Highly recommended.,Service
The representative was polite Needs improvement.,Service
Shipment tracking was inaccurate Not satisfied.,Delivery
Pricing could be better Not satisfied.,Pricing
The product exceeded expectations Not satisfied.,Product
Affordable pricing and good value Highly recommended.,Pricing
Support team resolved my issue quickly Will buy again.,Service
The product is overpriced Excellent experience.,Pricing
The product exceeded expectations Highly recommended.,Product
Fantastic performance and reliability Excellent experience.,Product
Customer service was very helpful,Service
Package arrived on time Highly recommended.,Delivery
The product is overpriced Excellent experience.,Pricing
Support team was unresponsive Excellent experience.,Service
Support team resolved my issue quickly Highly recommended.,Service
Pricing could be better Not satisfied.,Pricing
Shipment tracking was inaccurate Average overall.,Delivery
Issue resolved professionally Excellent experience.,Service
Affordable pricing and good value,Pricing
Amazing design and quality Needs improvement.,Product
The product packaging was damaged Needs improvement.,Product
Support team resolved my issue quickly Highly recommended.,Service
Customer service was very helpful Highly recommended.,Service
Issue resolved professionally Not satisfied.,Service
The product exceeded expectations Highly recommended.,Product
Discount offers are attractive,Pricing
The courier delayed the order Excellent experience.,Delivery
Customer care was disappointing Average overall.,Service
Poor product material Highly recommended.,Product
The representative was polite Needs improvement.,Service
Excellent service experience,Service
Fantastic performance and reliability Excellent experience.,Product
Very durable and useful product Excellent experience.,Product
The product exceeded expectations Excellent experience.,Product
The item stopped working after two days Needs improvement.,Product
Very durable and useful product Needs improvement.,Product
Shipment tracking was inaccurate Excellent experience.,Delivery
Amazing design and quality Will buy again.,Product
Delivery experience was smooth Highly recommended.,Delivery
Customer care was disappointing Excellent experience.,Service
Shipment tracking was inaccurate Needs improvement.,Delivery
Pricing could be better Needs improvement.,Pricing
The representative was polite Needs improvement.,Service
Quick and reliable delivery Average overall.,Delivery
Excellent service experience,Service
Quick and reliable delivery Needs improvement.,Delivery
The product quality is excellent Excellent experience.,Product
Issue resolved professionally Highly recommended.,Service
Shipment tracking was inaccurate Not satisfied.,Delivery
Discount offers are attractive Excellent experience.,Pricing
Customer care was disappointing Needs improvement.,Service
Customer service was very helpful Not satisfied.,Service
Great value for money Highly recommended.,Pricing
Pricing could be better Will buy again.,Pricing
The product quality is excellent Average overall.,Product
Poor response from support Highly recommended.,Service
Customer care was disappointing,Service
Affordable pricing and good value Not satisfied.,Pricing
The product is overpriced Highly recommended.,Pricing
Customer care was disappointing Needs improvement.,Service
Quick and reliable delivery Needs improvement.,Delivery
Discount offers are attractive Highly recommended.,Pricing
Customer service was very helpful Excellent experience.,Service
Poor response from support,Service
Customer service was very helpful Excellent experience.,Service
Pricing could be better Not satisfied.,Pricing
Support team was unresponsive Average overall.,Service
The product packaging was damaged,Product
Price is too high Highly recommended.,Pricing
Very expensive for the quality Average overall.,Pricing
Fantastic performance and reliability Needs improvement.,Product
The courier delayed the order Will buy again.,Delivery
Amazing design and quality Needs improvement.,Product
Shipment tracking was inaccurate Will buy again.,Delivery
Quick and reliable delivery,Delivery
Poor response from support Average overall.,Service
Poor product material Excellent experience.,Product
Package arrived on time Not satisfied.,Delivery
Price is too high Will buy again.,Pricing
The product quality is excellent Not satisfied.,Product
Very durable and useful product Needs improvement.,Product
Issue resolved professionally Will buy again.,Service
The product is overpriced Excellent experience.,Pricing
Issue resolved professionally Excellent experience.,Service
Delivery was very late Highly recommended.,Delivery
Fast delivery service Needs improvement.,Delivery
Support team resolved my issue quickly Excellent experience.,Service
Quick and reliable delivery Excellent experience.,Delivery
Fast delivery service,Delivery
Very expensive for the quality Not satisfied.,Pricing
Poor product material Needs improvement.,Product
Affordable pricing and good value Average overall.,Pricing
Amazing design and quality Highly recommended.,Product
Very durable and useful product Will buy again.,Product
Fast delivery service Excellent experience.,Delivery
Quick and reliable delivery,Delivery
The courier delayed the order Excellent experience.,Delivery
Very expensive for the quality Needs improvement.,Pricing
Customer service was very helpful Highly recommended.,Service
The product packaging was damaged Not satisfied.,Product
Poor product material Highly recommended.,Product
Package arrived on time,Delivery
The product quality is excellent Not satisfied.,Product
Customer service was very helpful Not satisfied.,Service
Fantastic performance and reliability Highly recommended.,Product
The product quality is excellent Average overall.,Product
Price is too high Needs improvement.,Pricing
Fast delivery service Needs improvement.,Delivery
The product is overpriced Average overall.,Pricing
Delivery was very late Highly recommended.,Delivery
Reasonable pricing compared to competitors Excellent experience.,Pricing
Shipment tracking was inaccurate Highly recommended.,Delivery
Reasonable pricing compared to competitors,Pricing
Excellent service experience,Service
Poor product material Highly recommended.,Product
The product exceeded expectations Not satisfied.,Product
Issue resolved professionally Average overall.,Service
Amazing design and quality Excellent experience.,Product
Quick and reliable delivery Excellent experience.,Delivery
Affordable pricing and good value Will buy again.,Pricing
The product exceeded expectations Excellent experience.,Product
The item stopped working after two days Average overall.,Product
Fast delivery service Highly recommended.,Delivery
The representative was polite Not satisfied.,Service
Customer care was disappointing Will buy again.,Service
The product packaging was damaged Highly recommended.,Product
The representative was polite Not satisfied.,Service
Very expensive for the quality Excellent experience.,Pricing
Support team resolved my issue quickly Not satisfied.,Service
Quick and reliable delivery Average overall.,Delivery
The product is overpriced Not satisfied.,Pricing
Support team was unresponsive,Service
Quick and reliable delivery Will buy again.,Delivery
Fast delivery service Highly recommended.,Delivery
The package arrived damaged Average overall.,Delivery
Great value for money Highly recommended.,Pricing
Support team was unresponsive Not satisfied.,Service
Quick and reliable delivery Highly recommended.,Delivery
Amazing design and quality Not satisfied.,Product
Excellent service experience Not satisfied.,Service
Customer service was very helpful Excellent experience.,Service
Issue resolved professionally Will buy again.,Service
The representative was polite Not satisfied.,Service
Very durable and useful product Needs improvement.,Product
The product is overpriced Highly recommended.,Pricing
Affordable pricing and good value Needs improvement.,Pricing
Pricing could be better Excellent experience.,Pricing
Pricing could be better Excellent experience.,Pricing
The package arrived damaged Will buy again.,Delivery
Amazing design and quality Not satisfied.,Product
Great value for money Highly recommended.,Pricing
Amazing design and quality,Product
Delivery was very late,Delivery
Very durable and useful product Excellent experience.,Product
The item stopped working after two days Excellent experience.,Product
Pricing could be better Highly recommended.,Pricing
Customer service was very helpful Not satisfied.,Service
Very expensive for the quality Highly recommended.,Pricing
The item stopped working after two days Excellent experience.,Product
Very durable and useful product Will buy again.,Product
Package arrived on time Not satisfied.,Delivery
The package arrived damaged Average overall.,Delivery
Discount offers are attractive Needs improvement.,Pricing
Poor product material Average overall.,Product
Quick and reliable delivery Excellent experience.,Delivery
The product packaging was damaged Not satisfied.,Product
Delivery experience was smooth Average overall.,Delivery
The product exceeded expectations Not satisfied.,Product
Poor response from support Average overall.,Service
Quick and reliable delivery Not satisfied.,Delivery
Discount offers are attractive,Pricing
The product quality is excellent,Product
The product is overpriced Will buy again.,Pricing
Customer service was very helpful Average overall.,Service
The product exceeded expectations Excellent experience.,Product
Shipment tracking was inaccurate Will buy again.,Delivery
Pricing could be better Will buy again.,Pricing
Poor product material Excellent experience.,Product
Great value for money Highly recommended.,Pricing
Support team resolved my issue quickly Highly recommended.,Service
Issue resolved professionally Average overall.,Service
Poor response from support Excellent experience.,Service
The courier delayed the order Needs improvement.,Delivery
The package arrived damaged Average overall.,Delivery
Discount offers are attractive,Pricing
Quick and reliable delivery Will buy again.,Delivery
The courier delayed the order,Delivery
The product exceeded expectations Needs improvement.,Product
Very expensive for the quality Will buy again.,Pricing
Package arrived on time Not satisfied.,Delivery
Poor response from support Not satisfied.,Service
Customer care was disappointing Needs improvement.,Service
Reasonable pricing compared to competitors Excellent experience.,Pricing
Very expensive for the quality Will buy again.,Pricing
Affordable pricing and good value Average overall.,Pricing
Price is too high Will buy again.,Pricing
Pricing could be better Highly recommended.,Pricing
Fast delivery service Highly recommended.,Delivery
Customer service was very helpful Excellent experience.,Service
Price is too high Will buy again.,Pricing
Pricing could be better Not satisfied.,Pricing
Price is too high Will buy again.,Pricing
Poor product material Needs improvement.,Product
Poor product material Will buy again.,Product
Fast delivery service Not satisfied.,Delivery
Issue resolved professionally Average overall.,Service
The product is overpriced Highly recommended.,Pricing
Customer care was disappointing Average overall.,Service
Delivery was very late Average overall.,Delivery
Poor response from support Highly recommended.,Service
Shipment tracking was inaccurate Excellent experience.,Delivery
Great value for money Highly recommended.,Pricing
The item stopped working after two days Needs improvement.,Product
The product is overpriced Average overall.,Pricing
The product is overpriced Highly recommended.,Pricing
Pricing could be better Not satisfied.,Pricing
Package arrived on time Excellent experience.,Delivery
Affordable pricing and good value Average overall.,Pricing
Excellent service experience Highly recommended.,Service
Customer care was disappointing Not satisfied.,Service
Delivery was very late Excellent experience.,Delivery
Amazing design and quality Needs improvement.,Product
The product quality is excellent Highly recommended.,Product
Package arrived on time Average overall.,Delivery
Affordable pricing and good value Not satisfied.,Pricing
The product packaging was damaged,Product
Pricing could be better Needs improvement.,Pricing
Customer service was very helpful,Service
Price is too high Needs improvement.,Pricing
The representative was polite Not satisfied.,Service
Shipment tracking was inaccurate,Delivery
Very durable and useful product Average overall.,Product
The product is overpriced Will buy again.,Pricing
The product quality is excellent,Product
Poor response from support Average overall.,Service
Discount offers are attractive,Pricing
The product is overpriced Not satisfied.,Pricing
Customer care was disappointing Highly recommended.,Service
Discount offers are attractive Needs improvement.,Pricing
The package arrived damaged,Delivery
Delivery experience was smooth Excellent experience.,Delivery
Quick and reliable delivery Average overall.,Delivery
The product packaging was damaged Not satisfied.,Product
Issue resolved professionally Will buy again.,Service
Very expensive for the quality Not satisfied.,Pricing
The item stopped working after two days Will buy again.,Product
Great value for money Excellent experience.,Pricing
Poor product material Needs improvement.,Product
Very durable and useful product Not satisfied.,Product
The product is overpriced,Pricing
The item stopped working after two days Needs improvement.,Product
Reasonable pricing compared to competitors Average overall.,Pricing
Fantastic performance and reliability Will buy again.,Product
Great value for money Excellent experience.,Pricing
Discount offers are attractive,Pricing
Delivery experience was smooth Average overall.,Delivery
Discount offers are attractive Excellent experience.,Pricing
The product quality is excellent,Product
Reasonable pricing compared to competitors Excellent experience.,Pricing
The product packaging was damaged Will buy again.,Product
Amazing design and quality Highly recommended.,Product
Amazing design and quality Will buy again.,Product
Great value for money Will buy again.,Pricing
The package arrived damaged Excellent experience.,Delivery
The representative was polite Highly recommended.,Service
Quick and reliable delivery Will buy again.,Delivery
Poor product material,Product
Delivery was very late,Delivery
The courier delayed the order Needs improvement.,Delivery
Price is too high Highly recommended.,Pricing
The courier delayed the order,Delivery
Affordable pricing and good value Needs improvement.,Pricing
Package arrived on time Needs improvement.,Delivery
Very expensive for the quality Not satisfied.,Pricing
Reasonable pricing compared to competitors Excellent experience.,Pricing
Excellent service experience Highly recommended.,Service
The product packaging was damaged Highly recommended.,Product
The product is overpriced Not satisfied.,Pricing
The package arrived damaged Excellent experience.,Delivery
Excellent service experience,Service
Quick and reliable delivery Not satisfied.,Delivery
The product is overpriced Needs improvement.,Pricing
The representative was polite Needs improvement.,Service
Amazing design and quality Not satisfied.,Product
Fast delivery service Average overall.,Delivery
Delivery experience was smooth Highly recommended.,Delivery
Pricing could be better Needs improvement.,Pricing
The product packaging was damaged,Product
Customer care was disappointing Excellent experience.,Service
Issue resolved professionally Not satisfied.,Service
Amazing design and quality Highly recommended.,Product
Customer care was disappointing Highly recommended.,Service
The product is overpriced Not satisfied.,Pricing
The product quality is excellent Average overall.,Product
Support team was unresponsive Needs improvement.,Service
Amazing design and quality,Product
Fantastic performance and reliability Excellent experience.,Product
The product exceeded expectations,Product
Customer service was very helpful Will buy again.,Service
Delivery experience was smooth Needs improvement.,Delivery
Poor product material,Product
Package arrived on time,Delivery
Quick and reliable delivery Highly recommended.,Delivery
The product packaging was damaged Average overall.,Product
Support team was unresponsive,Service
The product exceeded expectations Excellent experience.,Product
Support team resolved my issue quickly Not satisfied.,Service
Affordable pricing and good value Needs improvement.,Pricing
Affordable pricing and good value Not satisfied.,Pricing
Customer service was very helpful Highly recommended.,Service
Pricing could be better Not satisfied.,Pricing
Shipment tracking was inaccurate,Delivery
Discount offers are attractive Needs improvement.,Pricing
Delivery experience was smooth Average overall.,Delivery
The product exceeded expectations Will buy again.,Product
Shipment tracking was inaccurate Will buy again.,Delivery
The product quality is excellent Not satisfied.,Product
Price is too high Will buy again.,Pricing
Fast delivery service Excellent experience.,Delivery
Price is too high,Pricing
Discount offers are attractive Excellent experience.,Pricing
Fast delivery service Average overall.,Delivery
Delivery was very late Will buy again.,Delivery
Amazing design and quality Average overall.,Product
Great value for money Highly recommended.,Pricing
Amazing design and quality,Product
Delivery experience was smooth Average overall.,Delivery
The product is overpriced,Pricing
Customer service was very helpful Excellent experience.,Service
Reasonable pricing compared to competitors Needs improvement.,Pricing
The product exceeded expectations Highly recommended.,Product
Package arrived on time Excellent experience.,Delivery
Fantastic performance and reliability Excellent experience.,Product
Pricing could be better Excellent experience.,Pricing
The product exceeded expectations,Product
The product packaging was damaged Average overall.,Product
Delivery experience was smooth Needs improvement.,Delivery
The product quality is excellent Needs improvement.,Product
Great value for money Not satisfied.,Pricing
Shipment tracking was inaccurate Highly recommended.,Delivery
Fast delivery service,Delivery
The courier delayed the order Average overall.,Delivery
Package arrived on time,Delivery
The product is overpriced,Pricing
The product packaging was damaged,Product
Excellent service experience Needs improvement.,Service
Price is too high Excellent experience.,Pricing
Poor product material Average overall.,Product
Support team was unresponsive,Service
Support team resolved my issue quickly Highly recommended.,Service
Quick and reliable delivery Excellent experience.,Delivery
Issue resolved professionally Average overall.,Service
Poor product material Average overall.,Product
Affordable pricing and good value,Pricing
Excellent service experience Will buy again.,Service
The package arrived damaged Not satisfied.,Delivery
Reasonable pricing compared to competitors Highly recommended.,Pricing
Pricing could be better Needs improvement.,Pricing
The courier delayed the order Needs improvement.,Delivery
Great value for money,Pricing
Support team was unresponsive Will buy again.,Service
Pricing could be better Not satisfied.,Pricing
Support team was unresponsive Excellent experience.,Service
Very expensive for the quality Needs improvement.,Pricing
Pricing could be better Will buy again.,Pricing
Poor product material Excellent experience.,Product
Shipment tracking was inaccurate Average overall.,Delivery
The product exceeded expectations Will buy again.,Product
The product is overpriced Needs improvement.,Pricing
Amazing design and quality Needs improvement.,Product
Amazing design and quality,Product
Amazing design and quality Not satisfied.,Product
Shipment tracking was inaccurate,Delivery
Delivery was very late Excellent experience.,Delivery
The product quality is excellent,Product
The product quality is excellent Not satisfied.,Product
Delivery was very late Average overall.,Delivery
Issue resolved professionally,Service
Delivery experience was smooth Average overall.,Delivery
The package arrived damaged Excellent experience.,Delivery
Issue resolved professionally Highly recommended.,Service
The product packaging was damaged Highly recommended.,Product
The courier delayed the order Will buy again.,Delivery
Support team was unresponsive Needs improvement.,Service
Reasonable pricing compared to competitors Excellent experience.,Pricing
Customer service was very helpful Highly recommended.,Service
Support team was unresponsive Excellent experience.,Service
Affordable pricing and good value Highly recommended.,Pricing
Package arrived on time Needs improvement.,Delivery
Reasonable pricing compared to competitors Average overall.,Pricing
Price is too high Will buy again.,Pricing
Very durable and useful product Average overall.,Product
The product packaging was damaged Will buy again.,Product
Poor response from support Needs improvement.,Service
Pricing could be better,Pricing
Customer service was very helpful,Service
Affordable pricing and good value Excellent experience.,Pricing
Fast delivery service Average overall.,Delivery
Affordable pricing and good value Highly recommended.,Pricing
Price is too high Will buy again.,Pricing
Very durable and useful product Needs improvement.,Product
Poor response from support Not satisfied.,Service
Reasonable pricing compared to competitors,Pricing
Delivery was very late Excellent experience.,Delivery
The package arrived damaged Will buy again.,Delivery
Pricing could be better Will buy again.,Pricing
Excellent service experience Average overall.,Service
The courier delayed the order Excellent experience.,Delivery
Poor product material,Product
Poor response from support Will buy again.,Service
Price is too high Not satisfied.,Pricing
The product quality is excellent Needs improvement.,Product
Delivery experience was smooth Not satisfied.,Delivery
The representative was polite Not satisfied.,Service
The courier delayed the order Highly recommended.,Delivery
Fast delivery service Will buy again.,Delivery
Very durable and useful product Not satisfied.,Product
Pricing could be better,Pricing
The product is overpriced,Pricing
Amazing design and quality Average overall.,Product
Price is too high Highly recommended.,Pricing
The product quality is excellent Average overall.,Product
The product packaging was damaged Excellent experience.,Product
Amazing design and quality Needs improvement.,Product
Poor product material Average overall.,Product
The package arrived damaged Highly recommended.,Delivery
Very expensive for the quality Highly recommended.,Pricing
Delivery experience was smooth Needs improvement.,Delivery
Fast delivery service Needs improvement.,Delivery
Delivery was very late Average overall.,Delivery
The representative was polite Needs improvement.,Service
Excellent service experience Excellent experience.,Service
The representative was polite Average overall.,Service
Support team was unresponsive Excellent experience.,Service
Reasonable pricing compared to competitors Not satisfied.,Pricing
Amazing design and quality,Product
Poor response from support,Service
The item stopped working after two days Will buy again.,Product
Price is too high Needs improvement.,Pricing
The item stopped working after two days Excellent experience.,Product
Pricing could be better Average overall.,Pricing
Customer care was disappointing,Service
Excellent service experience Not satisfied.,Service
The product is overpriced Needs improvement.,Pricing
The courier delayed the order,Delivery
Affordable pricing and good value Needs improvement.,Pricing
Very durable and useful product Average overall.,Product
Amazing design and quality Needs improvement.,Product
The product packaging was damaged Excellent experience.,Product
The product exceeded expectations Will buy again.,Product
Delivery experience was smooth Average overall.,Delivery
Poor response from support Highly recommended.,Service
Delivery experience was smooth Will buy again.,Delivery
The package arrived damaged Average overall.,Delivery
Quick and reliable delivery Not satisfied.,Delivery
Issue resolved professionally Will buy again.,Service
Customer care was disappointing Excellent experience.,Service
Delivery experience was smooth Average overall.,Delivery
Customer care was disappointing Average overall.,Service
Customer service was very helpful Highly recommended.,Service
The product packaging was damaged Will buy again.,Product
The item stopped working after two days Average overall.,Product
Excellent service experience,Service
The representative was polite Excellent experience.,Service
The product packaging was damaged,Product
Very expensive for the quality Not satisfied.,Pricing
Support team was unresponsive Will buy again.,Service
Poor response from support Will buy again.,Service
Very expensive for the quality Average overall.,Pricing
The product packaging was damaged Will buy again.,Product
Very durable and useful product Average overall.,Product
Customer service was very helpful,Service
Very expensive for the quality,Pricing
Support team resolved my issue quickly Average overall.,Service
Support team resolved my issue quickly Not satisfied.,Service
Customer service was very helpful,Service
Quick and reliable delivery Needs improvement.,Delivery
The courier delayed the order Excellent experience.,Delivery
Support team was unresponsive Highly recommended.,Service
Reasonable pricing compared to competitors Highly recommended.,Pricing
The product packaging was damaged Average overall.,Product
The item stopped working after two days Not satisfied.,Product
Quick and reliable delivery Highly recommended.,Delivery
Shipment tracking was inaccurate Needs improvement.,Delivery
Poor product material Average overall.,Product
Very expensive for the quality Highly recommended.,Pricing
The product is overpriced Excellent experience.,Pricing
Amazing design and quality Average overall.,Product
Price is too high Will buy again.,Pricing
Great value for money Not satisfied.,Pricing
Excellent service experience Highly recommended.,Service
The courier delayed the order Average overall.,Delivery
Issue resolved professionally Not satisfied.,Service
Great value for money Not satisfied.,Pricing
Discount offers are attractive Not satisfied.,Pricing
Issue resolved professionally Average overall.,Service
Pricing could be better Will buy again.,Pricing
Great value for money Highly recommended.,Pricing
Delivery was very late Highly recommended.,Delivery
Very expensive for the quality Excellent experience.,Pricing
The representative was polite Will buy again.,Service
Support team resolved my issue quickly Average overall.,Service
The package arrived damaged Highly recommended.,Delivery
Fantastic performance and reliability Excellent experience.,Product
Customer care was disappointing Average overall.,Service
The item stopped working after two days Not satisfied.,Product
Support team resolved my issue quickly Will buy again.,Service
Affordable pricing and good value Needs improvement.,Pricing
Customer care was disappointing Will buy again.,Service
Support team was unresponsive Highly recommended.,Service
Shipment tracking was inaccurate Will buy again.,Delivery
Amazing design and quality Highly recommended.,Product
Discount offers are attractive Will buy again.,Pricing
Pricing could be better Highly recommended.,Pricing
Delivery experience was smooth Needs improvement.,Delivery
Very durable and useful product Needs improvement.,Product
Issue resolved professionally,Service
Issue resolved professionally Average overall.,Service
Customer service was very helpful Not satisfied.,Service
Issue resolved professionally,Service
Customer care was disappointing Highly recommended.,Service
The product is overpriced Excellent experience.,Pricing
The product exceeded expectations Excellent experience.,Product
The product packaging was damaged Not satisfied.,Product
The product is overpriced Will buy again.,Pricing
Support team resolved my issue quickly Will buy again.,Service
The product quality is excellent,Product
The product exceeded expectations Average overall.,Product
Fantastic performance and reliability Will buy again.,Product
The product exceeded expectations Highly recommended.,Product
Price is too high Average overall.,Pricing
Poor product material Will buy again.,Product
Customer service was very helpful Will buy again.,Service
Discount offers are attractive,Pricing
Fantastic performance and reliability Needs improvement.,Product
Customer care was disappointing Needs improvement.,Service
Fast delivery service Excellent experience.,Delivery
The product packaging was damaged Needs improvement.,Product
Fantastic performance and reliability,Product
Affordable pricing and good value Highly recommended.,Pricing
Issue resolved professionally Average overall.,Service
The product packaging was damaged Will buy again.,Product
Package arrived on time Not satisfied.,Delivery
Fantastic performance and reliability Not satisfied.,Product
Affordable pricing and good value Excellent experience.,Pricing
Poor product material Excellent experience.,Product
Poor product material Highly recommended.,Product
Very durable and useful product,Product
The product exceeded expectations Excellent experience.,Product
Very expensive for the quality Excellent experience.,Pricing
Delivery experience was smooth Highly recommended.,Delivery
Fantastic performance and reliability Will buy again.,Product
The product quality is excellent Excellent experience.,Product
The product quality is excellent Average overall.,Product
Amazing design and quality Excellent experience.,Product
Affordable pricing and good value Needs improvement.,Pricing
The product is overpriced Excellent experience.,Pricing
Package arrived on time,Delivery
Poor response from support Needs improvement.,Service
Shipment tracking was inaccurate Not satisfied.,Delivery
Excellent service experience Average overall.,Service
Poor product material Will buy again.,Product
Poor product material Average overall.,Product
Delivery was very late,Delivery
The package arrived damaged Excellent experience.,Delivery
Delivery experience was smooth,Delivery
The package arrived damaged Needs improvement.,Delivery
The representative was polite Needs improvement.,Service
The item stopped working after two days,Product
Shipment tracking was inaccurate Not satisfied.,Delivery
Support team resolved my issue quickly Average overall.,Service
Great value for money Will buy again.,Pricing
Shipment tracking was inaccurate Not satisfied.,Delivery
Amazing design and quality Excellent experience.,Product
Poor product material Average overall.,Product
Customer service was very helpful Needs improvement.,Service
Reasonable pricing compared to competitors Excellent experience.,Pricing
Discount offers are attractive Will buy again.,Pricing
Fantastic performance and reliability Highly recommended.,Product
Poor product material Will buy again.,Product
Customer care was disappointing Average overall.,Service
The product is overpriced Excellent experience.,Pricing
The product quality is excellent Will buy again.,Product
Support team was unresponsive Excellent experience.,Service
Excellent service experience Not satisfied.,Service
Very expensive for the quality Highly recommended.,Pricing
Very durable and useful product Average overall.,Product
The courier delayed the order Will buy again.,Delivery
Poor response from support Excellent experience.,Service
Affordable pricing and good value Excellent experience.,Pricing
Great value for money Average overall.,Pricing
Delivery experience was smooth Highly recommended.,Delivery
Quick and reliable delivery Average overall.,Delivery
Delivery was very late Highly recommended.,Delivery
Fast delivery service Average overall.,Delivery
The product is overpriced Highly recommended.,Pricing
The item stopped working after two days,Product
Amazing design and quality Not satisfied.,Product
The product is overpriced Highly recommended.,Pricing
Delivery experience was smooth,Delivery
Customer care was disappointing Needs improvement.,Service
Affordable pricing and good value Needs improvement.,Pricing
Great value for money Highly recommended.,Pricing
The product is overpriced Excellent experience.,Pricing
Fast delivery service Will buy again.,Delivery
Affordable pricing and good value Will buy again.,Pricing
The item stopped working after two days Excellent experience.,Product
Package arrived on time Needs improvement.,Delivery
Great value for money Not satisfied.,Pricing
Excellent service experience Highly recommended.,Service
Customer service was very helpful Highly recommended.,Service
The package arrived damaged Average overall.,Delivery
Delivery experience was smooth Needs improvement.,Delivery
Support team resolved my issue quickly,Service
Reasonable pricing compared to competitors,Pricing
Very durable and useful product Highly recommended.,Product
Price is too high Will buy again.,Pricing
Discount offers are attractive Will buy again.,Pricing
Customer service was very helpful Not satisfied.,Service
Great value for money Will buy again.,Pricing
Discount offers are attractive Excellent experience.,Pricing
Pricing could be better,Pricing
Customer care was disappointing Needs improvement.,Service
Pricing could be better Highly recommended.,Pricing
Package arrived on time Average overall.,Delivery
Fast delivery service Will buy again.,Delivery
Delivery experience was smooth Not satisfied.,Delivery
Excellent service experience Excellent experience.,Service
Discount offers are attractive Excellent experience.,Pricing
Price is too high Needs improvement.,Pricing
The product exceeded expectations Excellent experience.,Product
Affordable pricing and good value Highly recommended.,Pricing
Fantastic performance and reliability Excellent experience.,Product
The product exceeded expectations Excellent experience.,Product
Very expensive for the quality,Pricing
Poor response from support Highly recommended.,Service
Reasonable pricing compared to competitors Highly recommended.,Pricing
Very expensive for the quality Excellent experience.,Pricing
Package arrived on time,Delivery
The product exceeded expectations Will buy again.,Product
Fast delivery service Excellent experience.,Delivery
Very durable and useful product Will buy again.,Product
Package arrived on time Will buy again.,Delivery
Poor response from support,Service
Price is too high Excellent experience.,Pricing
Quick and reliable delivery Highly recommended.,Delivery
Issue resolved professionally Will buy again.,Service
The package arrived damaged,Delivery
The product quality is excellent Will buy again.,Product
The item stopped working after two days Will buy again.,Product
Price is too high Average overall.,Pricing
Fantastic performance and reliability Not satisfied.,Product
Very durable and useful product Not satisfied.,Product
The product quality is excellent Will buy again.,Product
Quick and reliable delivery Average overall.,Delivery
The package arrived damaged Highly recommended.,Delivery
Reasonable pricing compared to competitors,Pricing
Excellent service experience Will buy again.,Service
Package arrived on time Not satisfied.,Delivery
Delivery experience was smooth Not satisfied.,Delivery
Affordable pricing and good value Not satisfied.,Pricing
Shipment tracking was inaccurate Will buy again.,Delivery
Support team resolved my issue quickly Not satisfied.,Service
The product packaging was damaged Average overall.,Product
Delivery was very late Excellent experience.,Delivery
The item stopped working after two days Will buy again.,Product
The courier delayed the order Highly recommended.,Delivery
The product is overpriced,Pricing
Affordable pricing and good value Will buy again.,Pricing
Poor response from support Needs improvement.,Service
The product exceeded expectations Not satisfied.,Product
Fast delivery service Will buy again.,Delivery
Package arrived on time Not satisfied.,Delivery
Delivery was very late Will buy again.,Delivery
The item stopped working after two days,Product
Very durable and useful product Excellent experience.,Product
Customer care was disappointing,Service
The representative was polite,Service
The representative was polite Will buy again.,Service
Excellent service experience Will buy again.,Service
The package arrived damaged Needs improvement.,Delivery
Very expensive for the quality Not satisfied.,Pricing
Reasonable pricing compared to competitors Not satisfied.,Pricing
The package arrived damaged Excellent experience.,Delivery
The product quality is excellent Will buy again.,Product
Customer care was disappointing Needs improvement.,Service
The representative was polite Not satisfied.,Service
Pricing could be better Will buy again.,Pricing
Delivery experience was smooth Average overall.,Delivery
The product is overpriced Needs improvement.,Pricing
The product is overpriced Needs improvement.,Pricing
Customer care was disappointing Needs improvement.,Service
Discount offers are attractive Average overall.,Pricing
Delivery was very late Will buy again.,Delivery
Great value for money Excellent experience.,Pricing
Very expensive for the quality Not satisfied.,Pricing
The product exceeded expectations Average overall.,Product
Great value for money Not satisfied.,Pricing
The item stopped working after two days Needs improvement.,Product
Delivery was very late Highly recommended.,Delivery
The representative was polite Not satisfied.,Service
Delivery experience was smooth Average overall.,Delivery
The product packaging was damaged Not satisfied.,Product
Customer service was very helpful,Service
Delivery was very late Average overall.,Delivery
Amazing design and quality Needs improvement.,Product
Reasonable pricing compared to competitors Excellent experience.,Pricing
The package arrived damaged,Delivery
Customer service was very helpful,Service
Support team resolved my issue quickly,Service
The package arrived damaged Will buy again.,Delivery
Amazing design and quality,Product
Customer service was very helpful Average overall.,Service
Price is too high Will buy again.,Pricing
Customer service was very helpful Excellent experience.,Service
Pricing could be better Average overall.,Pricing
Fast delivery service,Delivery
Support team resolved my issue quickly Needs improvement.,Service
Package arrived on time Will buy again.,Delivery
Price is too high Needs improvement.,Pricing
Discount offers are attractive,Pricing
Very durable and useful product Will buy again.,Product
Discount offers are attractive Needs improvement.,Pricing
Discount offers are attractive,Pricing
Excellent service experience Highly recommended.,Service
Affordable pricing and good value Highly recommended.,Pricing
Poor response from support Highly recommended.,Service
Customer service was very helpful Needs improvement.,Service
Price is too high Average overall.,Pricing
The package arrived damaged Needs improvement.,Delivery
Poor response from support Average overall.,Service
Affordable pricing and good value Will buy again.,Pricing
Shipment tracking was inaccurate Highly recommended.,Delivery
Reasonable pricing compared to competitors Excellent experience.,Pricing
Excellent service experience Will buy again.,Service
Poor response from support,Service
Fantastic performance and reliability Highly recommended.,Product
Poor response from support Will buy again.,Service
Discount offers are attractive Will buy again.,Pricing
Reasonable pricing compared to competitors Highly recommended.,Pricing
The package arrived damaged,Delivery
Poor response from support Needs improvement.,Service
The product is overpriced Highly recommended.,Pricing
Support team resolved my issue quickly Average overall.,Service
Support team was unresponsive Average overall.,Service
The item stopped working after two days Not satisfied.,Product
Support team was unresponsive,Service
Package arrived on time Needs improvement.,Delivery
Issue resolved professionally Will buy again.,Service
Poor product material Will buy again.,Product
Support team resolved my issue quickly,Service
Affordable pricing and good value Excellent experience.,Pricing
The courier delayed the order Average overall.,Delivery
Discount offers are attractive,Pricing
Customer service was very helpful Average overall.,Service
Amazing design and quality Will buy again.,Product
Discount offers are attractive Excellent experience.,Pricing
The courier delayed the order Highly recommended.,Delivery
Package arrived on time Needs improvement.,Delivery
The product quality is excellent,Product
Pricing could be better Highly recommended.,Pricing
Fantastic performance and reliability,Product
Delivery experience was smooth,Delivery
Delivery experience was smooth Average overall.,Delivery
Affordable pricing and good value Will buy again.,Pricing
Great value for money Will buy again.,Pricing
Pricing could be better,Pricing
The product exceeded expectations Excellent experience.,Product
The product quality is excellent,Product
Very expensive for the quality,Pricing
Package arrived on time Not satisfied.,Delivery
Customer care was disappointing Highly recommended.,Service
Customer care was disappointing Excellent experience.,Service
The product is overpriced,Pricing
Discount offers are attractive Will buy again.,Pricing
Fantastic performance and reliability Average overall.,Product
Price is too high Needs improvement.,Pricing
Reasonable pricing compared to competitors Not satisfied.,Pricing
Amazing design and quality Average overall.,Product
The product exceeded expectations Will buy again.,Product
The courier delayed the order Highly recommended.,Delivery
Quick and reliable delivery Average overall.,Delivery
The package arrived damaged Will buy again.,Delivery
Price is too high Needs improvement.,Pricing
Pricing could be better Not satisfied.,Pricing
The package arrived damaged Average overall.,Delivery
Delivery was very late Needs improvement.,Delivery
Delivery experience was smooth Highly recommended.,Delivery
Very expensive for the quality Will buy again.,Pricing
Fast delivery service Will buy again.,Delivery
Package arrived on time Highly recommended.,Delivery
Great value for money Needs improvement.,Pricing
Excellent service experience Not satisfied.,Service
Fast delivery service Excellent experience.,Delivery
Shipment tracking was inaccurate Average overall.,Delivery
Delivery was very late Needs improvement.,Delivery
The product packaging was damaged,Product
Shipment tracking was inaccurate Not satisfied.,Delivery
Quick and reliable delivery Will buy again.,Delivery
Shipment tracking was inaccurate Highly recommended.,Delivery
Excellent service experience Not satisfied.,Service
Pricing could be better Needs improvement.,Pricing
Reasonable pricing compared to competitors Needs improvement.,Pricing
Discount offers are attractive Not satisfied.,Pricing
Price is too high Highly recommended.,Pricing
Very durable and useful product Excellent experience.,Product
Poor response from support Will buy again.,Service
Package arrived on time Excellent experience.,Delivery
Shipment tracking was inaccurate Needs improvement.,Delivery
Price is too high Will buy again.,Pricing
The product exceeded expectations,Product
The representative was polite Needs improvement.,Service
The package arrived damaged Needs improvement.,Delivery
The item stopped working after two days,Product
The product exceeded expectations Highly recommended.,Product
The product is overpriced Highly recommended.,Pricing
The product packaging was damaged Excellent experience.,Product
Support team was unresponsive Excellent experience.,Service
Customer service was very helpful Needs improvement.,Service
Customer care was disappointing Excellent experience.,Service
Discount offers are attractive Will buy again.,Pricing
Delivery experience was smooth,Delivery
The item stopped working after two days,Product
Customer service was very helpful Will buy again.,Service
Issue resolved professionally,Service
The item stopped working after two days Average overall.,Product
Quick and reliable delivery Will buy again.,Delivery
Customer care was disappointing Will buy again.,Service
Poor product material Excellent experience.,Product
Delivery was very late,Delivery
Fast delivery service Average overall.,Delivery
Poor product material Excellent experience.,Product
The product packaging was damaged Average overall.,Product
Poor response from support Average overall.,Service
Customer service was very helpful Not satisfied.,Service
Pricing could be better Not satisfied.,Pricing
Price is too high Highly recommended.,Pricing
The package arrived damaged Will buy again.,Delivery
Affordable pricing and good value Will buy again.,Pricing
The product exceeded expectations Will buy again.,Product
Package arrived on time Needs improvement.,Delivery
Fast delivery service Will buy again.,Delivery
Fantastic performance and reliability Will buy again.,Product
Very durable and useful product Needs improvement.,Product
Very expensive for the quality Needs improvement.,Pricing
Fast delivery service,Delivery
Affordable pricing and good value Average overall.,Pricing
The product exceeded expectations,Product
Support team resolved my issue quickly Will buy again.,Service
Delivery was very late Excellent experience.,Delivery
Reasonable pricing compared to competitors Will buy again.,Pricing
Excellent service experience Highly recommended.,Service
The product exceeded expectations Average overall.,Product
Delivery experience was smooth Not satisfied.,Delivery
Poor product material,Product
Customer service was very helpful,Service
Very durable and useful product Average overall.,Product
The item stopped working after two days Highly recommended.,Product
Very durable and useful product Average overall.,Product
Delivery was very late Highly recommended.,Delivery
Fantastic performance and reliability Average overall.,Product
The package arrived damaged Not satisfied.,Delivery
Poor response from support Needs improvement.,Service
Very durable and useful product Highly recommended.,Product
The representative was polite Needs improvement.,Service
Pricing could be better Will buy again.,Pricing
Support team was unresponsive Will buy again.,Service
Support team was unresponsive Highly recommended.,Service
The courier delayed the order Excellent experience.,Delivery
Fast delivery service,Delivery
The product packaging was damaged Highly recommended.,Product
The product is overpriced Not satisfied.,Pricing
Issue resolved professionally Will buy again.,Service
Excellent service experience Not satisfied.,Service
Customer service was very helpful Needs improvement.,Service
The representative was polite Will buy again.,Service
The product exceeded expectations Highly recommended.,Product
The courier delayed the order Excellent experience.,Delivery
Support team was unresponsive Needs improvement.,Service
The courier delayed the order Not satisfied.,Delivery
Delivery was very late Average overall.,Delivery
Delivery was very late Highly recommended.,Delivery
Poor product material Average overall.,Product
Delivery experience was smooth Average overall.,Delivery
Great value for money Not satisfied.,Pricing
Quick and reliable delivery Not satisfied.,Delivery
Reasonable pricing compared to competitors Excellent experience.,Pricing
Price is too high Highly recommended.,Pricing
The product quality is excellent Highly recommended.,Product
Issue resolved professionally Average overall.,Service
The package arrived damaged Needs improvement.,Delivery
The product exceeded expectations Highly recommended.,Product
Customer service was very helpful Needs improvement.,Service
Poor response from support Needs improvement.,Service
Pricing could be better Will buy again.,Pricing
The product exceeded expectations Excellent experience.,Product
Very durable and useful product Will buy again.,Product
Great value for money Not satisfied.,Pricing
The product is overpriced Excellent experience.,Pricing
Package arrived on time Excellent experience.,Delivery
Quick and reliable delivery Average overall.,Delivery
Discount offers are attractive Needs improvement.,Pricing
Support team was unresponsive Average overall.,Service
Pricing could be better Needs improvement.,Pricing
The product packaging was damaged Needs improvement.,Product
The product is overpriced Not satisfied.,Pricing
Quick and reliable delivery,Delivery
Price is too high,Pricing
The product is overpriced Highly recommended.,Pricing
Poor product material Will buy again.,Product
Fast delivery service Not satisfied.,Delivery
The package arrived damaged Not satisfied.,Delivery
Very expensive for the quality Highly recommended.,Pricing
Shipment tracking was inaccurate,Delivery
Discount offers are attractive Excellent experience.,Pricing
Customer service was very helpful Highly recommended.,Service
The product is overpriced Average overall.,Pricing
The item stopped working after two days Will buy again.,Product
Price is too high Excellent experience.,Pricing
Great value for money Will buy again.,Pricing
The product is overpriced Excellent experience.,Pricing
The representative was polite,Service
Fast delivery service Needs improvement.,Delivery
Customer care was disappointing Not satisfied.,Service
Great value for money Needs improvement.,Pricing
Shipment tracking was inaccurate Highly recommended.,Delivery
Package arrived on time Average overall.,Delivery
Affordable pricing and good value Average overall.,Pricing
Poor response from support Will buy again.,Service
Reasonable pricing compared to competitors Needs improvement.,Pricing
Excellent service experience,Service
Amazing design and quality,Product
The courier delayed the order Needs improvement.,Delivery
The representative was polite Needs improvement.,Service
The product quality is excellent,Product
Fast delivery service,Delivery
The item stopped working after two days Not satisfied.,Product
Quick and reliable delivery Highly recommended.,Delivery
The package arrived damaged Highly recommended.,Delivery
Great value for money,Pricing
Customer care was disappointing Not satisfied.,Service
Support team resolved my issue quickly,Service
The courier delayed the order Needs improvement.,Delivery
The product is overpriced Highly recommended.,Pricing
Excellent service experience Needs improvement.,Service
The representative was polite,Service
Excellent service experience Average overall.,Service
Delivery experience was smooth Average overall.,Delivery
Delivery was very late Excellent experience.,Delivery
Reasonable pricing compared to competitors Not satisfied.,Pricing
The courier delayed the order Not satisfied.,Delivery
Poor product material Needs improvement.,Product
Delivery experience was smooth Highly recommended.,Delivery
The package arrived damaged Average overall.,Delivery
Customer service was very helpful Highly recommended.,Service
Price is too high,Pricing
Affordable pricing and good value Average overall.,Pricing
Package arrived on time Highly recommended.,Delivery
Quick and reliable delivery Highly recommended.,Delivery
The item stopped working after two days Needs improvement.,Product
The product exceeded expectations Will buy again.,Product
Fantastic performance and reliability Will buy again.,Product
Poor response from support Will buy again.,Service
The product exceeded expectations Will buy again.,Product
Fantastic performance and reliability Will buy again.,Product
Amazing design and quality Will buy again.,Product
Great value for money Excellent experience.,Pricing
Very durable and useful product Will buy again.,Product
Support team was unresponsive Not satisfied.,Service
Package arrived on time Will buy again.,Delivery
The representative was polite Needs improvement.,Service
Very expensive for the quality Highly recommended.,Pricing
Package arrived on time Needs improvement.,Delivery
Poor product material Not satisfied.,Product
Support team resolved my issue quickly Will buy again.,Service
The product packaging was damaged Will buy again.,Product
Very durable and useful product Highly recommended.,Product
Amazing design and quality Excellent experience.,Product
Reasonable pricing compared to competitors Excellent experience.,Pricing
Affordable pricing and good value Not satisfied.,Pricing
The item stopped working after two days Excellent experience.,Product
Delivery experience was smooth Excellent experience.,Delivery
The representative was polite Will buy again.,Service
Support team resolved my issue quickly Not satisfied.,Service
Pricing could be better Needs improvement.,Pricing
The product packaging was damaged,Product
The representative was polite Not satisfied.,Service
Fast delivery service,Delivery
The representative was polite Average overall.,Service
The product packaging was damaged Highly recommended.,Product
Package arrived on time Highly recommended.,Delivery
Pricing could be better Needs improvement.,Pricing
Customer service was very helpful Highly recommended.,Service
Delivery experience was smooth Not satisfied.,Delivery
The courier delayed the order Needs improvement.,Delivery
Delivery experience was smooth Needs improvement.,Delivery
Price is too high Excellent experience.,Pricing
Great value for money Not satisfied.,Pricing
Excellent service experience Highly recommended.,Service
Pricing could be better Excellent experience.,Pricing
Shipment tracking was inaccurate Average overall.,Delivery
Package arrived on time,Delivery
Affordable pricing and good value Average overall.,Pricing
Support team resolved my issue quickly Needs improvement.,Service
Very expensive for the quality Will buy again.,Pricing
Poor response from support Highly recommended.,Service
Issue resolved professionally Will buy again.,Service
Support team was unresponsive Highly recommended.,Service
The courier delayed the order Needs improvement.,Delivery
Very expensive for the quality Excellent experience.,Pricing
The representative was polite Needs improvement.,Service
Great value for money Average overall.,Pricing
Poor response from support,Service
Reasonable pricing compared to competitors Will buy again.,Pricing
Fantastic performance and reliability,Product
Price is too high Will buy again.,Pricing
Issue resolved professionally Excellent experience.,Service
Fast delivery service Excellent experience.,Delivery
Fantastic performance and reliability Will buy again.,Product
The product packaging was damaged Highly recommended.,Product
Fantastic performance and reliability Will buy again.,Product
Excellent service experience Average overall.,Service
The package arrived damaged Average overall.,Delivery
Poor product material Excellent experience.,Product
The representative was polite Not satisfied.,Service
Price is too high Excellent experience.,Pricing
Poor response from support Highly recommended.,Service
Price is too high Will buy again.,Pricing
The item stopped working after two days,Product
Very durable and useful product Average overall.,Product
Quick and reliable delivery Not satisfied.,Delivery
Fast delivery service Excellent experience.,Delivery
Fantastic performance and reliability Not satisfied.,Product
Price is too high Not satisfied.,Pricing
Fast delivery service Not satisfied.,Delivery
Delivery was very late Not satisfied.,Delivery
Fast delivery service Will buy again.,Delivery
Customer service was very helpful Average overall.,Service
Package arrived on time Average overall.,Delivery
Fantastic performance and reliability Excellent experience.,Product
Delivery experience was smooth Needs improvement.,Delivery
Very durable and useful product Not satisfied.,Product
Reasonable pricing compared to competitors Not satisfied.,Pricing
Delivery experience was smooth Average overall.,Delivery
Fast delivery service Not satisfied.,Delivery
Affordable pricing and good value Needs improvement.,Pricing
Great value for money Needs improvement.,Pricing
Support team was unresponsive Will buy again.,Service
Delivery was very late Not satisfied.,Delivery
Quick and reliable delivery Needs improvement.,Delivery
Support team was unresponsive Needs improvement.,Service
Issue resolved professionally Highly recommended.,Service
The item stopped working after two days Average overall.,Product
Pricing could be better Average overall.,Pricing
Poor response from support Not satisfied.,Service
Amazing design and quality Not satisfied.,Product
Amazing design and quality Needs improvement.,Product
Pricing could be better Not satisfied.,Pricing
Support team resolved my issue quickly Not satisfied.,Service
Support team was unresponsive,Service
Support team resolved my issue quickly Highly recommended.,Service
Customer care was disappointing Average overall.,Service
The package arrived damaged Needs improvement.,Delivery
Quick and reliable delivery Not satisfied.,Delivery
Very expensive for the quality Highly recommended.,Pricing
Fast delivery service Highly recommended.,Delivery
Amazing design and quality Average overall.,Product
The item stopped working after two days Highly recommended.,Product
Excellent service experience Highly recommended.,Service
Excellent service experience Excellent experience.,Service
Amazing design and quality Highly recommended.,Product
Price is too high Average overall.,Pricing
Very durable and useful product Needs improvement.,Product
Fantastic performance and reliability,Product
Discount offers are attractive Highly recommended.,Pricing
The product is overpriced Will buy again.,Pricing
Poor response from support Average overall.,Service
Customer care was disappointing Needs improvement.,Service
The package arrived damaged Highly recommended.,Delivery
The representative was polite Will buy again.,Service
Delivery experience was smooth,Delivery
Customer service was very helpful Needs improvement.,Service
Support team resolved my issue quickly Will buy again.,Service
Very durable and useful product Excellent experience.,Product
Amazing design and quality Needs improvement.,Product
The courier delayed the order Average overall.,Delivery
The product packaging was damaged Excellent experience.,Product
The courier delayed the order Needs improvement.,Delivery
Very expensive for the quality Average overall.,Pricing
Fantastic performance and reliability,Product
Pricing could be better Will buy again.,Pricing
The product exceeded expectations Will buy again.,Product
Package arrived on time,Delivery
Issue resolved professionally Average overall.,Service
Poor response from support Average overall.,Service
The package arrived damaged Average overall.,Delivery
The product is overpriced Excellent experience.,Pricing
Fast delivery service Highly recommended.,Delivery
Poor product material Not satisfied.,Product
Support team resolved my issue quickly Average overall.,Service
Affordable pricing and good value Will buy again.,Pricing
Great value for money Average overall.,Pricing
Very durable and useful product Average overall.,Product
Support team resolved my issue quickly,Service
The item stopped working after two days Needs improvement.,Product
The package arrived damaged Needs improvement.,Delivery
Fantastic performance and reliability Not satisfied.,Product
Excellent service experience Needs improvement.,Service
Delivery was very late Highly recommended.,Delivery
Excellent service experience Not satisfied.,Service
Customer care was disappointing Average overall.,Service
Very expensive for the quality Needs improvement.,Pricing
Delivery experience was smooth Will buy again.,Delivery
The product exceeded expectations Needs improvement.,Product
Reasonable pricing compared to competitors Needs improvement.,Pricing
The item stopped working after two days Excellent experience.,Product
Customer care was disappointing,Service
Delivery was very late Average overall.,Delivery
Delivery was very late Needs improvement.,Delivery
Affordable pricing and good value Average overall.,Pricing
Fast delivery service Will buy again.,Delivery
Amazing design and quality Average overall.,Product
The product exceeded expectations Average overall.,Product
Package arrived on time Needs improvement.,Delivery
Fast delivery service Average overall.,Delivery
Affordable pricing and good value Not satisfied.,Pricing
The package arrived damaged Will buy again.,Delivery
The courier delayed the order Will buy again.,Delivery
Package arrived on time Excellent experience.,Delivery
Customer care was disappointing Needs improvement.,Service
The representative was polite Average overall.,Service
Delivery was very late Highly recommended.,Delivery
Excellent service experience Will buy again.,Service
The product quality is excellent Excellent experience.,Product
Customer care was disappointing Not satisfied.,Service
Amazing design and quality Average overall.,Product
Shipment tracking was inaccurate Excellent experience.,Delivery
Very durable and useful product Excellent experience.,Product
The product exceeded expectations Excellent experience.,Product
Very expensive for the quality,Pricing
Support team was unresponsive,Service
Poor response from support Highly recommended.,Service
Affordable pricing and good value Will buy again.,Pricing
Reasonable pricing compared to competitors Will buy again.,Pricing
Amazing design and quality Will buy again.,Product
The courier delayed the order Not satisfied.,Delivery
Amazing design and quality,Product
The item stopped working after two days Excellent experience.,Product
Support team resolved my issue quickly,Service
Discount offers are attractive Average overall.,Pricing
Shipment tracking was inaccurate,Delivery
Excellent service experience Highly recommended.,Service
The item stopped working after two days Will buy again.,Product
The product exceeded expectations Will buy again.,Product
Amazing design and quality Average overall.,Product
Amazing design and quality Average overall.,Product
Discount offers are attractive Average overall.,Pricing
Quick and reliable delivery Average overall.,Delivery
The package arrived damaged Highly recommended.,Delivery
Affordable pricing and good value,Pricing
Excellent service experience Will buy again.,Service
Package arrived on time Highly recommended.,Delivery
Quick and reliable delivery Needs improvement.,Delivery
The representative was polite Excellent experience.,Service
Affordable pricing and good value Not satisfied.,Pricing
The product quality is excellent Will buy again.,Product
Very expensive for the quality Average overall.,Pricing
Issue resolved professionally Needs improvement.,Service
Pricing could be better Average overall.,Pricing
The representative was polite Will buy again.,Service
Excellent service experience,Service
Fantastic performance and reliability,Product
The product is overpriced,Pricing
Great value for money Will buy again.,Pricing
Support team resolved my issue quickly Will buy again.,Service
Excellent service experience Excellent experience.,Service
Great value for money Needs improvement.,Pricing
Customer care was disappointing,Service
The product quality is excellent Not satisfied.,Product
The product exceeded expectations Not satisfied.,Product
Issue resolved professionally Not satisfied.,Service
Amazing design and quality Highly recommended.,Product
Discount offers are attractive Not satisfied.,Pricing
Poor product material Will buy again.,Product
Pricing could be better Average overall.,Pricing
Very expensive for the quality Needs improvement.,Pricing
Reasonable pricing compared to competitors Average overall.,Pricing
Shipment tracking was inaccurate Average overall.,Delivery
Amazing design and quality Needs improvement.,Product
Price is too high Highly recommended.,Pricing
Poor response from support Will buy again.,Service
Support team was unresponsive Excellent experience.,Service
Shipment tracking was inaccurate Highly recommended.,Delivery
Delivery was very late Not satisfied.,Delivery
The package arrived damaged,Delivery
Poor response from support Will buy again.,Service
Shipment tracking was inaccurate Will buy again.,Delivery
Delivery experience was smooth Needs improvement.,Delivery
Customer service was very helpful Highly recommended.,Service
The courier delayed the order Excellent experience.,Delivery
Delivery was very late Average overall.,Delivery
Discount offers are attractive Will buy again.,Pricing
Discount offers are attractive,Pricing
Support team was unresponsive Highly recommended.,Service
The package arrived damaged Needs improvement.,Delivery
Very expensive for the quality Not satisfied.,Pricing
Price is too high Not satisfied.,Pricing
Shipment tracking was inaccurate Not satisfied.,Delivery
Very expensive for the quality Average overall.,Pricing
The product quality is excellent,Product
Fantastic performance and reliability Not satisfied.,Product
Price is too high,Pricing
Delivery was very late Average overall.,Delivery
Price is too high Will buy again.,Pricing
The courier delayed the order,Delivery
Discount offers are attractive Not satisfied.,Pricing
The package arrived damaged Average overall.,Delivery
Shipment tracking was inaccurate Needs improvement.,Delivery
Shipment tracking was inaccurate Average overall.,Delivery
Discount offers are attractive Not satisfied.,Pricing
Customer service was very helpful Needs improvement.,Service
Poor response from support Average overall.,Service
Poor response from support Needs improvement.,Service
The product exceeded expectations Highly recommended.,Product
Poor response from support,Service
The product exceeded expectations Needs improvement.,Product
Pricing could be better,Pricing
The courier delayed the order Excellent experience.,Delivery
Pricing could be better,Pricing
The package arrived damaged Will buy again.,Delivery
Customer service was very helpful,Service
Very expensive for the quality Average overall.,Pricing
Discount offers are attractive Highly recommended.,Pricing
Poor response from support Needs improvement.,Service
Customer care was disappointing Not satisfied.,Service
Customer care was disappointing Will buy again.,Service
Very expensive for the quality Average overall.,Pricing
Very durable and useful product Average overall.,Product
Poor response from support Average overall.,Service
Discount offers are attractive Highly recommended.,Pricing
Excellent service experience Will buy again.,Service
The product quality is excellent Not satisfied.,Product
Fast delivery service Will buy again.,Delivery
Package arrived on time Not satisfied.,Delivery
Support team was unresponsive,Service
Price is too high Excellent experience.,Pricing
Price is too high Average overall.,Pricing
Shipment tracking was inaccurate Needs improvement.,Delivery
Delivery experience was smooth Average overall.,Delivery
Affordable pricing and good value Not satisfied.,Pricing
Delivery experience was smooth Needs improvement.,Delivery
The package arrived damaged Will buy again.,Delivery
The product exceeded expectations Highly recommended.,Product
Affordable pricing and good value,Pricing
Discount offers are attractive,Pricing
Fast delivery service Needs improvement.,Delivery
Discount offers are attractive Average overall.,Pricing
Issue resolved professionally Highly recommended.,Service
The item stopped working after two days Will buy again.,Product
Great value for money,Pricing
Poor product material Excellent experience.,Product
Great value for money,Pricing
Issue resolved professionally Needs improvement.,Service
Poor response from support Not satisfied.,Service
Very expensive for the quality Will buy again.,Pricing
Discount offers are attractive Needs improvement.,Pricing
The courier delayed the order Not satisfied.,Delivery
Issue resolved professionally Will buy again.,Service
The representative was polite Not satisfied.,Service
Reasonable pricing compared to competitors Average overall.,Pricing
Delivery was very late,Delivery
Fantastic performance and reliability Needs improvement.,Product
The package arrived damaged,Delivery
The product quality is excellent Excellent experience.,Product
Affordable pricing and good value Will buy again.,Pricing
Very expensive for the quality Will buy again.,Pricing
Poor product material Average overall.,Product
Excellent service experience Average overall.,Service
Very durable and useful product Not satisfied.,Product
The product is overpriced Highly recommended.,Pricing
Shipment tracking was inaccurate Excellent experience.,Delivery
Fantastic performance and reliability Excellent experience.,Product
The product is overpriced Average overall.,Pricing
Fantastic performance and reliability,Product
Customer service was very helpful Will buy again.,Service
The courier delayed the order,Delivery
Issue resolved professionally Highly recommended.,Service
Fast delivery service Average overall.,Delivery
The product quality is excellent,Product
Reasonable pricing compared to competitors Excellent experience.,Pricing
Great value for money Will buy again.,Pricing
The product exceeded expectations Average overall.,Product
The representative was polite Needs improvement.,Service
The courier delayed the order,Delivery
Fantastic performance and reliability Highly recommended.,Product
Shipment tracking was inaccurate Not satisfied.,Delivery
Very durable and useful product Not satisfied.,Product
Customer care was disappointing,Service
The item stopped working after two days Excellent experience.,Product
The product exceeded expectations Not satisfied.,Product
Package arrived on time Will buy again.,Delivery
Reasonable pricing compared to competitors Will buy again.,Pricing
The product packaging was damaged Highly recommended.,Product
Poor response from support Will buy again.,Service
The product packaging was damaged Average overall.,Product
Fantastic performance and reliability Average overall.,Product
Very expensive for the quality,Pricing
The item stopped working after two days Excellent experience.,Product
The product packaging was damaged,Product
Delivery was very late,Delivery
The package arrived damaged Highly recommended.,Delivery
Delivery experience was smooth Highly recommended.,Delivery
Reasonable pricing compared to competitors Highly recommended.,Pricing
The courier delayed the order Will buy again.,Delivery
Issue resolved professionally Will buy again.,Service
The item stopped working after two days Highly recommended.,Product
Package arrived on time Excellent experience.,Delivery
The package arrived damaged Average overall.,Delivery
Discount offers are attractive Excellent experience.,Pricing
Amazing design and quality Needs improvement.,Product
Pricing could be better Not satisfied.,Pricing
Pricing could be better Highly recommended.,Pricing
Fantastic performance and reliability Will buy again.,Product
Affordable pricing and good value Excellent experience.,Pricing
Support team resolved my issue quickly,Service
Affordable pricing and good value Needs improvement.,Pricing
The package arrived damaged,Delivery
Excellent service experience Highly recommended.,Service
Package arrived on time,Delivery
The product quality is excellent Not satisfied.,Product
Shipment tracking was inaccurate Not satisfied.,Delivery
Pricing could be better Average overall.,Pricing
Shipment tracking was inaccurate Excellent experience.,Delivery
Delivery experience was smooth Average overall.,Delivery
Issue resolved professionally,Service
Great value for money,Pricing
Discount offers are attractive,Pricing
Delivery was very late Will buy again.,Delivery
Pricing could be better Excellent experience.,Pricing
Fast delivery service Will buy again.,Delivery
Support team was unresponsive Not satisfied.,Service
Support team resolved my issue quickly Excellent experience.,Service
The product exceeded expectations Will buy again.,Product
The courier delayed the order Not satisfied.,Delivery
Poor product material Highly recommended.,Product
Excellent service experience Excellent experience.,Service
Poor response from support Excellent experience.,Service
Poor response from support Highly recommended.,Service
Issue resolved professionally Needs improvement.,Service
The product quality is excellent,Product
Shipment tracking was inaccurate Average overall.,Delivery
The product quality is excellent,Product
The item stopped working after two days Excellent experience.,Product
Reasonable pricing compared to competitors Highly recommended.,Pricing
Customer service was very helpful Not satisfied.,Service
Discount offers are attractive Highly recommended.,Pricing
Amazing design and quality Needs improvement.,Product
The representative was polite Excellent experience.,Service
Customer service was very helpful Average overall.,Service
Delivery was very late,Delivery
Discount offers are attractive Excellent experience.,Pricing
Very expensive for the quality Excellent experience.,Pricing
Excellent service experience Average overall.,Service
Great value for money Excellent experience.,Pricing
The product is overpriced Will buy again.,Pricing
Poor product material Average overall.,Product
Great value for money Needs improvement.,Pricing
The item stopped working after two days Highly recommended.,Product
Price is too high Not satisfied.,Pricing
Customer care was disappointing Not satisfied.,Service
Customer service was very helpful,Service
Pricing could be better Average overall.,Pricing
Fast delivery service Excellent experience.,Delivery
Shipment tracking was inaccurate,Delivery
The product quality is excellent,Product
Delivery was very late Will buy again.,Delivery
Reasonable pricing compared to competitors Needs improvement.,Pricing
Delivery was very late Will buy again.,Delivery
Amazing design and quality,Product
Great value for money Needs improvement.,Pricing
Delivery experience was smooth Needs improvement.,Delivery
Delivery experience was smooth Highly recommended.,Delivery
Excellent service experience Not satisfied.,Service
Issue resolved professionally Excellent experience.,Service
Reasonable pricing compared to competitors,Pricing
Reasonable pricing compared to competitors Highly recommended.,Pricing
Delivery experience was smooth Highly recommended.,Delivery
Fast delivery service Will buy again.,Delivery
Affordable pricing and good value Not satisfied.,Pricing
Price is too high Will buy again.,Pricing
Affordable pricing and good value Will buy again.,Pricing
Quick and reliable delivery Will buy again.,Delivery
Shipment tracking was inaccurate Needs improvement.,Delivery
Quick and reliable delivery Excellent experience.,Delivery
The product exceeded expectations Average overall.,Product
The package arrived damaged Needs improvement.,Delivery
The representative was polite Excellent experience.,Service
Price is too high Not satisfied.,Pricing
The package arrived damaged Excellent experience.,Delivery
Poor product material Excellent experience.,Product
Amazing design and quality Highly recommended.,Product
Customer care was disappointing Excellent experience.,Service
The courier delayed the order Average overall.,Delivery
Price is too high Excellent experience.,Pricing
The courier delayed the order Average overall.,Delivery
Affordable pricing and good value,Pricing
Affordable pricing and good value Not satisfied.,Pricing
Discount offers are attractive Not satisfied.,Pricing
Pricing could be better Highly recommended.,Pricing
Delivery experience was smooth,Delivery
Reasonable pricing compared to competitors Average overall.,Pricing
Customer care was disappointing Highly recommended.,Service
Reasonable pricing compared to competitors Will buy again.,Pricing
Quick and reliable delivery Not satisfied.,Delivery
Support team was unresponsive Needs improvement.,Service
Reasonable pricing compared to competitors Highly recommended.,Pricing
The item stopped working after two days Average overall.,Product
Price is too high Will buy again.,Pricing
The representative was polite Will buy again.,Service
Poor product material Not satisfied.,Product
The package arrived damaged Not satisfied.,Delivery
The item stopped working after two days Not satisfied.,Product
The product packaging was damaged Not satisfied.,Product
Issue resolved professionally Will buy again.,Service
The courier delayed the order Highly recommended.,Delivery
Price is too high Highly recommended.,Pricing
The product packaging was damaged Highly recommended.,Product
The courier delayed the order Will buy again.,Delivery
Excellent service experience Excellent experience.,Service
Support team was unresponsive,Service
Delivery experience was smooth Needs improvement.,Delivery
Affordable pricing and good value Not satisfied.,Pricing
Delivery experience was smooth Highly recommended.,Delivery
Discount offers are attractive Not satisfied.,Pricing
Delivery was very late Highly recommended.,Delivery
Delivery experience was smooth Will buy again.,Delivery
Issue resolved professionally Needs improvement.,Service
The product packaging was damaged Will buy again.,Product
Quick and reliable delivery Excellent experience.,Delivery
Very durable and useful product Highly recommended.,Product
The courier delayed the order Needs improvement.,Delivery
Quick and reliable delivery Not satisfied.,Delivery
Poor product material Excellent experience.,Product
Reasonable pricing compared to competitors,Pricing
Pricing could be better Highly recommended.,Pricing
Affordable pricing and good value,Pricing
The representative was polite Highly recommended.,Service
The product packaging was damaged Excellent experience.,Product
The courier delayed the order Needs improvement.,Delivery
Support team resolved my issue quickly Not satisfied.,Service
The product is overpriced Needs improvement.,Pricing
Support team resolved my issue quickly Highly recommended.,Service
Issue resolved professionally Not satisfied.,Service
Poor response from support Will buy again.,Service
Pricing could be better Not satisfied.,Pricing
The package arrived damaged,Delivery
Price is too high Will buy again.,Pricing
Quick and reliable delivery Needs improvement.,Delivery
The item stopped working after two days Needs improvement.,Product
The courier delayed the order Will buy again.,Delivery
Great value for money Needs improvement.,Pricing
The representative was polite Excellent experience.,Service
Customer care was disappointing Excellent experience.,Service
The item stopped working after two days Needs improvement.,Product
Pricing could be better Will buy again.,Pricing
Discount offers are attractive Will buy again.,Pricing
Issue resolved professionally Not satisfied.,Service
Poor response from support,Service
Issue resolved professionally,Service
Discount offers are attractive Highly recommended.,Pricing
Fantastic performance and reliability,Product
Delivery experience was smooth Excellent experience.,Delivery
The product is overpriced Highly recommended.,Pricing
Delivery was very late Needs improvement.,Delivery
The product packaging was damaged,Product
Delivery was very late,Delivery
Issue resolved professionally Excellent experience.,Service
Delivery was very late Average overall.,Delivery
Customer service was very helpful Not satisfied.,Service
Support team was unresponsive Needs improvement.,Service
Reasonable pricing compared to competitors Will buy again.,Pricing
Customer care was disappointing Highly recommended.,Service
Affordable pricing and good value Average overall.,Pricing
Support team was unresponsive Excellent experience.,Service
The product is overpriced Average overall.,Pricing
The product is overpriced,Pricing
Excellent service experience,Service
Support team resolved my issue quickly Not satisfied.,Service
Amazing design and quality Excellent experience.,Product
The product exceeded expectations Average overall.,Product
Package arrived on time Highly recommended.,Delivery
Support team was unresponsive Highly recommended.,Service
Pricing could be better Highly recommended.,Pricing
Fantastic performance and reliability Highly recommended.,Product
Discount offers are attractive Not satisfied.,Pricing
Customer service was very helpful,Service
Discount offers are attractive Highly recommended.,Pricing
Very expensive for the quality Needs improvement.,Pricing
Fantastic performance and reliability Excellent experience.,Product
Fast delivery service Not satisfied.,Delivery
The item stopped working after two days Highly recommended.,Product
The product packaging was damaged Not satisfied.,Product
Fantastic performance and reliability Average overall.,Product
The product quality is excellent,Product
The product quality is excellent Will buy again.,Product
The product packaging was damaged,Product
The item stopped working after two days,Product
Excellent service experience Average overall.,Service
Fantastic performance and reliability Average overall.,Product
Customer care was disappointing Excellent experience.,Service
Quick and reliable delivery Average overall.,Delivery
Issue resolved professionally,Service
Issue resolved professionally Needs improvement.,Service
Fantastic performance and reliability Not satisfied.,Product
Price is too high Will buy again.,Pricing
Pricing could be better Not satisfied.,Pricing
Pricing could be better Will buy again.,Pricing
Customer service was very helpful Needs improvement.,Service
The product packaging was damaged Needs improvement.,Product
Delivery experience was smooth Average overall.,Delivery
Quick and reliable delivery Needs improvement.,Delivery
Issue resolved professionally Will buy again.,Service
Affordable pricing and good value Not satisfied.,Pricing
Fast delivery service Needs improvement.,Delivery
The product is overpriced Not satisfied.,Pricing
The product is overpriced Will buy again.,Pricing
Support team was unresponsive Average overall.,Service
Discount offers are attractive Will buy again.,Pricing
Price is too high Will buy again.,Pricing
Price is too high Needs improvement.,Pricing
Amazing design and quality,Product
Support team resolved my issue quickly Excellent experience.,Service
Issue resolved professionally Will buy again.,Service
Excellent service experience Excellent experience.,Service
Issue resolved professionally Excellent experience.,Service
Support team resolved my issue quickly,Service
The product is overpriced Will buy again.,Pricing
Poor response from support Average overall.,Service
Poor product material,Product
The package arrived damaged Average overall.,Delivery
The representative was polite,Service
Customer care was disappointing Not satisfied.,Service
Very durable and useful product Not satisfied.,Product
Pricing could be better Excellent experience.,Pricing
Customer care was disappointing Highly recommended.,Service
Quick and reliable delivery Needs improvement.,Delivery
Support team resolved my issue quickly Average overall.,Service
Customer care was disappointing Needs improvement.,Service
The product exceeded expectations,Product
The representative was polite Excellent experience.,Service
Customer service was very helpful Excellent experience.,Service
Poor response from support Excellent experience.,Service
Package arrived on time,Delivery
Support team was unresponsive Average overall.,Service
Package arrived on time Needs improvement.,Delivery
Poor product material Needs improvement.,Product
Very expensive for the quality Needs improvement.,Pricing
The item stopped working after two days Highly recommended.,Product
Very expensive for the quality Needs improvement.,Pricing
Very durable and useful product,Product
Poor product material Will buy again.,Product
Support team was unresponsive Will buy again.,Service
Package arrived on time Excellent experience.,Delivery
Reasonable pricing compared to competitors Average overall.,Pricing
Shipment tracking was inaccurate,Delivery
Amazing design and quality Not satisfied.,Product
Pricing could be better Will buy again.,Pricing
The package arrived damaged Highly recommended.,Delivery
Customer service was very helpful Average overall.,Service
Delivery was very late Average overall.,Delivery
Customer care was disappointing Highly recommended.,Service
Fantastic performance and reliability Highly recommended.,Product
The courier delayed the order Not satisfied.,Delivery
The courier delayed the order Highly recommended.,Delivery
Delivery experience was smooth Not satisfied.,Delivery
Discount offers are attractive Highly recommended.,Pricing
Affordable pricing and good value,Pricing
Customer care was disappointing Will buy again.,Service
The product is overpriced Not satisfied.,Pricing
Very expensive for the quality Not satisfied.,Pricing
Customer service was very helpful Not satisfied.,Service
Excellent service experience,Service
Delivery was very late Highly recommended.,Delivery
Affordable pricing and good value Average overall.,Pricing
Customer service was very helpful Needs improvement.,Service
Fast delivery service Not satisfied.,Delivery
The product quality is excellent Needs improvement.,Product
Poor response from support Will buy again.,Service
Pricing could be better Needs improvement.,Pricing
The product is overpriced Needs improvement.,Pricing
Poor response from support Will buy again.,Service
Support team resolved my issue quickly Highly recommended.,Service
Delivery was very late Average overall.,Delivery
Issue resolved professionally Average overall.,Service
Affordable pricing and good value,Pricing
Customer service was very helpful Excellent experience.,Service
The product is overpriced Average overall.,Pricing
The courier delayed the order Average overall.,Delivery
Fantastic performance and reliability Excellent experience.,Product
Support team resolved my issue quickly Needs improvement.,Service
The item stopped working after two days Highly recommended.,Product
The product is overpriced,Pricing
Very expensive for the quality Excellent experience.,Pricing
Poor response from support Average overall.,Service
Very durable and useful product Excellent experience.,Product
Delivery was very late Not satisfied.,Delivery
The product packaging was damaged Excellent experience.,Product
The product exceeded expectations Highly recommended.,Product
Delivery experience was smooth Average overall.,Delivery
Poor response from support Highly recommended.,Service
Affordable pricing and good value Excellent experience.,Pricing
Delivery was very late Average overall.,Delivery
Poor response from support Highly recommended.,Service
Fantastic performance and reliability,Product
Great value for money Highly recommended.,Pricing
Customer service was very helpful Average overall.,Service
Delivery experience was smooth Not satisfied.,Delivery
The courier delayed the order,Delivery
Poor response from support Average overall.,Service
Very expensive for the quality Not satisfied.,Pricing
Issue resolved professionally,Service
Support team was unresponsive Excellent experience.,Service
The product is overpriced,Pricing
Poor response from support Not satisfied.,Service
Pricing could be better Will buy again.,Pricing
The product exceeded expectations Will buy again.,Product
Affordable pricing and good value,Pricing
The product exceeded expectations Excellent experience.,Product
Excellent service experience Needs improvement.,Service
The package arrived damaged Will buy again.,Delivery
Discount offers are attractive Needs improvement.,Pricing
Very durable and useful product Average overall.,Product
Customer service was very helpful Not satisfied.,Service
The product quality is excellent Needs improvement.,Product
Poor response from support,Service
The product exceeded expectations Will buy again.,Product
Delivery was very late,Delivery
Very expensive for the quality Highly recommended.,Pricing
Package arrived on time Will buy again.,Delivery
The product is overpriced Excellent experience.,Pricing
Shipment tracking was inaccurate Highly recommended.,Delivery
Excellent service experience,Service
Quick and reliable delivery Average overall.,Delivery
Package arrived on time Will buy again.,Delivery
Price is too high Average overall.,Pricing
Amazing design and quality Will buy again.,Product
The package arrived damaged Needs improvement.,Delivery
Fast delivery service Not satisfied.,Delivery
The package arrived damaged Average overall.,Delivery
Delivery experience was smooth Excellent experience.,Delivery
Amazing design and quality Not satisfied.,Product
Delivery experience was smooth Not satisfied.,Delivery
Package arrived on time Highly recommended.,Delivery
Quick and reliable delivery Will buy again.,Delivery
The courier delayed the order Will buy again.,Delivery
Amazing design and quality Needs improvement.,Product
Amazing design and quality Not satisfied.,Product
Very expensive for the quality Will buy again.,Pricing
The product packaging was damaged Not satisfied.,Product
The product exceeded expectations Excellent experience.,Product
Issue resolved professionally,Service
Pricing could be better,Pricing
The package arrived damaged Needs improvement.,Delivery
Poor product material Needs improvement.,Product
Affordable pricing and good value,Pricing
The item stopped working after two days Not satisfied.,Product
The product exceeded expectations Needs improvement.,Product
Amazing design and quality Excellent experience.,Product
The item stopped working after two days Will buy again.,Product
The representative was polite Excellent experience.,Service
Reasonable pricing compared to competitors Needs improvement.,Pricing
Delivery experience was smooth Excellent experience.,Delivery
Poor product material Needs improvement.,Product
Customer care was disappointing Average overall.,Service
Great value for money,Pricing
Very durable and useful product Average overall.,Product
The representative was polite,Service
Support team resolved my issue quickly Highly recommended.,Service
Delivery was very late Excellent experience.,Delivery
Support team was unresponsive Excellent experience.,Service
The item stopped working after two days Needs improvement.,Product
Issue resolved professionally,Service
Discount offers are attractive Excellent experience.,Pricing
Reasonable pricing compared to competitors Will buy again.,Pricing
The representative was polite Will buy again.,Service
Price is too high Excellent experience.,Pricing
Very expensive for the quality Highly recommended.,Pricing
Poor response from support Not satisfied.,Service
Great value for money,Pricing
The product is overpriced Excellent experience.,Pricing
Fast delivery service,Delivery
Affordable pricing and good value Average overall.,Pricing
Very durable and useful product Average overall.,Product
Great value for money Will buy again.,Pricing
Poor response from support Excellent experience.,Service
Customer service was very helpful Highly recommended.,Service
Pricing could be better Excellent experience.,Pricing
Quick and reliable delivery Needs improvement.,Delivery
Customer service was very helpful Average overall.,Service
Poor response from support,Service
Issue resolved professionally Excellent experience.,Service
Support team resolved my issue quickly Average overall.,Service
Customer care was disappointing Excellent experience.,Service
Quick and reliable delivery,Delivery
Fast delivery service Will buy again.,Delivery
Affordable pricing and good value,Pricing
Quick and reliable delivery Needs improvement.,Delivery
Quick and reliable delivery Average overall.,Delivery
The courier delayed the order Average overall.,Delivery
Shipment tracking was inaccurate,Delivery
Support team resolved my issue quickly Needs improvement.,Service
The product exceeded expectations Excellent experience.,Product
Support team was unresponsive Average overall.,Service
Delivery was very late Excellent experience.,Delivery
The product packaging was damaged Not satisfied.,Product
Excellent service experience,Service
Amazing design and quality Average overall.,Product
Package arrived on time Will buy again.,Delivery
Issue resolved professionally Will buy again.,Service
Support team resolved my issue quickly Needs improvement.,Service
The package arrived damaged Not satisfied.,Delivery
Poor product material,Product
Shipment tracking was inaccurate Needs improvement.,Delivery
The product packaging was damaged Average overall.,Product
Fast delivery service Average overall.,Delivery
Delivery experience was smooth Not satisfied.,Delivery
The courier delayed the order Excellent experience.,Delivery
Fantastic performance and reliability,Product
Poor response from support Average overall.,Service
Delivery was very late Will buy again.,Delivery
Support team resolved my issue quickly Not satisfied.,Service
Customer service was very helpful Highly recommended.,Service
Shipment tracking was inaccurate Not satisfied.,Delivery
Package arrived on time Will buy again.,Delivery
Shipment tracking was inaccurate Not satisfied.,Delivery
Quick and reliable delivery Excellent experience.,Delivery
Poor product material Excellent experience.,Product
Great value for money Excellent experience.,Pricing
Quick and reliable delivery Highly recommended.,Delivery
Customer care was disappointing,Service
The courier delayed the order Not satisfied.,Delivery
Discount offers are attractive Needs improvement.,Pricing
The package arrived damaged,Delivery
The product packaging was damaged Needs improvement.,Product
Price is too high Excellent experience.,Pricing
The representative was polite Not satisfied.,Service
Customer service was very helpful Needs improvement.,Service
Reasonable pricing compared to competitors Highly recommended.,Pricing
Very expensive for the quality Will buy again.,Pricing
Poor response from support Needs improvement.,Service
Issue resolved professionally Excellent experience.,Service
Quick and reliable delivery Excellent experience.,Delivery
Issue resolved professionally Average overall.,Service
Support team was unresponsive,Service
Fantastic performance and reliability,Product
Delivery was very late Average overall.,Delivery
Package arrived on time Not satisfied.,Delivery
Amazing design and quality Highly recommended.,Product
Support team resolved my issue quickly Will buy again.,Service
Delivery was very late Excellent experience.,Delivery
Great value for money Needs improvement.,Pricing
Support team was unresponsive Average overall.,Service
The product packaging was damaged Average overall.,Product
The package arrived damaged Excellent experience.,Delivery
Shipment tracking was inaccurate Highly recommended.,Delivery
Customer care was disappointing Not satisfied.,Service
Pricing could be better Not satisfied.,Pricing
Delivery experience was smooth Not satisfied.,Delivery
The product quality is excellent Excellent experience.,Product
Amazing design and quality,Product
Amazing design and quality Average overall.,Product
Support team was unresponsive Will buy again.,Service
Pricing could be better Not satisfied.,Pricing
Discount offers are attractive,Pricing
Amazing design and quality Not satisfied.,Product
Poor product material Not satisfied.,Product
Pricing could be better Will buy again.,Pricing
Customer care was disappointing Not satisfied.,Service
Amazing design and quality Not satisfied.,Product
Great value for money,Pricing
Shipment tracking was inaccurate Average overall.,Delivery
The item stopped working after two days Excellent experience.,Product
The product is overpriced Not satisfied.,Pricing
Package arrived on time Needs improvement.,Delivery
The product exceeded expectations,Product
Shipment tracking was inaccurate Average overall.,Delivery
Price is too high Needs improvement.,Pricing
Issue resolved professionally Needs improvement.,Service
The product packaging was damaged Excellent experience.,Product
Delivery experience was smooth Highly recommended.,Delivery
Pricing could be better Highly recommended.,Pricing
Customer care was disappointing,Service
The courier delayed the order Highly recommended.,Delivery
Very durable and useful product Not satisfied.,Product
Poor product material Excellent experience.,Product
Price is too high Needs improvement.,Pricing
Delivery was very late Average overall.,Delivery
Discount offers are attractive Average overall.,Pricing
Pricing could be better Excellent experience.,Pricing
Issue resolved professionally,Service
Poor product material Will buy again.,Product
The product quality is excellent Highly recommended.,Product
Poor product material Highly recommended.,Product
Very durable and useful product,Product
Discount offers are attractive Will buy again.,Pricing
Very durable and useful product Needs improvement.,Product
The package arrived damaged Not satisfied.,Delivery
The product packaging was damaged Will buy again.,Product
Support team was unresponsive Needs improvement.,Service
Quick and reliable delivery Excellent experience.,Delivery
Very expensive for the quality Average overall.,Pricing
Fast delivery service,Delivery
Support team resolved my issue quickly Average overall.,Service
Pricing could be better Average overall.,Pricing
Very durable and useful product Needs improvement.,Product
The product packaging was damaged,Product
Affordable pricing and good value,Pricing
Discount offers are attractive,Pricing
The package arrived damaged Not satisfied.,Delivery
Issue resolved professionally,Service
Quick and reliable delivery Will buy again.,Delivery
Customer care was disappointing Highly recommended.,Service
Quick and reliable delivery Will buy again.,Delivery
The product exceeded expectations Will buy again.,Product
Very durable and useful product Highly recommended.,Product
Fast delivery service Needs improvement.,Delivery
Price is too high Needs improvement.,Pricing
Affordable pricing and good value Average overall.,Pricing
Affordable pricing and good value,Pricing
Affordable pricing and good value Highly recommended.,Pricing
Fast delivery service Will buy again.,Delivery
Customer care was disappointing Needs improvement.,Service
Price is too high Excellent experience.,Pricing
The product exceeded expectations Average overall.,Product
The product exceeded expectations Excellent experience.,Product
Affordable pricing and good value Average overall.,Pricing
The representative was polite Not satisfied.,Service
Excellent service experience Highly recommended.,Service
Very durable and useful product Not satisfied.,Product
Amazing design and quality Excellent experience.,Product
The representative was polite Will buy again.,Service
Amazing design and quality Will buy again.,Product
Great value for money Average overall.,Pricing
Support team was unresponsive Will buy again.,Service
The item stopped working after two days,Product
Amazing design and quality Average overall.,Product
Customer care was disappointing,Service
Excellent service experience Average overall.,Service
The courier delayed the order Needs improvement.,Delivery
Quick and reliable delivery Excellent experience.,Delivery
The package arrived damaged Not satisfied.,Delivery
Customer care was disappointing,Service
Amazing design and quality Not satisfied.,Product
Very durable and useful product Not satisfied.,Product
The item stopped working after two days Highly recommended.,Product
Reasonable pricing compared to competitors Highly recommended.,Pricing
Reasonable pricing compared to competitors Excellent experience.,Pricing
Pricing could be better Excellent experience.,Pricing
The package arrived damaged,Delivery
Fantastic performance and reliability Needs improvement.,Product
Great value for money Average overall.,Pricing
Very expensive for the quality,Pricing
Support team was unresponsive Needs improvement.,Service
Delivery was very late Not satisfied.,Delivery
The package arrived damaged Highly recommended.,Delivery
Discount offers are attractive Not satisfied.,Pricing
The product packaging was damaged Will buy again.,Product
Pricing could be better Average overall.,Pricing
The product packaging was damaged Not satisfied.,Product
Discount offers are attractive Needs improvement.,Pricing
Great value for money Needs improvement.,Pricing
Support team resolved my issue quickly Will buy again.,Service
Price is too high Excellent experience.,Pricing
Reasonable pricing compared to competitors Excellent experience.,Pricing
Customer service was very helpful,Service
Customer care was disappointing Not satisfied.,Service
Reasonable pricing compared to competitors Average overall.,Pricing
Delivery was very late Average overall.,Delivery
Amazing design and quality Highly recommended.,Product
Very durable and useful product Average overall.,Product
Amazing design and quality,Product
Very durable and useful product,Product
Support team resolved my issue quickly Will buy again.,Service
Fantastic performance and reliability Needs improvement.,Product
Price is too high Highly recommended.,Pricing
Fast delivery service Will buy again.,Delivery
The product quality is excellent Will buy again.,Product
The product exceeded expectations,Product
Support team was unresponsive Will buy again.,Service
Issue resolved professionally Excellent experience.,Service
Customer care was disappointing Highly recommended.,Service
Issue resolved professionally Will buy again.,Service
Poor response from support Will buy again.,Service
Price is too high Not satisfied.,Pricing
Package arrived on time Average overall.,Delivery
The product is overpriced Highly recommended.,Pricing
Pricing could be better Highly recommended.,Pricing
Pricing could be better Highly recommended.,Pricing
Very expensive for the quality Not satisfied.,Pricing
The item stopped working after two days Average overall.,Product
The representative was polite Highly recommended.,Service
Customer care was disappointing Excellent experience.,Service
Shipment tracking was inaccurate Excellent experience.,Delivery
The product quality is excellent Average overall.,Product
The product quality is excellent Will buy again.,Product
The courier delayed the order Excellent experience.,Delivery
Very expensive for the quality Needs improvement.,Pricing
The representative was polite Average overall.,Service
Reasonable pricing compared to competitors Will buy again.,Pricing
Affordable pricing and good value Excellent experience.,Pricing
Delivery experience was smooth Needs improvement.,Delivery
Quick and reliable delivery Average overall.,Delivery
The representative was polite Average overall.,Service
Pricing could be better Highly recommended.,Pricing
Discount offers are attractive Will buy again.,Pricing
Support team resolved my issue quickly Highly recommended.,Service
Affordable pricing and good value Not satisfied.,Pricing
Great value for money Will buy again.,Pricing
Very durable and useful product,Product
Delivery was very late Average overall.,Delivery
The courier delayed the order Will buy again.,Delivery
Delivery was very late Needs improvement.,Delivery
Package arrived on time Will buy again.,Delivery
Fast delivery service Not satisfied.,Delivery
Poor product material Needs improvement.,Product
The courier delayed the order Will buy again.,Delivery
Delivery experience was smooth Will buy again.,Delivery
Customer care was disappointing,Service
Customer care was disappointing Average overall.,Service
The representative was polite Will buy again.,Service
Fast delivery service,Delivery
The product is overpriced Highly recommended.,Pricing
Issue resolved professionally Excellent experience.,Service
Shipment tracking was inaccurate Not satisfied.,Delivery
Fast delivery service Needs improvement.,Delivery
Very durable and useful product Excellent experience.,Product
Issue resolved professionally Average overall.,Service
The product packaging was damaged Excellent experience.,Product
The product exceeded expectations Average overall.,Product
Reasonable pricing compared to competitors Average overall.,Pricing
Support team resolved my issue quickly Average overall.,Service
The product exceeded expectations Excellent experience.,Product
Package arrived on time Will buy again.,Delivery
The representative was polite Excellent experience.,Service
Quick and reliable delivery Needs improvement.,Delivery
Reasonable pricing compared to competitors,Pricing
Affordable pricing and good value Highly recommended.,Pricing
Delivery was very late Average overall.,Delivery
Amazing design and quality Needs improvement.,Product
The product packaging was damaged Needs improvement.,Product
Package arrived on time Will buy again.,Delivery
Very durable and useful product Average overall.,Product
Package arrived on time Average overall.,Delivery
The product quality is excellent,Product
Support team was unresponsive,Service
The product is overpriced Excellent experience.,Pricing
The product packaging was damaged Highly recommended.,Product
Discount offers are attractive Average overall.,Pricing
The package arrived damaged Excellent experience.,Delivery
The product quality is excellent,Product
Customer service was very helpful Will buy again.,Service
Excellent service experience Needs improvement.,Service
Fantastic performance and reliability Average overall.,Product
Support team resolved my issue quickly Highly recommended.,Service
Customer care was disappointing Excellent experience.,Service
Affordable pricing and good value Needs improvement.,Pricing
Poor response from support Needs improvement.,Service
Fantastic performance and reliability Average overall.,Product
Shipment tracking was inaccurate Needs improvement.,Delivery
Package arrived on time Highly recommended.,Delivery
Affordable pricing and good value Excellent experience.,Pricing
Shipment tracking was inaccurate,Delivery
The package arrived damaged Needs improvement.,Delivery
The package arrived damaged Will buy again.,Delivery
Discount offers are attractive Excellent experience.,Pricing
Very durable and useful product Will buy again.,Product
Shipment tracking was inaccurate Excellent experience.,Delivery
Support team resolved my issue quickly Excellent experience.,Service
Reasonable pricing compared to competitors,Pricing
Very durable and useful product Not satisfied.,Product
Pricing could be better Average overall.,Pricing
Delivery was very late,Delivery
Great value for money Will buy again.,Pricing
Reasonable pricing compared to competitors Not satisfied.,Pricing
The product packaging was damaged Will buy again.,Product
Customer service was very helpful Needs improvement.,Service
The product exceeded expectations Will buy again.,Product
Great value for money Will buy again.,Pricing
The product is overpriced Excellent experience.,Pricing
Affordable pricing and good value Not satisfied.,Pricing
Discount offers are attractive Highly recommended.,Pricing
Pricing could be better Needs improvement.,Pricing
Customer service was very helpful Highly recommended.,Service
The courier delayed the order Average overall.,Delivery
Affordable pricing and good value Highly recommended.,Pricing
Quick and reliable delivery Highly recommended.,Delivery
Delivery was very late Needs improvement.,Delivery
Delivery was very late Not satisfied.,Delivery
The representative was polite Excellent experience.,Service
Reasonable pricing compared to competitors Needs improvement.,Pricing
The product exceeded expectations Not satisfied.,Product
The product quality is excellent Excellent experience.,Product
Package arrived on time Excellent experience.,Delivery
The product is overpriced Not satisfied.,Pricing
The product exceeded expectations,Product
The product quality is excellent Not satisfied.,Product
Pricing could be better Will buy again.,Pricing
Customer service was very helpful Average overall.,Service
Customer care was disappointing Average overall.,Service
Customer service was very helpful,Service
Reasonable pricing compared to competitors,Pricing
Customer care was disappointing Not satisfied.,Service
Very expensive for the quality Highly recommended.,Pricing
Discount offers are attractive Excellent experience.,Pricing
Amazing design and quality Needs improvement.,Product
Great value for money Not satisfied.,Pricing
Quick and reliable delivery Excellent experience.,Delivery
The product is overpriced Will buy again.,Pricing
The representative was polite,Service
Great value for money Highly recommended.,Pricing
Issue resolved professionally Will buy again.,Service
The product exceeded expectations Not satisfied.,Product
Shipment tracking was inaccurate,Delivery
The product exceeded expectations Excellent experience.,Product
Fast delivery service Will buy again.,Delivery
The product quality is excellent Not satisfied.,Product
Excellent service experience Highly recommended.,Service
Support team was unresponsive Highly recommended.,Service
Support team was unresponsive Excellent experience.,Service
The representative was polite Highly recommended.,Service
The product exceeded expectations Will buy again.,Product
The courier delayed the order Highly recommended.,Delivery
Amazing design and quality Average overall.,Product
The package arrived damaged Average overall.,Delivery
Great value for money,Pricing
Support team resolved my issue quickly Will buy again.,Service
Delivery experience was smooth Needs improvement.,Delivery
Fantastic performance and reliability Needs improvement.,Product
Fantastic performance and reliability Average overall.,Product
The item stopped working after two days Highly recommended.,Product
The product is overpriced Will buy again.,Pricing
The representative was polite Average overall.,Service
Support team was unresponsive Will buy again.,Service
Pricing could be better Will buy again.,Pricing
Customer service was very helpful Needs improvement.,Service
Fast delivery service Excellent experience.,Delivery
Poor product material Needs improvement.,Product
The package arrived damaged Will buy again.,Delivery
Pricing could be better Average overall.,Pricing
Fantastic performance and reliability Excellent experience.,Product
Excellent service experience Not satisfied.,Service
Package arrived on time Not satisfied.,Delivery
Quick and reliable delivery Will buy again.,Delivery
The courier delayed the order Will buy again.,Delivery
Reasonable pricing compared to competitors,Pricing
Support team resolved my issue quickly Will buy again.,Service
Delivery was very late Not satisfied.,Delivery
The product is overpriced Will buy again.,Pricing
Shipment tracking was inaccurate Needs improvement.,Delivery
The product quality is excellent Needs improvement.,Product
Amazing design and quality,Product
The item stopped working after two days Not satisfied.,Product
Fantastic performance and reliability Average overall.,Product
Quick and reliable delivery Not satisfied.,Delivery
Discount offers are attractive Excellent experience.,Pricing
Poor product material Excellent experience.,Product
Pricing could be better Excellent experience.,Pricing
The courier delayed the order Needs improvement.,Delivery
Customer service was very helpful Needs improvement.,Service
Customer service was very helpful Will buy again.,Service
Customer service was very helpful Highly recommended.,Service
Issue resolved professionally Average overall.,Service
The product packaging was damaged Not satisfied.,Product
The courier delayed the order Average overall.,Delivery
The representative was polite Needs improvement.,Service
Pricing could be better Needs improvement.,Pricing
Amazing design and quality Needs improvement.,Product
Very durable and useful product Needs improvement.,Product
Great value for money Excellent experience.,Pricing
Affordable pricing and good value Highly recommended.,Pricing
The courier delayed the order Excellent experience.,Delivery
Poor product material Highly recommended.,Product
Amazing design and quality Will buy again.,Product
The courier delayed the order Highly recommended.,Delivery
Issue resolved professionally Highly recommended.,Service
Customer service was very helpful Average overall.,Service
Delivery was very late Highly recommended.,Delivery
Fantastic performance and reliability Average overall.,Product
The item stopped working after two days Excellent experience.,Product
The product quality is excellent Needs improvement.,Product
The item stopped working after two days Excellent experience.,Product
Quick and reliable delivery Not satisfied.,Delivery
Great value for money Not satisfied.,Pricing
Support team resolved my issue quickly Will buy again.,Service
The package arrived damaged Will buy again.,Delivery
The product quality is excellent Highly recommended.,Product
Quick and reliable delivery Will buy again.,Delivery
The courier delayed the order Not satisfied.,Delivery
The representative was polite Will buy again.,Service
Price is too high,Pricing
Package arrived on time,Delivery
Quick and reliable delivery,Delivery
Reasonable pricing compared to competitors Needs improvement.,Pricing
Support team was unresponsive Not satisfied.,Service
Affordable pricing and good value Will buy again.,Pricing
Delivery experience was smooth Will buy again.,Delivery
Support team resolved my issue quickly Average overall.,Service
Support team was unresponsive Will buy again.,Service
Support team was unresponsive Not satisfied.,Service
Quick and reliable delivery Highly recommended.,Delivery
The product exceeded expectations Not satisfied.,Product
Reasonable pricing compared to competitors Highly recommended.,Pricing
Fantastic performance and reliability Average overall.,Product
Fast delivery service,Delivery
The item stopped working after two days Highly recommended.,Product
Customer service was very helpful Highly recommended.,Service
The product packaging was damaged Not satisfied.,Product
Customer service was very helpful Excellent experience.,Service
The item stopped working after two days Excellent experience.,Product
Affordable pricing and good value Excellent experience.,Pricing
Discount offers are attractive Average overall.,Pricing
Amazing design and quality Not satisfied.,Product
The item stopped working after two days Will buy again.,Product
Very durable and useful product Needs improvement.,Product
Excellent service experience Excellent experience.,Service
The courier delayed the order Excellent experience.,Delivery
Shipment tracking was inaccurate Not satisfied.,Delivery
Affordable pricing and good value Highly recommended.,Pricing
Package arrived on time Needs improvement.,Delivery
The product exceeded expectations Needs improvement.,Product
Great value for money Not satisfied.,Pricing
The product exceeded expectations Needs improvement.,Product
Support team resolved my issue quickly Excellent experience.,Service
Fantastic performance and reliability Excellent experience.,Product
The product quality is excellent Will buy again.,Product
The item stopped working after two days,Product
Issue resolved professionally Highly recommended.,Service
The product exceeded expectations Excellent experience.,Product
The package arrived damaged Not satisfied.,Delivery
Fast delivery service Highly recommended.,Delivery
The representative was polite Average overall.,Service
Fast delivery service,Delivery
Price is too high Highly recommended.,Pricing
Affordable pricing and good value Will buy again.,Pricing
Great value for money Excellent experience.,Pricing
The product quality is excellent Needs improvement.,Product
Fantastic performance and reliability Excellent experience.,Product
Discount offers are attractive Needs improvement.,Pricing
Delivery was very late Highly recommended.,Delivery
Shipment tracking was inaccurate Average overall.,Delivery
Shipment tracking was inaccurate Highly recommended.,Delivery
Support team resolved my issue quickly Needs improvement.,Service
The representative was polite,Service
Poor product material Excellent experience.,Product
Shipment tracking was inaccurate Not satisfied.,Delivery
Excellent service experience Highly recommended.,Service
Affordable pricing and good value Needs improvement.,Pricing
The product packaging was damaged Not satisfied.,Product
The product quality is excellent Will buy again.,Product
Customer care was disappointing Highly recommended.,Service
Quick and reliable delivery,Delivery
The item stopped working after two days Average overall.,Product
The product packaging was damaged Will buy again.,Product
Great value for money,Pricing
Delivery was very late,Delivery
The representative was polite Highly recommended.,Service
Customer service was very helpful Not satisfied.,Service
Great value for money,Pricing
Fast delivery service Will buy again.,Delivery
The package arrived damaged Will buy again.,Delivery
Poor response from support Excellent experience.,Service
The product quality is excellent Average overall.,Product
Quick and reliable delivery Average overall.,Delivery
Fast delivery service Will buy again.,Delivery
Delivery experience was smooth Excellent experience.,Delivery
The product packaging was damaged,Product
Poor response from support Will buy again.,Service
The product quality is excellent Excellent experience.,Product
The product exceeded expectations Needs improvement.,Product
Poor response from support Average overall.,Service
Fantastic performance and reliability Will buy again.,Product
Poor response from support Excellent experience.,Service
The product is overpriced Not satisfied.,Pricing
The product quality is excellent Not satisfied.,Product
Issue resolved professionally Not satisfied.,Service
Fast delivery service Not satisfied.,Delivery
Issue resolved professionally Average overall.,Service
The product is overpriced,Pricing
Support team was unresponsive Not satisfied.,Service
The representative was polite Needs improvement.,Service
The courier delayed the order Average overall.,Delivery
Support team was unresponsive Will buy again.,Service
Fantastic performance and reliability Not satisfied.,Product
The courier delayed the order Average overall.,Delivery
The product packaging was damaged Needs improvement.,Product
The representative was polite Not satisfied.,Service
Excellent service experience Will buy again.,Service
The courier delayed the order Needs improvement.,Delivery
The product packaging was damaged Average overall.,Product
Very durable and useful product Will buy again.,Product
Delivery was very late,Delivery
The product packaging was damaged Not satisfied.,Product
Excellent service experience,Service
Fast delivery service Will buy again.,Delivery
Shipment tracking was inaccurate Highly recommended.,Delivery
Package arrived on time Average overall.,Delivery
Delivery experience was smooth Needs improvement.,Delivery
Fantastic performance and reliability Not satisfied.,Product
Great value for money Not satisfied.,Pricing
The package arrived damaged,Delivery
The courier delayed the order Will buy again.,Delivery
Quick and reliable delivery Excellent experience.,Delivery
Support team was unresponsive Average overall.,Service
Shipment tracking was inaccurate,Delivery
Support team resolved my issue quickly Excellent experience.,Service
Shipment tracking was inaccurate Will buy again.,Delivery
Fantastic performance and reliability Excellent experience.,Product
Very expensive for the quality Not satisfied.,Pricing
Delivery was very late Highly recommended.,Delivery
Very durable and useful product,Product
Reasonable pricing compared to competitors Highly recommended.,Pricing
Customer service was very helpful,Service
Issue resolved professionally Highly recommended.,Service
The product packaging was damaged Highly recommended.,Product
The product exceeded expectations Highly recommended.,Product
Support team resolved my issue quickly Highly recommended.,Service
The product exceeded expectations Average overall.,Product
Fast delivery service,Delivery
Support team resolved my issue quickly Not satisfied.,Service
Poor response from support Highly recommended.,Service
Affordable pricing and good value Will buy again.,Pricing
Excellent service experience Will buy again.,Service
Affordable pricing and good value,Pricing
Fast delivery service Highly recommended.,Delivery
Fast delivery service Average overall.,Delivery
The package arrived damaged Needs improvement.,Delivery
Reasonable pricing compared to competitors Average overall.,Pricing
Poor response from support,Service
Delivery experience was smooth Average overall.,Delivery
Customer service was very helpful Excellent experience.,Service
Amazing design and quality Average overall.,Product
Poor response from support Needs improvement.,Service
The item stopped working after two days Not satisfied.,Product
Discount offers are attractive Not satisfied.,Pricing
Delivery was very late Needs improvement.,Delivery
Delivery was very late Highly recommended.,Delivery
Discount offers are attractive Needs improvement.,Pricing
The courier delayed the order Not satisfied.,Delivery
Customer care was disappointing Will buy again.,Service
The representative was polite Highly recommended.,Service
Very durable and useful product Needs improvement.,Product
Price is too high,Pricing
The courier delayed the order Average overall.,Delivery
Fantastic performance and reliability Highly recommended.,Product
Very durable and useful product Will buy again.,Product
Delivery experience was smooth Highly recommended.,Delivery
Reasonable pricing compared to competitors Will buy again.,Pricing
Package arrived on time Not satisfied.,Delivery
Delivery was very late Needs improvement.,Delivery
The representative was polite Highly recommended.,Service
Amazing design and quality Needs improvement.,Product
Poor response from support,Service
Discount offers are attractive Will buy again.,Pricing
Poor product material Needs improvement.,Product
The package arrived damaged Highly recommended.,Delivery
Reasonable pricing compared to competitors Average overall.,Pricing
Reasonable pricing compared to competitors Excellent experience.,Pricing
Discount offers are attractive,Pricing
Price is too high Needs improvement.,Pricing
Price is too high Average overall.,Pricing
Excellent service experience,Service
Customer care was disappointing Average overall.,Service
Quick and reliable delivery Highly recommended.,Delivery
Support team was unresponsive Not satisfied.,Service
Support team was unresponsive Highly recommended.,Service
The package arrived damaged Highly recommended.,Delivery
Great value for money,Pricing
Delivery was very late Highly recommended.,Delivery
Amazing design and quality Not satisfied.,Product
The item stopped working after two days,Product
Affordable pricing and good value Not satisfied.,Pricing
Delivery experience was smooth Highly recommended.,Delivery
The package arrived damaged,Delivery
Shipment tracking was inaccurate Needs improvement.,Delivery
Customer care was disappointing Not satisfied.,Service
Pricing could be better Average overall.,Pricing
Excellent service experience Excellent experience.,Service
Fast delivery service Not satisfied.,Delivery
Fast delivery service Needs improvement.,Delivery
Reasonable pricing compared to competitors Not satisfied.,Pricing
Very durable and useful product Average overall.,Product
Fast delivery service Will buy again.,Delivery
The package arrived damaged Will buy again.,Delivery
Issue resolved professionally Excellent experience.,Service
The representative was polite Not satisfied.,Service
The product quality is excellent Excellent experience.,Product
Support team was unresponsive Needs improvement.,Service
Poor response from support Needs improvement.,Service
Amazing design and quality Excellent experience.,Product
The courier delayed the order Highly recommended.,Delivery
The item stopped working after two days Average overall.,Product
Pricing could be better Highly recommended.,Pricing
Poor product material Needs improvement.,Product
Quick and reliable delivery Needs improvement.,Delivery
Shipment tracking was inaccurate Needs improvement.,Delivery
Amazing design and quality Needs improvement.,Product
Price is too high Not satisfied.,Pricing
Support team was unresponsive Highly recommended.,Service
Very expensive for the quality Excellent experience.,Pricing
Pricing could be better,Pricing
The package arrived damaged Needs improvement.,Delivery
Price is too high Highly recommended.,Pricing
The courier delayed the order Average overall.,Delivery
Pricing could be better,Pricing
Fast delivery service Excellent experience.,Delivery
Support team was unresponsive Highly recommended.,Service
Support team resolved my issue quickly Highly recommended.,Service
The product is overpriced Excellent experience.,Pricing
Discount offers are attractive,Pricing
Support team was unresponsive,Service
Poor product material Highly recommended.,Product
Very durable and useful product Not satisfied.,Product
Amazing design and quality Excellent experience.,Product
Issue resolved professionally Needs improvement.,Service
Discount offers are attractive,Pricing
Delivery was very late Highly recommended.,Delivery
Support team was unresponsive Excellent experience.,Service
Amazing design and quality Excellent experience.,Product
Affordable pricing and good value Needs improvement.,Pricing
The product packaging was damaged Not satisfied.,Product
The item stopped working after two days Not satisfied.,Product
Delivery experience was smooth Highly recommended.,Delivery
Price is too high Excellent experience.,Pricing
Discount offers are attractive Average overall.,Pricing
Discount offers are attractive Excellent experience.,Pricing
Delivery experience was smooth Average overall.,Delivery
Poor product material Not satisfied.,Product
Discount offers are attractive Will buy again.,Pricing
Support team resolved my issue quickly Not satisfied.,Service
Pricing could be better Highly recommended.,Pricing
The representative was polite Highly recommended.,Service
Quick and reliable delivery Not satisfied.,Delivery
Customer service was very helpful Not satisfied.,Service
Excellent service experience,Service
Support team was unresponsive Will buy again.,Service
Amazing design and quality Average overall.,Product
Price is too high Not satisfied.,Pricing
Fast delivery service Average overall.,Delivery
Price is too high Will buy again.,Pricing
Poor response from support,Service
The item stopped working after two days Not satisfied.,Product
The product exceeded expectations Needs improvement.,Product
Affordable pricing and good value Needs improvement.,Pricing
The item stopped working after two days Average overall.,Product
Shipment tracking was inaccurate Not satisfied.,Delivery
The item stopped working after two days Not satisfied.,Product
Quick and reliable delivery,Delivery
Package arrived on time Will buy again.,Delivery
The product exceeded expectations Average overall.,Product
The product quality is excellent Not satisfied.,Product
Shipment tracking was inaccurate Excellent experience.,Delivery
Fantastic performance and reliability Will buy again.,Product
The representative was polite Highly recommended.,Service
The product packaging was damaged Will buy again.,Product
The courier delayed the order Will buy again.,Delivery
Delivery was very late Excellent experience.,Delivery
Reasonable pricing compared to competitors Not satisfied.,Pricing
Fantastic performance and reliability,Product
The item stopped working after two days Average overall.,Product
Customer service was very helpful Will buy again.,Service
Excellent service experience Will buy again.,Service
The courier delayed the order Needs improvement.,Delivery
Support team was unresponsive Not satisfied.,Service
Great value for money Average overall.,Pricing
The product is overpriced Excellent experience.,Pricing
Package arrived on time Will buy again.,Delivery
Package arrived on time Average overall.,Delivery
Support team resolved my issue quickly Not satisfied.,Service
The product is overpriced Not satisfied.,Pricing
Customer service was very helpful Average overall.,Service
Quick and reliable delivery Average overall.,Delivery
Shipment tracking was inaccurate Will buy again.,Delivery
Delivery was very late,Delivery
Quick and reliable delivery Will buy again.,Delivery
The product exceeded expectations Average overall.,Product
The product is overpriced Highly recommended.,Pricing
Delivery was very late Not satisfied.,Delivery
Shipment tracking was inaccurate Average overall.,Delivery
Issue resolved professionally Excellent experience.,Service
Fast delivery service Will buy again.,Delivery
Package arrived on time Will buy again.,Delivery
The product quality is excellent Not satisfied.,Product
Very durable and useful product Not satisfied.,Product
Support team was unresponsive Average overall.,Service
Shipment tracking was inaccurate Will buy again.,Delivery
Price is too high Highly recommended.,Pricing
Discount offers are attractive Will buy again.,Pricing
Customer service was very helpful Average overall.,Service
The package arrived damaged Average overall.,Delivery
Delivery experience was smooth Highly recommended.,Delivery
Delivery experience was smooth Needs improvement.,Delivery
Fantastic performance and reliability,Product
Affordable pricing and good value Needs improvement.,Pricing
Price is too high Average overall.,Pricing
The package arrived damaged,Delivery
The product packaging was damaged Will buy again.,Product
Pricing could be better Needs improvement.,Pricing
Customer care was disappointing,Service
Discount offers are attractive Excellent experience.,Pricing
The item stopped working after two days Will buy again.,Product
Pricing could be better Will buy again.,Pricing
Pricing could be better Excellent experience.,Pricing
The representative was polite Needs improvement.,Service
The representative was polite Excellent experience.,Service
Customer service was very helpful Will buy again.,Service
The product quality is excellent Highly recommended.,Product
Excellent service experience Highly recommended.,Service
The product is overpriced Average overall.,Pricing
Support team was unresponsive Highly recommended.,Service
Very expensive for the quality Not satisfied.,Pricing
Customer care was disappointing Average overall.,Service
Support team resolved my issue quickly Will buy again.,Service
Discount offers are attractive Will buy again.,Pricing
Issue resolved professionally Average overall.,Service
Customer service was very helpful,Service
Customer care was disappointing Needs improvement.,Service
The package arrived damaged,Delivery
Delivery was very late Excellent experience.,Delivery
Delivery experience was smooth Will buy again.,Delivery
The product packaging was damaged,Product
Support team resolved my issue quickly Highly recommended.,Service
Affordable pricing and good value,Pricing
Very durable and useful product Needs improvement.,Product
The item stopped working after two days Will buy again.,Product
Price is too high Excellent experience.,Pricing
Great value for money Highly recommended.,Pricing
Delivery was very late Will buy again.,Delivery
Support team was unresponsive Will buy again.,Service
Poor response from support Will buy again.,Service
Customer service was very helpful Average overall.,Service
Fantastic performance and reliability Highly recommended.,Product
Very expensive for the quality,Pricing
Reasonable pricing compared to competitors,Pricing
Pricing could be better Will buy again.,Pricing
The product is overpriced Average overall.,Pricing
Fantastic performance and reliability Not satisfied.,Product
The product is overpriced Excellent experience.,Pricing
Customer care was disappointing Not satisfied.,Service
Fantastic performance and reliability,Product
The package arrived damaged Highly recommended.,Delivery
Poor product material Will buy again.,Product
Poor response from support Highly recommended.,Service
Reasonable pricing compared to competitors Not satisfied.,Pricing
Fast delivery service Excellent experience.,Delivery
Support team was unresponsive Will buy again.,Service
Pricing could be better Average overall.,Pricing
Support team was unresponsive Highly recommended.,Service
Delivery experience was smooth Average overall.,Delivery
Very durable and useful product Will buy again.,Product
Customer service was very helpful Highly recommended.,Service
The courier delayed the order Average overall.,Delivery
Very durable and useful product Average overall.,Product
Very durable and useful product Average overall.,Product
Shipment tracking was inaccurate Average overall.,Delivery
Pricing could be better Not satisfied.,Pricing
The product exceeded expectations Highly recommended.,Product
Shipment tracking was inaccurate Will buy again.,Delivery
Package arrived on time Excellent experience.,Delivery
Very expensive for the quality Highly recommended.,Pricing
Reasonable pricing compared to competitors Highly recommended.,Pricing
Shipment tracking was inaccurate Excellent experience.,Delivery
Very expensive for the quality Needs improvement.,Pricing
Discount offers are attractive Excellent experience.,Pricing
The product is overpriced Average overall.,Pricing
The product quality is excellent Excellent experience.,Product
Affordable pricing and good value Needs improvement.,Pricing
Package arrived on time Needs improvement.,Delivery
Poor response from support Not satisfied.,Service
The product packaging was damaged Excellent experience.,Product
Great value for money Needs improvement.,Pricing
Delivery was very late Average overall.,Delivery
The courier delayed the order Not satisfied.,Delivery
Delivery experience was smooth,Delivery
The package arrived damaged Excellent experience.,Delivery
Price is too high,Pricing
The package arrived damaged Excellent experience.,Delivery
Delivery was very late Highly recommended.,Delivery
The product quality is excellent Excellent experience.,Product
Very durable and useful product Highly recommended.,Product
Amazing design and quality Highly recommended.,Product
Amazing design and quality Will buy again.,Product
Poor response from support Needs improvement.,Service
Fast delivery service Excellent experience.,Delivery
Delivery experience was smooth Will buy again.,Delivery
Price is too high Excellent experience.,Pricing
Price is too high,Pricing
Excellent service experience Average overall.,Service
The product quality is excellent Average overall.,Product
The product exceeded expectations Excellent experience.,Product
Poor product material,Product
Reasonable pricing compared to competitors Highly recommended.,Pricing
Fantastic performance and reliability Highly recommended.,Product
Excellent service experience Will buy again.,Service
Very expensive for the quality,Pricing
Shipment tracking was inaccurate Highly recommended.,Delivery
Fantastic performance and reliability Highly recommended.,Product
Delivery experience was smooth Excellent experience.,Delivery
Issue resolved professionally Not satisfied.,Service
Package arrived on time,Delivery
Poor product material Needs improvement.,Product
Price is too high Average overall.,Pricing
The product quality is excellent Excellent experience.,Product
Issue resolved professionally Average overall.,Service
Issue resolved professionally,Service
The product packaging was damaged Excellent experience.,Product
Amazing design and quality Will buy again.,Product
Amazing design and quality Excellent experience.,Product
Fast delivery service Excellent experience.,Delivery
Delivery was very late Average overall.,Delivery
The product packaging was damaged Will buy again.,Product
Support team was unresponsive Average overall.,Service
Amazing design and quality Highly recommended.,Product
Affordable pricing and good value,Pricing
Support team was unresponsive Not satisfied.,Service
Reasonable pricing compared to competitors Average overall.,Pricing
Reasonable pricing compared to competitors Not satisfied.,Pricing
Affordable pricing and good value Not satisfied.,Pricing
Customer care was disappointing Highly recommended.,Service
Pricing could be better Highly recommended.,Pricing
Customer service was very helpful Will buy again.,Service
Support team resolved my issue quickly Not satisfied.,Service
Quick and reliable delivery Not satisfied.,Delivery
Very expensive for the quality Excellent experience.,Pricing
Quick and reliable delivery Not satisfied.,Delivery
Poor response from support Needs improvement.,Service
Excellent service experience Not satisfied.,Service
Great value for money Excellent experience.,Pricing
Poor product material,Product
Package arrived on time Not satisfied.,Delivery
The product quality is excellent Not satisfied.,Product
The product packaging was damaged Highly recommended.,Product
Fast delivery service Not satisfied.,Delivery
Poor response from support Will buy again.,Service
Quick and reliable delivery Highly recommended.,Delivery
Pricing could be better,Pricing
Customer care was disappointing Excellent experience.,Service
The product packaging was damaged Will buy again.,Product
Poor response from support Not satisfied.,Service
Very durable and useful product Needs improvement.,Product
Amazing design and quality Will buy again.,Product
Poor response from support Will buy again.,Service
Customer care was disappointing Average overall.,Service
Quick and reliable delivery Not satisfied.,Delivery
Customer care was disappointing Needs improvement.,Service
Delivery experience was smooth Highly recommended.,Delivery
The product quality is excellent Will buy again.,Product
Package arrived on time Will buy again.,Delivery
Price is too high Will buy again.,Pricing
Quick and reliable delivery Will buy again.,Delivery
Great value for money Needs improvement.,Pricing
Issue resolved professionally Excellent experience.,Service
The product quality is excellent Not satisfied.,Product
Pricing could be better Will buy again.,Pricing
Very expensive for the quality,Pricing
Fantastic performance and reliability Will buy again.,Product
Excellent service experience Highly recommended.,Service
The package arrived damaged,Delivery
Shipment tracking was inaccurate,Delivery
Very durable and useful product Average overall.,Product
Very expensive for the quality Excellent experience.,Pricing
Customer service was very helpful,Service
Very durable and useful product Will buy again.,Product
Poor product material,Product
Poor response from support Average overall.,Service
Delivery was very late Not satisfied.,Delivery
Price is too high Not satisfied.,Pricing
The product is overpriced,Pricing
Quick and reliable delivery Highly recommended.,Delivery
The courier delayed the order Not satisfied.,Delivery
Customer service was very helpful Excellent experience.,Service
Very durable and useful product Not satisfied.,Product
Fantastic performance and reliability,Product
Fantastic performance and reliability Needs improvement.,Product
Delivery was very late Will buy again.,Delivery
Issue resolved professionally Needs improvement.,Service
Discount offers are attractive Highly recommended.,Pricing
Fantastic performance and reliability Excellent experience.,Product
Issue resolved professionally Will buy again.,Service
Discount offers are attractive Will buy again.,Pricing
Excellent service experience Excellent experience.,Service
Pricing could be better Will buy again.,Pricing
Fast delivery service Excellent experience.,Delivery
Pricing could be better Average overall.,Pricing
Pricing could be better,Pricing
Package arrived on time Needs improvement.,Delivery
Delivery experience was smooth Will buy again.,Delivery
Reasonable pricing compared to competitors Excellent experience.,Pricing
The item stopped working after two days Highly recommended.,Product
Excellent service experience Needs improvement.,Service
The package arrived damaged Needs improvement.,Delivery
Excellent service experience Will buy again.,Service
Great value for money,Pricing
Discount offers are attractive Will buy again.,Pricing
Pricing could be better Will buy again.,Pricing
Customer care was disappointing Average overall.,Service
Customer service was very helpful Not satisfied.,Service
Quick and reliable delivery Not satisfied.,Delivery
The representative was polite Needs improvement.,Service
Excellent service experience Not satisfied.,Service
The item stopped working after two days Highly recommended.,Product
Very durable and useful product Excellent experience.,Product
Amazing design and quality Will buy again.,Product
The item stopped working after two days Excellent experience.,Product
The product exceeded expectations Not satisfied.,Product
Support team was unresponsive Will buy again.,Service
The product packaging was damaged Excellent experience.,Product
The representative was polite Excellent experience.,Service
The representative was polite Needs improvement.,Service
Poor response from support Highly recommended.,Service
Delivery experience was smooth Highly recommended.,Delivery
Poor product material Needs improvement.,Product
The package arrived damaged Not satisfied.,Delivery
Very durable and useful product Not satisfied.,Product
Delivery experience was smooth,Delivery
Reasonable pricing compared to competitors Not satisfied.,Pricing
Affordable pricing and good value Will buy again.,Pricing
Support team resolved my issue quickly,Service
Shipment tracking was inaccurate Needs improvement.,Delivery
Delivery experience was smooth Will buy again.,Delivery
Pricing could be better Needs improvement.,Pricing
Price is too high Average overall.,Pricing
Affordable pricing and good value Excellent experience.,Pricing
Discount offers are attractive Needs improvement.,Pricing
Affordable pricing and good value Needs improvement.,Pricing
The product packaging was damaged Average overall.,Product
Affordable pricing and good value Not satisfied.,Pricing
The package arrived damaged Needs improvement.,Delivery
Great value for money Not satisfied.,Pricing
The product exceeded expectations Needs improvement.,Product
Very durable and useful product Excellent experience.,Product
Issue resolved professionally Average overall.,Service
The product exceeded expectations,Product
Fast delivery service Not satisfied.,Delivery
Affordable pricing and good value Average overall.,Pricing
Discount offers are attractive Excellent experience.,Pricing
Poor product material,Product
Great value for money Excellent experience.,Pricing
Poor product material Highly recommended.,Product
Pricing could be better Will buy again.,Pricing
Support team was unresponsive Excellent experience.,Service
The item stopped working after two days Needs improvement.,Product
Delivery experience was smooth Not satisfied.,Delivery
Issue resolved professionally Excellent experience.,Service
Customer service was very helpful Will buy again.,Service
Package arrived on time,Delivery
The product exceeded expectations Needs improvement.,Product
The representative was polite Not satisfied.,Service
Excellent service experience Excellent experience.,Service
Poor response from support Not satisfied.,Service
Shipment tracking was inaccurate Highly recommended.,Delivery
Amazing design and quality Needs improvement.,Product
The product exceeded expectations Needs improvement.,Product
Issue resolved professionally Will buy again.,Service
Shipment tracking was inaccurate Will buy again.,Delivery
Support team resolved my issue quickly Average overall.,Service
The courier delayed the order Not satisfied.,Delivery
The product quality is excellent Not satisfied.,Product
The courier delayed the order Will buy again.,Delivery
Issue resolved professionally,Service
Support team was unresponsive Average overall.,Service
Pricing could be better Will buy again.,Pricing
Discount offers are attractive Highly recommended.,Pricing
Package arrived on time Average overall.,Delivery
Delivery experience was smooth Highly recommended.,Delivery
Affordable pricing and good value Highly recommended.,Pricing
The representative was polite Highly recommended.,Service
Excellent service experience Excellent experience.,Service
Shipment tracking was inaccurate,Delivery
Quick and reliable delivery Highly recommended.,Delivery
Fast delivery service Will buy again.,Delivery
Delivery was very late Highly recommended.,Delivery
The package arrived damaged,Delivery
Shipment tracking was inaccurate,Delivery
Very expensive for the quality Average overall.,Pricing
Fast delivery service,Delivery
Great value for money Highly recommended.,Pricing
Fast delivery service Excellent experience.,Delivery
Pricing could be better,Pricing
The product exceeded expectations,Product
Poor response from support Will buy again.,Service
Reasonable pricing compared to competitors Not satisfied.,Pricing
Price is too high Excellent experience.,Pricing
Customer service was very helpful Average overall.,Service
Discount offers are attractive Excellent experience.,Pricing
The representative was polite Needs improvement.,Service
Great value for money Excellent experience.,Pricing
Support team was unresponsive Not satisfied.,Service
Very durable and useful product Average overall.,Product
Very expensive for the quality Needs improvement.,Pricing
Fast delivery service,Delivery
Pricing could be better,Pricing
Poor product material Average overall.,Product
Fast delivery service Not satisfied.,Delivery
Support team resolved my issue quickly Not satisfied.,Service
Customer care was disappointing Average overall.,Service
Customer care was disappointing Needs improvement.,Service
Delivery was very late Not satisfied.,Delivery
Quick and reliable delivery,Delivery
Reasonable pricing compared to competitors,Pricing
Affordable pricing and good value Average overall.,Pricing
Customer service was very helpful Needs improvement.,Service
Very durable and useful product Needs improvement.,Product
Customer service was very helpful Not satisfied.,Service
The product is overpriced,Pricing
Poor response from support,Service
The product exceeded expectations,Product
The courier delayed the order,Delivery
The product quality is excellent Will buy again.,Product
The product exceeded expectations Average overall.,Product
Fast delivery service Average overall.,Delivery
The product quality is excellent Not satisfied.,Product
Customer care was disappointing Average overall.,Service
Fantastic performance and reliability,Product
Fantastic performance and reliability Not satisfied.,Product
Delivery was very late,Delivery
Support team was unresponsive Not satisfied.,Service
The product packaging was damaged Will buy again.,Product
The product quality is excellent Excellent experience.,Product
Quick and reliable delivery Not satisfied.,Delivery
Customer service was very helpful Highly recommended.,Service
Great value for money Excellent experience.,Pricing
The product is overpriced Will buy again.,Pricing
Very expensive for the quality Highly recommended.,Pricing
The item stopped working after two days Highly recommended.,Product
Great value for money Not satisfied.,Pricing
Very expensive for the quality Excellent experience.,Pricing
Fast delivery service Will buy again.,Delivery
Very expensive for the quality,Pricing
The product packaging was damaged Highly recommended.,Product
Poor product material Not satisfied.,Product
Amazing design and quality Average overall.,Product
Package arrived on time Excellent experience.,Delivery
Package arrived on time Needs improvement.,Delivery
Excellent service experience Will buy again.,Service
Customer care was disappointing Excellent experience.,Service
Great value for money Will buy again.,Pricing
Customer service was very helpful Excellent experience.,Service
The product quality is excellent Average overall.,Product
Reasonable pricing compared to competitors Average overall.,Pricing
The product exceeded expectations Average overall.,Product
Customer service was very helpful Not satisfied.,Service
Support team resolved my issue quickly Average overall.,Service
Discount offers are attractive Average overall.,Pricing
Pricing could be better Not satisfied.,Pricing
The representative was polite Excellent experience.,Service
Issue resolved professionally,Service
Package arrived on time Average overall.,Delivery
Poor response from support Needs improvement.,Service
Issue resolved professionally Will buy again.,Service
Excellent service experience Not satisfied.,Service
Poor product material Not satisfied.,Product
Fast delivery service Average overall.,Delivery
Issue resolved professionally Will buy again.,Service
Poor response from support Excellent experience.,Service
The representative was polite Needs improvement.,Service
Delivery was very late Excellent experience.,Delivery
Fast delivery service Not satisfied.,Delivery
Great value for money Excellent experience.,Pricing
The courier delayed the order Average overall.,Delivery
Very durable and useful product Excellent experience.,Product
Very durable and useful product,Product
The product exceeded expectations Needs improvement.,Product
Support team was unresponsive Not satisfied.,Service
Fast delivery service Will buy again.,Delivery
Shipment tracking was inaccurate Needs improvement.,Delivery
The item stopped working after two days Will buy again.,Product
The product packaging was damaged Not satisfied.,Product
Pricing could be better,Pricing
Very durable and useful product Average overall.,Product
Pricing could be better Excellent experience.,Pricing
Great value for money Needs improvement.,Pricing
The product is overpriced Needs improvement.,Pricing
Discount offers are attractive Average overall.,Pricing
Pricing could be better Average overall.,Pricing
Delivery experience was smooth Will buy again.,Delivery
Discount offers are attractive Needs improvement.,Pricing
Shipment tracking was inaccurate Highly recommended.,Delivery
The package arrived damaged Excellent experience.,Delivery
The product exceeded expectations Not satisfied.,Product
The product is overpriced,Pricing
Customer care was disappointing Needs improvement.,Service
Discount offers are attractive Average overall.,Pricing
Very expensive for the quality Not satisfied.,Pricing
The package arrived damaged Highly recommended.,Delivery
The item stopped working after two days Highly recommended.,Product
Fast delivery service Not satisfied.,Delivery
The item stopped working after two days Highly recommended.,Product
The package arrived damaged,Delivery
Customer service was very helpful Average overall.,Service
Reasonable pricing compared to competitors Highly recommended.,Pricing
Excellent service experience,Service
Customer care was disappointing Needs improvement.,Service
Delivery experience was smooth Needs improvement.,Delivery
Issue resolved professionally Needs improvement.,Service
Great value for money Highly recommended.,Pricing
Issue resolved professionally,Service
Customer service was very helpful,Service
The product exceeded expectations,Product
Poor product material Needs improvement.,Product
The representative was polite,Service
Excellent service experience Needs improvement.,Service
Amazing design and quality Not satisfied.,Product
Excellent service experience Average overall.,Service
Price is too high Average overall.,Pricing
Pricing could be better Needs improvement.,Pricing
Support team resolved my issue quickly Needs improvement.,Service
Delivery experience was smooth Not satisfied.,Delivery
Delivery experience was smooth Excellent experience.,Delivery
Affordable pricing and good value Excellent experience.,Pricing
Customer service was very helpful Not satisfied.,Service
Great value for money Highly recommended.,Pricing
Very durable and useful product Average overall.,Product
The courier delayed the order,Delivery
The representative was polite Highly recommended.,Service
Price is too high Highly recommended.,Pricing
Affordable pricing and good value Not satisfied.,Pricing
Quick and reliable delivery Will buy again.,Delivery
Quick and reliable delivery Highly recommended.,Delivery
Affordable pricing and good value Average overall.,Pricing
Amazing design and quality Average overall.,Product
The package arrived damaged Highly recommended.,Delivery
Affordable pricing and good value Highly recommended.,Pricing
Quick and reliable delivery Not satisfied.,Delivery
Package arrived on time Not satisfied.,Delivery
Support team was unresponsive Highly recommended.,Service
Excellent service experience Needs improvement.,Service
Excellent service experience Not satisfied.,Service
The product packaging was damaged Highly recommended.,Product
Poor product material Highly recommended.,Product
The product is overpriced Highly recommended.,Pricing
Support team resolved my issue quickly Excellent experience.,Service
Great value for money Highly recommended.,Pricing
Fantastic performance and reliability,Product
Issue resolved professionally Needs improvement.,Service
Pricing could be better Highly recommended.,Pricing
Excellent service experience Excellent experience.,Service
The product quality is excellent Will buy again.,Product
Fast delivery service Not satisfied.,Delivery
Shipment tracking was inaccurate Highly recommended.,Delivery
Reasonable pricing compared to competitors Will buy again.,Pricing
Fantastic performance and reliability Not satisfied.,Product
Support team was unresponsive Needs improvement.,Service
The courier delayed the order Excellent experience.,Delivery
The product quality is excellent Average overall.,Product
The product quality is excellent Excellent experience.,Product
Reasonable pricing compared to competitors Needs improvement.,Pricing
The product is overpriced Not satisfied.,Pricing
Poor product material Excellent experience.,Product
Customer service was very helpful Will buy again.,Service
The representative was polite Needs improvement.,Service
Quick and reliable delivery Will buy again.,Delivery
The product exceeded expectations Excellent experience.,Product
The product quality is excellent Not satisfied.,Product
The product quality is excellent Highly recommended.,Product
The product exceeded expectations Not satisfied.,Product
Pricing could be better Needs improvement.,Pricing
Pricing could be better,Pricing
The courier delayed the order Not satisfied.,Delivery
The product is overpriced Not satisfied.,Pricing
Delivery experience was smooth Not satisfied.,Delivery
Reasonable pricing compared to competitors Not satisfied.,Pricing
The package arrived damaged Needs improvement.,Delivery
Delivery experience was smooth Not satisfied.,Delivery
Fantastic performance and reliability Excellent experience.,Product
Great value for money Highly recommended.,Pricing
Discount offers are attractive Excellent experience.,Pricing
Amazing design and quality Excellent experience.,Product
The representative was polite Average overall.,Service
Fast delivery service Highly recommended.,Delivery
The product quality is excellent Not satisfied.,Product
Poor response from support Average overall.,Service
Shipment tracking was inaccurate Needs improvement.,Delivery
Poor response from support,Service
Support team resolved my issue quickly Highly recommended.,Service
Price is too high Excellent experience.,Pricing
Price is too high Highly recommended.,Pricing
Discount offers are attractive Not satisfied.,Pricing
The product is overpriced Highly recommended.,Pricing
Delivery experience was smooth Needs improvement.,Delivery
Package arrived on time,Delivery
Delivery experience was smooth Excellent experience.,Delivery
Poor response from support Not satisfied.,Service
Poor response from support Not satisfied.,Service
Reasonable pricing compared to competitors Not satisfied.,Pricing
Package arrived on time Not satisfied.,Delivery
Reasonable pricing compared to competitors Excellent experience.,Pricing
Discount offers are attractive Will buy again.,Pricing
Amazing design and quality Average overall.,Product
The representative was polite Average overall.,Service
Affordable pricing and good value Not satisfied.,Pricing
The item stopped working after two days,Product
Support team resolved my issue quickly Highly recommended.,Service
Price is too high Excellent experience.,Pricing
Poor response from support Will buy again.,Service
The item stopped working after two days Excellent experience.,Product
Very durable and useful product Will buy again.,Product
Great value for money Excellent experience.,Pricing
Shipment tracking was inaccurate,Delivery
The product exceeded expectations Excellent experience.,Product
The product quality is excellent Excellent experience.,Product
Fast delivery service Not satisfied.,Delivery
Great value for money Excellent experience.,Pricing
The product packaging was damaged Needs improvement.,Product
The product quality is excellent Will buy again.,Product
Amazing design and quality Not satisfied.,Product
Discount offers are attractive,Pricing
Price is too high Average overall.,Pricing
Poor response from support Excellent experience.,Service
Quick and reliable delivery Not satisfied.,Delivery
Price is too high Average overall.,Pricing
Great value for money Highly recommended.,Pricing
Amazing design and quality Average overall.,Product
Excellent service experience Needs improvement.,Service
Fantastic performance and reliability Needs improvement.,Product
Poor product material Excellent experience.,Product
The item stopped working after two days Average overall.,Product
Package arrived on time Excellent experience.,Delivery
The package arrived damaged Needs improvement.,Delivery
Shipment tracking was inaccurate Will buy again.,Delivery
Affordable pricing and good value,Pricing
Affordable pricing and good value Excellent experience.,Pricing
Poor product material Needs improvement.,Product
Quick and reliable delivery Not satisfied.,Delivery
Great value for money Will buy again.,Pricing
Customer service was very helpful Average overall.,Service
Support team resolved my issue quickly Excellent experience.,Service
The product exceeded expectations Highly recommended.,Product
The courier delayed the order Excellent experience.,Delivery
The package arrived damaged Needs improvement.,Delivery
Great value for money Will buy again.,Pricing
Fast delivery service Excellent experience.,Delivery
Issue resolved professionally Highly recommended.,Service
Very durable and useful product Excellent experience.,Product
Poor response from support Needs improvement.,Service
Very expensive for the quality Needs improvement.,Pricing
Reasonable pricing compared to competitors Not satisfied.,Pricing
The product quality is excellent Will buy again.,Product
Support team resolved my issue quickly Will buy again.,Service
Excellent service experience Excellent experience.,Service
The product exceeded expectations Not satisfied.,Product
Poor product material Excellent experience.,Product
Great value for money Will buy again.,Pricing
Poor product material Not satisfied.,Product
Quick and reliable delivery Will buy again.,Delivery
The package arrived damaged Highly recommended.,Delivery
Quick and reliable delivery Will buy again.,Delivery
Support team was unresponsive Needs improvement.,Service
Fast delivery service Not satisfied.,Delivery
Price is too high Needs improvement.,Pricing
The product is overpriced Highly recommended.,Pricing
Excellent service experience Not satisfied.,Service
Amazing design and quality Excellent experience.,Product
Package arrived on time Average overall.,Delivery
Customer care was disappointing Not satisfied.,Service
Pricing could be better Average overall.,Pricing
Price is too high Average overall.,Pricing
Delivery experience was smooth Will buy again.,Delivery
Affordable pricing and good value Excellent experience.,Pricing
Very durable and useful product Average overall.,Product
The item stopped working after two days Highly recommended.,Product
Delivery experience was smooth Highly recommended.,Delivery
The product is overpriced Will buy again.,Pricing
The product is overpriced Will buy again.,Pricing
Delivery was very late Will buy again.,Delivery
The product exceeded expectations Excellent experience.,Product
Amazing design and quality Needs improvement.,Product
Very expensive for the quality Excellent experience.,Pricing
The representative was polite Needs improvement.,Service
The product is overpriced Excellent experience.,Pricing
Shipment tracking was inaccurate Not satisfied.,Delivery
The product exceeded expectations Not satisfied.,Product
Affordable pricing and good value Will buy again.,Pricing
The product is overpriced Needs improvement.,Pricing
The product is overpriced Highly recommended.,Pricing
Amazing design and quality Average overall.,Product
Delivery experience was smooth,Delivery
The product exceeded expectations Not satisfied.,Product
Excellent service experience Excellent experience.,Service
Very durable and useful product Average overall.,Product
Very durable and useful product Will buy again.,Product
Issue resolved professionally Excellent experience.,Service
Great value for money Needs improvement.,Pricing
Customer care was disappointing,Service
Support team resolved my issue quickly Average overall.,Service
Very durable and useful product Not satisfied.,Product
The product is overpriced Excellent experience.,Pricing
Pricing could be better Will buy again.,Pricing
Customer service was very helpful Will buy again.,Service
Delivery was very late,Delivery
Quick and reliable delivery Needs improvement.,Delivery
Very durable and useful product Average overall.,Product
Customer service was very helpful Not satisfied.,Service
The package arrived damaged Excellent experience.,Delivery
Very durable and useful product Will buy again.,Product
The product is overpriced,Pricing
Quick and reliable delivery Will buy again.,Delivery
Excellent service experience,Service
Support team was unresponsive Will buy again.,Service
The product quality is excellent Will buy again.,Product
Reasonable pricing compared to competitors Average overall.,Pricing
Amazing design and quality Average overall.,Product
Poor response from support Excellent experience.,Service
Fantastic performance and reliability Average overall.,Product
Amazing design and quality Highly recommended.,Product
Delivery was very late Needs improvement.,Delivery
Support team was unresponsive Will buy again.,Service
Package arrived on time Average overall.,Delivery
The product is overpriced Will buy again.,Pricing
Issue resolved professionally Will buy again.,Service
The product exceeded expectations Needs improvement.,Product
Very durable and useful product,Product
Discount offers are attractive Excellent experience.,Pricing
The package arrived damaged,Delivery
Support team was unresponsive Excellent experience.,Service
The item stopped working after two days Needs improvement.,Product
Very expensive for the quality Highly recommended.,Pricing
Issue resolved professionally,Service
Support team resolved my issue quickly Will buy again.,Service
Amazing design and quality Highly recommended.,Product
Package arrived on time Needs improvement.,Delivery
Shipment tracking was inaccurate Needs improvement.,Delivery
Amazing design and quality Excellent experience.,Product
The product is overpriced Excellent experience.,Pricing
Very durable and useful product Highly recommended.,Product
Price is too high Will buy again.,Pricing
Price is too high Will buy again.,Pricing
Discount offers are attractive Will buy again.,Pricing
Amazing design and quality Will buy again.,Product
Delivery was very late Highly recommended.,Delivery
Support team resolved my issue quickly,Service
Excellent service experience Average overall.,Service
The package arrived damaged Will buy again.,Delivery
Issue resolved professionally Needs improvement.,Service
Discount offers are attractive,Pricing
The representative was polite Excellent experience.,Service
The courier delayed the order Needs improvement.,Delivery
Poor response from support Highly recommended.,Service
Price is too high Average overall.,Pricing
Support team was unresponsive Average overall.,Service
Issue resolved professionally Needs improvement.,Service
The product is overpriced Will buy again.,Pricing
Price is too high Needs improvement.,Pricing
Poor product material Average overall.,Product
Issue resolved professionally Excellent experience.,Service
Price is too high,Pricing
The product packaging was damaged Excellent experience.,Product
Delivery experience was smooth Highly recommended.,Delivery
Customer service was very helpful Average overall.,Service
The product is overpriced Needs improvement.,Pricing
Reasonable pricing compared to competitors Needs improvement.,Pricing
The product quality is excellent,Product
The package arrived damaged Will buy again.,Delivery
Affordable pricing and good value Excellent experience.,Pricing
Poor product material Average overall.,Product
The product exceeded expectations Excellent experience.,Product
The product packaging was damaged Needs improvement.,Product
Discount offers are attractive,Pricing
The product packaging was damaged Excellent experience.,Product
Delivery was very late,Delivery
Quick and reliable delivery Will buy again.,Delivery
Poor product material Highly recommended.,Product
Delivery was very late Highly recommended.,Delivery
Amazing design and quality Not satisfied.,Product
Pricing could be better Needs improvement.,Pricing
Great value for money Needs improvement.,Pricing
Excellent service experience,Service
Customer service was very helpful Needs improvement.,Service
Support team was unresponsive Needs improvement.,Service
Support team was unresponsive,Service
The item stopped working after two days Not satisfied.,Product
Quick and reliable delivery Will buy again.,Delivery
Affordable pricing and good value Average overall.,Pricing
The product quality is excellent Needs improvement.,Product
Shipment tracking was inaccurate Needs improvement.,Delivery
The representative was polite,Service
The product quality is excellent Average overall.,Product
The representative was polite Excellent experience.,Service
Shipment tracking was inaccurate Needs improvement.,Delivery
Shipment tracking was inaccurate Not satisfied.,Delivery
The courier delayed the order Highly recommended.,Delivery
Support team resolved my issue quickly Needs improvement.,Service
Reasonable pricing compared to competitors Excellent experience.,Pricing
The product is overpriced Not satisfied.,Pricing
Issue resolved professionally Highly recommended.,Service
Very durable and useful product Excellent experience.,Product
The product packaging was damaged Average overall.,Product
Poor product material Will buy again.,Product
Very durable and useful product Will buy again.,Product
Package arrived on time,Delivery
The product exceeded expectations Will buy again.,Product
Very expensive for the quality Average overall.,Pricing
The product packaging was damaged Average overall.,Product
Support team was unresponsive,Service
Reasonable pricing compared to competitors Will buy again.,Pricing
Customer service was very helpful Will buy again.,Service
Very durable and useful product Needs improvement.,Product
The representative was polite Average overall.,Service
Poor product material,Product
Support team resolved my issue quickly Average overall.,Service
Shipment tracking was inaccurate Will buy again.,Delivery
The product packaging was damaged Average overall.,Product
Price is too high,Pricing
The product quality is excellent,Product
Shipment tracking was inaccurate,Delivery
Issue resolved professionally,Service
Support team resolved my issue quickly Average overall.,Service
The package arrived damaged Needs improvement.,Delivery
Issue resolved professionally Average overall.,Service
Great value for money Excellent experience.,Pricing
The item stopped working after two days,Product
Delivery was very late Excellent experience.,Delivery
Issue resolved professionally Highly recommended.,Service
Customer service was very helpful Highly recommended.,Service
The product quality is excellent Not satisfied.,Product
Very durable and useful product,Product
Affordable pricing and good value Highly recommended.,Pricing
The product quality is excellent Not satisfied.,Product
Reasonable pricing compared to competitors Needs improvement.,Pricing
Very durable and useful product Not satisfied.,Product
Very durable and useful product Average overall.,Product
Customer service was very helpful Needs improvement.,Service
Customer service was very helpful Excellent experience.,Service
Package arrived on time Not satisfied.,Delivery
Very expensive for the quality Highly recommended.,Pricing
Shipment tracking was inaccurate Excellent experience.,Delivery
Price is too high Needs improvement.,Pricing
Excellent service experience Will buy again.,Service
Issue resolved professionally Excellent experience.,Service
Delivery experience was smooth Average overall.,Delivery
Reasonable pricing compared to competitors Not satisfied.,Pricing
Excellent service experience Needs improvement.,Service
The package arrived damaged Needs improvement.,Delivery
Delivery was very late,Delivery
Shipment tracking was inaccurate Average overall.,Delivery
Support team was unresponsive Will buy again.,Service
Fast delivery service,Delivery
The product is overpriced,Pricing
Excellent service experience Average overall.,Service
Poor product material,Product
Reasonable pricing compared to competitors Highly recommended.,Pricing
Great value for money Highly recommended.,Pricing
Pricing could be better Average overall.,Pricing
The product is overpriced Not satisfied.,Pricing
Fantastic performance and reliability Needs improvement.,Product
The product quality is excellent Average overall.,Product
Affordable pricing and good value Highly recommended.,Pricing
Very expensive for the quality Average overall.,Pricing
Package arrived on time Average overall.,Delivery
Shipment tracking was inaccurate Needs improvement.,Delivery
Great value for money Excellent experience.,Pricing
The courier delayed the order Excellent experience.,Delivery
The product quality is excellent Will buy again.,Product
The product exceeded expectations,Product
Package arrived on time Not satisfied.,Delivery
Price is too high Will buy again.,Pricing
Discount offers are attractive Average overall.,Pricing
Affordable pricing and good value Needs improvement.,Pricing
Excellent service experience Average overall.,Service
Pricing could be better Average overall.,Pricing
The product exceeded expectations Not satisfied.,Product
The courier delayed the order Average overall.,Delivery
Pricing could be better Highly recommended.,Pricing
The product is overpriced Will buy again.,Pricing
The representative was polite Excellent experience.,Service
Discount offers are attractive Highly recommended.,Pricing
Customer care was disappointing Will buy again.,Service
Price is too high,Pricing
Price is too high Not satisfied.,Pricing
Great value for money Needs improvement.,Pricing
Very durable and useful product Excellent experience.,Product
The representative was polite Average overall.,Service
The product quality is excellent Not satisfied.,Product
Package arrived on time Will buy again.,Delivery
Pricing could be better Excellent experience.,Pricing
The item stopped working after two days Highly recommended.,Product
Very durable and useful product Needs improvement.,Product
Quick and reliable delivery Highly recommended.,Delivery
The product exceeded expectations Not satisfied.,Product
Reasonable pricing compared to competitors Needs improvement.,Pricing
Fast delivery service Not satisfied.,Delivery
Support team was unresponsive Will buy again.,Service
Price is too high Not satisfied.,Pricing
The item stopped working after two days Average overall.,Product
Support team resolved my issue quickly Excellent experience.,Service
Delivery experience was smooth Needs improvement.,Delivery
The item stopped working after two days Excellent experience.,Product
The product exceeded expectations Average overall.,Product
Support team resolved my issue quickly Not satisfied.,Service
Reasonable pricing compared to competitors Needs improvement.,Pricing
The product exceeded expectations Not satisfied.,Product
Fantastic performance and reliability Not satisfied.,Product
Excellent service experience Highly recommended.,Service
Great value for money Not satisfied.,Pricing
Package arrived on time Will buy again.,Delivery
Package arrived on time Needs improvement.,Delivery
Pricing could be better Highly recommended.,Pricing
Support team was unresponsive Will buy again.,Service
The representative was polite Needs improvement.,Service
Quick and reliable delivery Needs improvement.,Delivery
The product quality is excellent Excellent experience.,Product
Very expensive for the quality Highly recommended.,Pricing
Package arrived on time Average overall.,Delivery
Amazing design and quality Will buy again.,Product
The package arrived damaged Will buy again.,Delivery
Amazing design and quality Excellent experience.,Product
The product quality is excellent Average overall.,Product
Fantastic performance and reliability Highly recommended.,Product
Poor product material Highly recommended.,Product
The representative was polite Average overall.,Service
Reasonable pricing compared to competitors Average overall.,Pricing
Support team resolved my issue quickly Average overall.,Service
Very durable and useful product Will buy again.,Product
Great value for money,Pricing
The product is overpriced Highly recommended.,Pricing
Fantastic performance and reliability Excellent experience.,Product
Price is too high Excellent experience.,Pricing
Poor product material Average overall.,Product
Reasonable pricing compared to competitors Not satisfied.,Pricing
Price is too high Will buy again.,Pricing
The product packaging was damaged Needs improvement.,Product
Customer care was disappointing Highly recommended.,Service
Very durable and useful product Will buy again.,Product
The product quality is excellent Not satisfied.,Product
Shipment tracking was inaccurate,Delivery
Customer service was very helpful Needs improvement.,Service
Poor response from support Needs improvement.,Service
The product packaging was damaged,Product
The product packaging was damaged Not satisfied.,Product
Package arrived on time,Delivery
The product is overpriced Will buy again.,Pricing
The representative was polite Average overall.,Service
Delivery was very late Needs improvement.,Delivery
The item stopped working after two days Will buy again.,Product
The product is overpriced Average overall.,Pricing
Pricing could be better Will buy again.,Pricing
Pricing could be better Excellent experience.,Pricing
Reasonable pricing compared to competitors,Pricing
Customer care was disappointing Highly recommended.,Service
Discount offers are attractive Excellent experience.,Pricing
Amazing design and quality Highly recommended.,Product
The product is overpriced Average overall.,Pricing
Poor response from support Highly recommended.,Service
Customer service was very helpful,Service
The item stopped working after two days Average overall.,Product
Issue resolved professionally Will buy again.,Service
Customer care was disappointing Highly recommended.,Service
Customer care was disappointing Excellent experience.,Service
The product exceeded expectations Excellent experience.,Product
Fantastic performance and reliability Average overall.,Product
The product packaging was damaged Average overall.,Product
Fantastic performance and reliability Average overall.,Product
The representative was polite,Service
Affordable pricing and good value Highly recommended.,Pricing
The product packaging was damaged Highly recommended.,Product
Delivery experience was smooth Not satisfied.,Delivery
Delivery experience was smooth Excellent experience.,Delivery
Customer service was very helpful Not satisfied.,Service
Fast delivery service Average overall.,Delivery
Shipment tracking was inaccurate Not satisfied.,Delivery
Poor product material Average overall.,Product
Customer service was very helpful Highly recommended.,Service
Poor response from support Will buy again.,Service
The representative was polite Not satisfied.,Service
Price is too high Will buy again.,Pricing
The product is overpriced Not satisfied.,Pricing
Support team was unresponsive,Service
Discount offers are attractive Will buy again.,Pricing
Very durable and useful product Not satisfied.,Product
Shipment tracking was inaccurate Highly recommended.,Delivery
Support team resolved my issue quickly Needs improvement.,Service
Delivery experience was smooth Will buy again.,Delivery
Very expensive for the quality Excellent experience.,Pricing
Discount offers are attractive,Pricing
Delivery experience was smooth Average overall.,Delivery
Very durable and useful product Needs improvement.,Product
Reasonable pricing compared to competitors Highly recommended.,Pricing
Pricing could be better,Pricing
Customer service was very helpful,Service
Pricing could be better Needs improvement.,Pricing
The package arrived damaged Highly recommended.,Delivery
Great value for money Excellent experience.,Pricing
Customer care was disappointing Needs improvement.,Service
Customer care was disappointing Will buy again.,Service
Excellent service experience Highly recommended.,Service
The product quality is excellent Excellent experience.,Product
Great value for money Needs improvement.,Pricing
Affordable pricing and good value Will buy again.,Pricing
Support team resolved my issue quickly Average overall.,Service
Affordable pricing and good value Excellent experience.,Pricing
Very expensive for the quality Needs improvement.,Pricing
Amazing design and quality,Product
Price is too high Excellent experience.,Pricing
Fast delivery service,Delivery
Support team was unresponsive Not satisfied.,Service
Affordable pricing and good value Highly recommended.,Pricing
Affordable pricing and good value Needs improvement.,Pricing
Very durable and useful product,Product
Poor response from support,Service
Amazing design and quality Will buy again.,Product
Very durable and useful product,Product
Support team was unresponsive Highly recommended.,Service
Great value for money Not satisfied.,Pricing
Support team resolved my issue quickly,Service
The item stopped working after two days Needs improvement.,Product
Support team resolved my issue quickly Will buy again.,Service
Great value for money Not satisfied.,Pricing
Discount offers are attractive Highly recommended.,Pricing
Price is too high Not satisfied.,Pricing
Customer service was very helpful Excellent experience.,Service
Support team was unresponsive Will buy again.,Service
Amazing design and quality Excellent experience.,Product
Pricing could be better Excellent experience.,Pricing
Issue resolved professionally Not satisfied.,Service
Pricing could be better Not satisfied.,Pricing
The courier delayed the order Needs improvement.,Delivery
Pricing could be better,Pricing
Delivery was very late Average overall.,Delivery
Discount offers are attractive Average overall.,Pricing
Shipment tracking was inaccurate Average overall.,Delivery
The package arrived damaged Not satisfied.,Delivery
Reasonable pricing compared to competitors Excellent experience.,Pricing
Amazing design and quality Highly recommended.,Product
Very expensive for the quality,Pricing
Discount offers are attractive Highly recommended.,Pricing
Customer service was very helpful Not satisfied.,Service
Delivery was very late Needs improvement.,Delivery
Amazing design and quality Highly recommended.,Product
Package arrived on time Excellent experience.,Delivery
Quick and reliable delivery Not satisfied.,Delivery
Reasonable pricing compared to competitors Average overall.,Pricing
Price is too high Highly recommended.,Pricing
Price is too high Highly recommended.,Pricing
Package arrived on time Highly recommended.,Delivery
Price is too high Excellent experience.,Pricing
Support team resolved my issue quickly Not satisfied.,Service
Customer service was very helpful Not satisfied.,Service
The product packaging was damaged Needs improvement.,Product
Issue resolved professionally,Service
Fast delivery service Not satisfied.,Delivery
Issue resolved professionally,Service
The item stopped working after two days Highly recommended.,Product
Fantastic performance and reliability Will buy again.,Product
The courier delayed the order Highly recommended.,Delivery
Support team resolved my issue quickly Will buy again.,Service
Very expensive for the quality,Pricing
Support team was unresponsive Average overall.,Service
Pricing could be better Highly recommended.,Pricing
Excellent service experience Will buy again.,Service
Amazing design and quality Will buy again.,Product
The representative was polite Average overall.,Service
Support team resolved my issue quickly,Service
Customer care was disappointing Excellent experience.,Service
Poor response from support Highly recommended.,Service
Excellent service experience Average overall.,Service
The product packaging was damaged Needs improvement.,Product
The product exceeded expectations Highly recommended.,Product
Customer service was very helpful Not satisfied.,Service
Support team was unresponsive Needs improvement.,Service
Issue resolved professionally Highly recommended.,Service
Customer service was very helpful,Service
Issue resolved professionally Will buy again.,Service
Package arrived on time Needs improvement.,Delivery
Pricing could be better Average overall.,Pricing
Excellent service experience Will buy again.,Service
Delivery was very late Average overall.,Delivery
Delivery was very late Not satisfied.,Delivery
Affordable pricing and good value Highly recommended.,Pricing
Customer service was very helpful Needs improvement.,Service
Delivery was very late Needs improvement.,Delivery
Delivery experience was smooth Not satisfied.,Delivery
Quick and reliable delivery Not satisfied.,Delivery
Discount offers are attractive Average overall.,Pricing
Very expensive for the quality Needs improvement.,Pricing
The representative was polite Average overall.,Service
Very expensive for the quality Will buy again.,Pricing
Support team resolved my issue quickly Needs improvement.,Service
Amazing design and quality Needs improvement.,Product
Pricing could be better Excellent experience.,Pricing
The item stopped working after two days Average overall.,Product
Very expensive for the quality Average overall.,Pricing
Delivery was very late Needs improvement.,Delivery
The product is overpriced Highly recommended.,Pricing
Reasonable pricing compared to competitors Needs improvement.,Pricing
Excellent service experience Highly recommended.,Service
Package arrived on time Will buy again.,Delivery
Package arrived on time Average overall.,Delivery
Delivery experience was smooth Average overall.,Delivery
Reasonable pricing compared to competitors Will buy again.,Pricing
Fast delivery service Highly recommended.,Delivery
Support team resolved my issue quickly Not satisfied.,Service
The package arrived damaged Not satisfied.,Delivery
Issue resolved professionally Needs improvement.,Service
Customer care was disappointing,Service
Support team was unresponsive Not satisfied.,Service
Support team resolved my issue quickly Needs improvement.,Service
Fast delivery service Needs improvement.,Delivery
Customer service was very helpful Excellent experience.,Service
Reasonable pricing compared to competitors Excellent experience.,Pricing
Customer care was disappointing Not satisfied.,Service
Support team resolved my issue quickly Not satisfied.,Service
Fantastic performance and reliability Highly recommended.,Product
Customer care was disappointing Needs improvement.,Service
Pricing could be better Will buy again.,Pricing
Quick and reliable delivery Not satisfied.,Delivery
The product packaging was damaged Not satisfied.,Product
Excellent service experience Needs improvement.,Service
Poor response from support Average overall.,Service
Reasonable pricing compared to competitors Needs improvement.,Pricing
Shipment tracking was inaccurate Will buy again.,Delivery
Reasonable pricing compared to competitors Not satisfied.,Pricing
The product quality is excellent Will buy again.,Product
The product exceeded expectations Average overall.,Product
Discount offers are attractive Will buy again.,Pricing
Quick and reliable delivery Excellent experience.,Delivery
Pricing could be better Not satisfied.,Pricing
The package arrived damaged Average overall.,Delivery
Excellent service experience Excellent experience.,Service
Issue resolved professionally Needs improvement.,Service
The package arrived damaged Highly recommended.,Delivery
Customer service was very helpful Will buy again.,Service
The product exceeded expectations Needs improvement.,Product
The courier delayed the order,Delivery
Delivery experience was smooth Not satisfied.,Delivery
Excellent service experience Highly recommended.,Service
Delivery was very late Excellent experience.,Delivery
The item stopped working after two days Average overall.,Product
The product is overpriced Not satisfied.,Pricing
Reasonable pricing compared to competitors Excellent experience.,Pricing
The package arrived damaged Highly recommended.,Delivery
Support team resolved my issue quickly Not satisfied.,Service
Pricing could be better Needs improvement.,Pricing
Excellent service experience,Service
Reasonable pricing compared to competitors Will buy again.,Pricing
The product exceeded expectations Highly recommended.,Product
Excellent service experience,Service
Fantastic performance and reliability Needs improvement.,Product
The representative was polite Not satisfied.,Service
Support team was unresponsive,Service
Support team resolved my issue quickly Not satisfied.,Service
Support team resolved my issue quickly Needs improvement.,Service
Issue resolved professionally Needs improvement.,Service
Package arrived on time Highly recommended.,Delivery
The representative was polite Will buy again.,Service
Discount offers are attractive Needs improvement.,Pricing
Poor response from support Excellent experience.,Service
Issue resolved professionally Excellent experience.,Service
Very expensive for the quality,Pricing
Very durable and useful product Not satisfied.,Product
Poor response from support Excellent experience.,Service
Poor response from support Not satisfied.,Service
Fast delivery service Highly recommended.,Delivery
The courier delayed the order Excellent experience.,Delivery
The package arrived damaged Excellent experience.,Delivery
Delivery was very late Excellent experience.,Delivery
Excellent service experience Excellent experience.,Service
Pricing could be better Highly recommended.,Pricing
Great value for money Excellent experience.,Pricing
Delivery was very late Will buy again.,Delivery
Fantastic performance and reliability Needs improvement.,Product
Quick and reliable delivery Excellent experience.,Delivery
Customer care was disappointing Needs improvement.,Service
Affordable pricing and good value Average overall.,Pricing
Customer service was very helpful Highly recommended.,Service
The package arrived damaged Average overall.,Delivery
Quick and reliable delivery Needs improvement.,Delivery
Reasonable pricing compared to competitors Needs improvement.,Pricing
Price is too high Will buy again.,Pricing
Delivery was very late Excellent experience.,Delivery
Discount offers are attractive,Pricing
Package arrived on time Needs improvement.,Delivery
The product quality is excellent,Product
Very durable and useful product Not satisfied.,Product
Price is too high Not satisfied.,Pricing
Great value for money Will buy again.,Pricing
Delivery was very late Highly recommended.,Delivery
Affordable pricing and good value Needs improvement.,Pricing
Price is too high Will buy again.,Pricing
Great value for money Not satisfied.,Pricing
Customer care was disappointing Average overall.,Service
Support team was unresponsive Average overall.,Service
The representative was polite Excellent experience.,Service
The product packaging was damaged Average overall.,Product
Affordable pricing and good value Will buy again.,Pricing
Discount offers are attractive Excellent experience.,Pricing
Great value for money,Pricing
Poor response from support Excellent experience.,Service
Delivery was very late Will buy again.,Delivery
Quick and reliable delivery Average overall.,Delivery
Fantastic performance and reliability Not satisfied.,Product
The product quality is excellent Average overall.,Product
Amazing design and quality Average overall.,Product
Excellent service experience Not satisfied.,Service
The product quality is excellent Will buy again.,Product
Pricing could be better Not satisfied.,Pricing
Great value for money,Pricing
Price is too high Highly recommended.,Pricing
Great value for money Excellent experience.,Pricing
Fast delivery service,Delivery
The representative was polite Needs improvement.,Service
Customer care was disappointing,Service
Amazing design and quality Needs improvement.,Product
Discount offers are attractive,Pricing
Pricing could be better Excellent experience.,Pricing
Price is too high Average overall.,Pricing
The courier delayed the order Average overall.,Delivery
Pricing could be better Not satisfied.,Pricing
The representative was polite Average overall.,Service
Fast delivery service Highly recommended.,Delivery
Discount offers are attractive Excellent experience.,Pricing
The representative was polite Not satisfied.,Service
Delivery experience was smooth Will buy again.,Delivery
Delivery was very late Excellent experience.,Delivery
The product packaging was damaged Needs improvement.,Product
Quick and reliable delivery Highly recommended.,Delivery
Package arrived on time Highly recommended.,Delivery
Pricing could be better Highly recommended.,Pricing
Reasonable pricing compared to competitors Highly recommended.,Pricing
Delivery was very late,Delivery
The package arrived damaged Excellent experience.,Delivery
Price is too high,Pricing
The product quality is excellent Will buy again.,Product
The package arrived damaged Highly recommended.,Delivery
The product quality is excellent Average overall.,Product
Reasonable pricing compared to competitors Highly recommended.,Pricing
Excellent service experience Will buy again.,Service
The product packaging was damaged Excellent experience.,Product
Customer service was very helpful,Service
Shipment tracking was inaccurate,Delivery
Reasonable pricing compared to competitors,Pricing
Support team resolved my issue quickly,Service
Excellent service experience Will buy again.,Service
Very expensive for the quality,Pricing
The courier delayed the order Needs improvement.,Delivery
Pricing could be better Highly recommended.,Pricing
The product quality is excellent,Product
The product is overpriced Needs improvement.,Pricing
Fast delivery service Highly recommended.,Delivery
Reasonable pricing compared to competitors Average overall.,Pricing
Reasonable pricing compared to competitors Will buy again.,Pricing
Poor product material Will buy again.,Product
The product quality is excellent Will buy again.,Product
Customer service was very helpful,Service
The product exceeded expectations,Product
The product quality is excellent Will buy again.,Product
Excellent service experience Average overall.,Service
Package arrived on time Highly recommended.,Delivery
Quick and reliable delivery Highly recommended.,Delivery
The courier delayed the order Average overall.,Delivery
Customer care was disappointing Highly recommended.,Service
Pricing could be better Average overall.,Pricing
Support team was unresponsive Average overall.,Service
Very expensive for the quality Needs improvement.,Pricing
Customer care was disappointing Average overall.,Service
The representative was polite Not satisfied.,Service
Excellent service experience,Service
Very durable and useful product Needs improvement.,Product
The product packaging was damaged Will buy again.,Product
Fantastic performance and reliability Needs improvement.,Product
Poor response from support Needs improvement.,Service
Reasonable pricing compared to competitors,Pricing
The courier delayed the order Highly recommended.,Delivery
Affordable pricing and good value Highly recommended.,Pricing
Package arrived on time Will buy again.,Delivery
Issue resolved professionally Average overall.,Service
The item stopped working after two days Highly recommended.,Product
The product exceeded expectations Highly recommended.,Product
Issue resolved professionally Highly recommended.,Service
Quick and reliable delivery Needs improvement.,Delivery
Amazing design and quality,Product
Affordable pricing and good value,Pricing
Reasonable pricing compared to competitors Not satisfied.,Pricing
The package arrived damaged Excellent experience.,Delivery
Support team was unresponsive Not satisfied.,Service
Support team was unresponsive Will buy again.,Service
Poor product material Will buy again.,Product
The representative was polite Needs improvement.,Service
Delivery was very late Excellent experience.,Delivery
Fast delivery service Not satisfied.,Delivery
The package arrived damaged Will buy again.,Delivery
Discount offers are attractive,Pricing
Very expensive for the quality Not satisfied.,Pricing
The product is overpriced Excellent experience.,Pricing
Discount offers are attractive Excellent experience.,Pricing
Customer care was disappointing,Service
Great value for money Not satisfied.,Pricing
Customer care was disappointing Excellent experience.,Service
Fantastic performance and reliability Needs improvement.,Product
The product exceeded expectations Excellent experience.,Product
The item stopped working after two days Not satisfied.,Product
Shipment tracking was inaccurate Not satisfied.,Delivery
Issue resolved professionally Average overall.,Service
The product is overpriced Average overall.,Pricing
Great value for money Highly recommended.,Pricing
Issue resolved professionally Not satisfied.,Service
Poor response from support Not satisfied.,Service
The product exceeded expectations Average overall.,Product
The product is overpriced Excellent experience.,Pricing
The product is overpriced Will buy again.,Pricing
Issue resolved professionally Needs improvement.,Service
Poor response from support,Service
The product packaging was damaged,Product
Affordable pricing and good value Excellent experience.,Pricing
Fast delivery service,Delivery
Great value for money Excellent experience.,Pricing
Excellent service experience Not satisfied.,Service
The product exceeded expectations Needs improvement.,Product
The courier delayed the order Average overall.,Delivery
Reasonable pricing compared to competitors Will buy again.,Pricing
Support team was unresponsive Average overall.,Service
Customer service was very helpful Will buy again.,Service
The product quality is excellent Not satisfied.,Product
Poor product material Not satisfied.,Product
Amazing design and quality Average overall.,Product
Reasonable pricing compared to competitors Highly recommended.,Pricing
Package arrived on time Not satisfied.,Delivery
Poor response from support Will buy again.,Service
The item stopped working after two days Excellent experience.,Product
The product packaging was damaged Will buy again.,Product
The representative was polite Will buy again.,Service
Support team resolved my issue quickly,Service
Quick and reliable delivery,Delivery
Pricing could be better Not satisfied.,Pricing
Customer service was very helpful Excellent experience.,Service
Customer service was very helpful Will buy again.,Service
Poor product material Highly recommended.,Product
Quick and reliable delivery Not satisfied.,Delivery
Discount offers are attractive Needs improvement.,Pricing
The product packaging was damaged Needs improvement.,Product
Amazing design and quality Highly recommended.,Product
The representative was polite Excellent experience.,Service
Excellent service experience Highly recommended.,Service
Reasonable pricing compared to competitors,Pricing
Poor product material,Product
Customer care was disappointing Not satisfied.,Service
Shipment tracking was inaccurate Will buy again.,Delivery
The product is overpriced Average overall.,Pricing
Fast delivery service Not satisfied.,Delivery
Quick and reliable delivery Not satisfied.,Delivery
Fast delivery service Not satisfied.,Delivery
Shipment tracking was inaccurate Will buy again.,Delivery
Support team was unresponsive Needs improvement.,Service
Very expensive for the quality Needs improvement.,Pricing
Fast delivery service Will buy again.,Delivery
Delivery experience was smooth Needs improvement.,Delivery
Customer service was very helpful Highly recommended.,Service
The product is overpriced Highly recommended.,Pricing
Customer service was very helpful Excellent experience.,Service
The product is overpriced,Pricing
The product is overpriced Will buy again.,Pricing
Poor product material,Product
The product is overpriced Excellent experience.,Pricing
Support team resolved my issue quickly Not satisfied.,Service
Issue resolved professionally Highly recommended.,Service
Quick and reliable delivery Excellent experience.,Delivery
Amazing design and quality Average overall.,Product
The product exceeded expectations Will buy again.,Product
The representative was polite Excellent experience.,Service
Amazing design and quality,Product
The package arrived damaged Highly recommended.,Delivery
Amazing design and quality Highly recommended.,Product
Affordable pricing and good value Highly recommended.,Pricing
Quick and reliable delivery Will buy again.,Delivery
The courier delayed the order Average overall.,Delivery
Excellent service experience,Service
Poor product material,Product
Delivery was very late Excellent experience.,Delivery
Customer care was disappointing Highly recommended.,Service
Reasonable pricing compared to competitors Highly recommended.,Pricing
Fast delivery service Needs improvement.,Delivery
The representative was polite Needs improvement.,Service
Customer service was very helpful Average overall.,Service
The product packaging was damaged Highly recommended.,Product
The product quality is excellent,Product
Issue resolved professionally Excellent experience.,Service
Delivery was very late Will buy again.,Delivery
Very durable and useful product Will buy again.,Product
The package arrived damaged Not satisfied.,Delivery
Customer care was disappointing,Service
Affordable pricing and good value Average overall.,Pricing
The product quality is excellent,Product
The package arrived damaged,Delivery
Excellent service experience,Service
The product is overpriced Needs improvement.,Pricing
Discount offers are attractive,Pricing
Very expensive for the quality Excellent experience.,Pricing
The package arrived damaged Average overall.,Delivery
Pricing could be better Not satisfied.,Pricing
The item stopped working after two days Excellent experience.,Product
Shipment tracking was inaccurate Highly recommended.,Delivery
The package arrived damaged,Delivery
The product quality is excellent Highly recommended.,Product
Issue resolved professionally Excellent experience.,Service
Pricing could be better Needs improvement.,Pricing
Price is too high,Pricing
Support team resolved my issue quickly Will buy again.,Service
Support team was unresponsive Highly recommended.,Service
Affordable pricing and good value Will buy again.,Pricing
Great value for money Average overall.,Pricing
Affordable pricing and good value Highly recommended.,Pricing
Support team resolved my issue quickly,Service
Discount offers are attractive Will buy again.,Pricing
The product is overpriced Will buy again.,Pricing
Discount offers are attractive Highly recommended.,Pricing
Fantastic performance and reliability Highly recommended.,Product
Fast delivery service Will buy again.,Delivery
Support team was unresponsive Highly recommended.,Service
The courier delayed the order Excellent experience.,Delivery
Support team was unresponsive Highly recommended.,Service
Package arrived on time Highly recommended.,Delivery
Support team was unresponsive,Service
Delivery was very late,Delivery
The package arrived damaged Needs improvement.,Delivery
Affordable pricing and good value Needs improvement.,Pricing
The product exceeded expectations Average overall.,Product
Amazing design and quality Needs improvement.,Product
Poor response from support Will buy again.,Service
Shipment tracking was inaccurate,Delivery
Price is too high Highly recommended.,Pricing
The product quality is excellent Will buy again.,Product
Issue resolved professionally Average overall.,Service
Delivery was very late Will buy again.,Delivery
Issue resolved professionally Highly recommended.,Service
Support team was unresponsive Average overall.,Service
Price is too high Will buy again.,Pricing
The package arrived damaged Average overall.,Delivery
Package arrived on time Excellent experience.,Delivery
Poor product material Highly recommended.,Product
The package arrived damaged Not satisfied.,Delivery
Customer care was disappointing,Service
Customer service was very helpful Not satisfied.,Service
Affordable pricing and good value Highly recommended.,Pricing
Excellent service experience Highly recommended.,Service
Shipment tracking was inaccurate Average overall.,Delivery
Price is too high Needs improvement.,Pricing
Package arrived on time Average overall.,Delivery
Affordable pricing and good value Excellent experience.,Pricing
The courier delayed the order Excellent experience.,Delivery
Great value for money Highly recommended.,Pricing
Affordable pricing and good value Highly recommended.,Pricing
Shipment tracking was inaccurate Needs improvement.,Delivery
Quick and reliable delivery Will buy again.,Delivery
Amazing design and quality Excellent experience.,Product
The product exceeded expectations Needs improvement.,Product
Quick and reliable delivery Will buy again.,Delivery
The package arrived damaged,Delivery
Reasonable pricing compared to competitors Excellent experience.,Pricing
Affordable pricing and good value,Pricing
Excellent service experience Not satisfied.,Service
The product packaging was damaged Needs improvement.,Product
Quick and reliable delivery Needs improvement.,Delivery
Delivery experience was smooth Highly recommended.,Delivery
Support team was unresponsive Not satisfied.,Service
Amazing design and quality Needs improvement.,Product
Discount offers are attractive Excellent experience.,Pricing
Reasonable pricing compared to competitors Excellent experience.,Pricing
Customer care was disappointing Not satisfied.,Service
Price is too high Not satisfied.,Pricing
Support team resolved my issue quickly Highly recommended.,Service
Great value for money Average overall.,Pricing
Amazing design and quality Highly recommended.,Product
Great value for money Highly recommended.,Pricing
The courier delayed the order Average overall.,Delivery
Package arrived on time Needs improvement.,Delivery
Amazing design and quality Needs improvement.,Product
Customer care was disappointing,Service
The courier delayed the order Highly recommended.,Delivery
The product exceeded expectations Average overall.,Product
The package arrived damaged Excellent experience.,Delivery
Price is too high Needs improvement.,Pricing
Delivery was very late Highly recommended.,Delivery
Very durable and useful product Highly recommended.,Product
Fast delivery service Will buy again.,Delivery
Fantastic performance and reliability Excellent experience.,Product
Delivery experience was smooth Not satisfied.,Delivery
Support team was unresponsive Will buy again.,Service
Discount offers are attractive Highly recommended.,Pricing
The product exceeded expectations Excellent experience.,Product
The product is overpriced Average overall.,Pricing
The representative was polite Excellent experience.,Service
Customer service was very helpful,Service
Delivery experience was smooth,Delivery
Reasonable pricing compared to competitors,Pricing
Fantastic performance and reliability Needs improvement.,Product
Support team resolved my issue quickly Highly recommended.,Service
Support team resolved my issue quickly Average overall.,Service
The representative was polite Needs improvement.,Service
Price is too high Needs improvement.,Pricing
Delivery was very late Needs improvement.,Delivery
Very expensive for the quality Excellent experience.,Pricing
The product packaging was damaged,Product
Support team resolved my issue quickly Average overall.,Service
Great value for money Will buy again.,Pricing
Poor response from support Excellent experience.,Service
Discount offers are attractive,Pricing
Package arrived on time Will buy again.,Delivery
Quick and reliable delivery Excellent experience.,Delivery
Shipment tracking was inaccurate,Delivery
Customer care was disappointing,Service
Pricing could be better Highly recommended.,Pricing
Discount offers are attractive Excellent experience.,Pricing
The product packaging was damaged Will buy again.,Product
The product is overpriced Needs improvement.,Pricing
Customer care was disappointing Will buy again.,Service
Discount offers are attractive Needs improvement.,Pricing
Support team was unresponsive Will buy again.,Service
Very expensive for the quality Highly recommended.,Pricing
Discount offers are attractive Average overall.,Pricing
Amazing design and quality Not satisfied.,Product
The item stopped working after two days,Product
Customer service was very helpful Average overall.,Service
Price is too high,Pricing
The product is overpriced Highly recommended.,Pricing
The product quality is excellent Excellent experience.,Product
Great value for money,Pricing
The item stopped working after two days Average overall.,Product
Reasonable pricing compared to competitors Average overall.,Pricing
Issue resolved professionally Will buy again.,Service
Delivery was very late,Delivery
Delivery was very late,Delivery
The product is overpriced Not satisfied.,Pricing
Customer care was disappointing Average overall.,Service
Reasonable pricing compared to competitors Will buy again.,Pricing
Poor product material Highly recommended.,Product
Great value for money Needs improvement.,Pricing
Poor response from support,Service
Customer service was very helpful,Service
The product quality is excellent Average overall.,Product
The product exceeded expectations Average overall.,Product
Very expensive for the quality Not satisfied.,Pricing
Customer service was very helpful Average overall.,Service
Shipment tracking was inaccurate Not satisfied.,Delivery
Customer service was very helpful Needs improvement.,Service
Delivery was very late Will buy again.,Delivery
Amazing design and quality Average overall.,Product
Quick and reliable delivery Needs improvement.,Delivery
Excellent service experience Excellent experience.,Service
Shipment tracking was inaccurate Will buy again.,Delivery
Great value for money Not satisfied.,Pricing
Customer care was disappointing Will buy again.,Service
The courier delayed the order Excellent experience.,Delivery
Excellent service experience,Service
Customer care was disappointing Needs improvement.,Service
The item stopped working after two days Needs improvement.,Product
Customer service was very helpful Will buy again.,Service
Affordable pricing and good value Needs improvement.,Pricing
Very expensive for the quality Average overall.,Pricing
Amazing design and quality Average overall.,Product
The product packaging was damaged Average overall.,Product
Quick and reliable delivery Highly recommended.,Delivery
The product exceeded expectations Excellent experience.,Product
Amazing design and quality Will buy again.,Product
The package arrived damaged Needs improvement.,Delivery
The product packaging was damaged Excellent experience.,Product
The courier delayed the order Highly recommended.,Delivery
The product quality is excellent,Product
Poor product material Will buy again.,Product
Poor response from support Will buy again.,Service
Quick and reliable delivery Will buy again.,Delivery
The product quality is excellent Not satisfied.,Product
The package arrived damaged Excellent experience.,Delivery
Great value for money Excellent experience.,Pricing
The product exceeded expectations Not satisfied.,Product
Poor product material Highly recommended.,Product
Package arrived on time Will buy again.,Delivery
Great value for money Average overall.,Pricing
Discount offers are attractive Excellent experience.,Pricing
The item stopped working after two days,Product
Discount offers are attractive Average overall.,Pricing
Support team was unresponsive,Service
Quick and reliable delivery Excellent experience.,Delivery
Excellent service experience Will buy again.,Service
The courier delayed the order Not satisfied.,Delivery
Poor product material Excellent experience.,Product
Customer care was disappointing,Service
Fantastic performance and reliability Not satisfied.,Product
Pricing could be better Highly recommended.,Pricing
Fantastic performance and reliability Excellent experience.,Product
Price is too high Highly recommended.,Pricing
The product packaging was damaged Average overall.,Product
Reasonable pricing compared to competitors Needs improvement.,Pricing
Customer service was very helpful Excellent experience.,Service
Delivery experience was smooth,Delivery
The product packaging was damaged,Product
Poor response from support Excellent experience.,Service
The representative was polite Not satisfied.,Service
The product quality is excellent,Product
Very expensive for the quality Excellent experience.,Pricing
Poor response from support,Service
Package arrived on time Average overall.,Delivery
Issue resolved professionally Excellent experience.,Service
The package arrived damaged Needs improvement.,Delivery
Price is too high Not satisfied.,Pricing
Poor product material Needs improvement.,Product
Issue resolved professionally Needs improvement.,Service
Customer service was very helpful,Service
Issue resolved professionally Average overall.,Service
The product exceeded expectations Average overall.,Product
Customer service was very helpful Not satisfied.,Service
Amazing design and quality Excellent experience.,Product
Fantastic performance and reliability Needs improvement.,Product
The product is overpriced Average overall.,Pricing
The representative was polite Needs improvement.,Service
Very durable and useful product Excellent experience.,Product
The product quality is excellent Not satisfied.,Product
Very durable and useful product Needs improvement.,Product
Support team was unresponsive,Service
Price is too high,Pricing
The product packaging was damaged Average overall.,Product
The product is overpriced Needs improvement.,Pricing
The courier delayed the order Not satisfied.,Delivery
Poor product material Excellent experience.,Product
Delivery experience was smooth Highly recommended.,Delivery
Poor product material Highly recommended.,Product
Delivery experience was smooth Average overall.,Delivery
The representative was polite Highly recommended.,Service
Discount offers are attractive Highly recommended.,Pricing
Poor product material Will buy again.,Product
The item stopped working after two days Not satisfied.,Product
The representative was polite Excellent experience.,Service
Price is too high Average overall.,Pricing
Price is too high Needs improvement.,Pricing
Customer care was disappointing Not satisfied.,Service
Pricing could be better Will buy again.,Pricing
Discount offers are attractive Not satisfied.,Pricing
Delivery experience was smooth Needs improvement.,Delivery
Delivery experience was smooth Excellent experience.,Delivery
Very expensive for the quality Needs improvement.,Pricing
Fantastic performance and reliability Needs improvement.,Product
Amazing design and quality Will buy again.,Product
The package arrived damaged Needs improvement.,Delivery
Great value for money Not satisfied.,Pricing
Discount offers are attractive Needs improvement.,Pricing
The product quality is excellent Excellent experience.,Product
Support team resolved my issue quickly Not satisfied.,Service
Delivery experience was smooth Average overall.,Delivery
Affordable pricing and good value,Pricing
Quick and reliable delivery Highly recommended.,Delivery
Customer service was very helpful Not satisfied.,Service
Discount offers are attractive Not satisfied.,Pricing
Price is too high Will buy again.,Pricing
Excellent service experience Highly recommended.,Service
Amazing design and quality Highly recommended.,Product
Customer service was very helpful Excellent experience.,Service
The product exceeded expectations,Product
The item stopped working after two days,Product
The package arrived damaged Not satisfied.,Delivery
The courier delayed the order Needs improvement.,Delivery
Delivery experience was smooth Highly recommended.,Delivery
Support team was unresponsive Average overall.,Service
Amazing design and quality Average overall.,Product
Amazing design and quality Not satisfied.,Product
Price is too high Not satisfied.,Pricing
Support team resolved my issue quickly Not satisfied.,Service
Great value for money Excellent experience.,Pricing
Very expensive for the quality Not satisfied.,Pricing
The courier delayed the order Highly recommended.,Delivery
Great value for money Highly recommended.,Pricing
Reasonable pricing compared to competitors Will buy again.,Pricing
Support team was unresponsive Excellent experience.,Service
Fast delivery service Average overall.,Delivery
Reasonable pricing compared to competitors Excellent experience.,Pricing
Delivery experience was smooth Excellent experience.,Delivery
Discount offers are attractive Average overall.,Pricing
Pricing could be better Average overall.,Pricing
Poor response from support Will buy again.,Service
Reasonable pricing compared to competitors,Pricing
Package arrived on time Needs improvement.,Delivery
The item stopped working after two days Average overall.,Product
The representative was polite Will buy again.,Service
The product packaging was damaged Will buy again.,Product
The product exceeded expectations Needs improvement.,Product
Fast delivery service Highly recommended.,Delivery
Price is too high Excellent experience.,Pricing
Delivery experience was smooth Average overall.,Delivery
Fantastic performance and reliability Needs improvement.,Product
Affordable pricing and good value Highly recommended.,Pricing
Quick and reliable delivery Excellent experience.,Delivery
Package arrived on time Highly recommended.,Delivery
Great value for money Highly recommended.,Pricing
Affordable pricing and good value Needs improvement.,Pricing
Quick and reliable delivery Will buy again.,Delivery
Fantastic performance and reliability,Product
Delivery experience was smooth Not satisfied.,Delivery
Support team was unresponsive Needs improvement.,Service
Customer service was very helpful Highly recommended.,Service
Great value for money Not satisfied.,Pricing
The representative was polite Will buy again.,Service
Very expensive for the quality Average overall.,Pricing
Shipment tracking was inaccurate Excellent experience.,Delivery
The representative was polite Not satisfied.,Service
Fast delivery service Excellent experience.,Delivery
Poor response from support Average overall.,Service
Support team resolved my issue quickly Will buy again.,Service
Fast delivery service Needs improvement.,Delivery
Quick and reliable delivery Will buy again.,Delivery
Package arrived on time Average overall.,Delivery
Delivery experience was smooth Needs improvement.,Delivery
The courier delayed the order Not satisfied.,Delivery
The item stopped working after two days Needs improvement.,Product
Pricing could be better Highly recommended.,Pricing
The item stopped working after two days,Product
The item stopped working after two days Needs improvement.,Product
Reasonable pricing compared to competitors Not satisfied.,Pricing
Customer service was very helpful,Service
The representative was polite Excellent experience.,Service
Poor response from support Needs improvement.,Service
Excellent service experience Not satisfied.,Service
The package arrived damaged Highly recommended.,Delivery
The product packaging was damaged Will buy again.,Product
The product quality is excellent Excellent experience.,Product
Issue resolved professionally Highly recommended.,Service
Package arrived on time Will buy again.,Delivery
Quick and reliable delivery Highly recommended.,Delivery
The package arrived damaged Average overall.,Delivery
The product is overpriced Will buy again.,Pricing
Issue resolved professionally,Service
Excellent service experience Excellent experience.,Service
Issue resolved professionally Needs improvement.,Service
The product packaging was damaged Excellent experience.,Product
Fantastic performance and reliability Highly recommended.,Product
Delivery experience was smooth Not satisfied.,Delivery
Very expensive for the quality Excellent experience.,Pricing
Issue resolved professionally Average overall.,Service
The courier delayed the order Excellent experience.,Delivery
Very expensive for the quality Needs improvement.,Pricing
Pricing could be better Highly recommended.,Pricing
The product exceeded expectations Highly recommended.,Product
Very expensive for the quality Not satisfied.,Pricing
Delivery experience was smooth Highly recommended.,Delivery
Discount offers are attractive Excellent experience.,Pricing
Fantastic performance and reliability Not satisfied.,Product
Pricing could be better,Pricing
Delivery was very late Needs improvement.,Delivery
The representative was polite Excellent experience.,Service
Fantastic performance and reliability Needs improvement.,Product
Great value for money Needs improvement.,Pricing
The courier delayed the order Excellent experience.,Delivery
Delivery was very late Needs improvement.,Delivery
The product packaging was damaged Excellent experience.,Product
Quick and reliable delivery Not satisfied.,Delivery
Excellent service experience Highly recommended.,Service
Shipment tracking was inaccurate Excellent experience.,Delivery
Discount offers are attractive,Pricing
Great value for money Needs improvement.,Pricing
Package arrived on time,Delivery
Reasonable pricing compared to competitors Needs improvement.,Pricing
The product exceeded expectations Needs improvement.,Product
Great value for money,Pricing
Reasonable pricing compared to competitors Highly recommended.,Pricing
Support team was unresponsive Needs improvement.,Service
The courier delayed the order Highly recommended.,Delivery
The product is overpriced Excellent experience.,Pricing
Amazing design and quality Needs improvement.,Product
Package arrived on time,Delivery
Fantastic performance and reliability,Product
Customer care was disappointing Excellent experience.,Service
Fantastic performance and reliability Highly recommended.,Product
Support team resolved my issue quickly Average overall.,Service
Shipment tracking was inaccurate Average overall.,Delivery
Amazing design and quality,Product
Amazing design and quality Needs improvement.,Product
Fast delivery service Will buy again.,Delivery
Package arrived on time Average overall.,Delivery
The product quality is excellent Average overall.,Product
The item stopped working after two days Needs improvement.,Product
Great value for money,Pricing
Quick and reliable delivery Highly recommended.,Delivery
Poor response from support,Service
Great value for money Highly recommended.,Pricing
Poor product material Average overall.,Product
Fantastic performance and reliability Excellent experience.,Product
The courier delayed the order,Delivery
Great value for money Average overall.,Pricing
Fast delivery service Needs improvement.,Delivery
Issue resolved professionally Average overall.,Service
The product packaging was damaged Excellent experience.,Product
Discount offers are attractive Excellent experience.,Pricing
Delivery was very late Not satisfied.,Delivery
The item stopped working after two days Will buy again.,Product
Discount offers are attractive Excellent experience.,Pricing
Delivery experience was smooth Average overall.,Delivery
Support team resolved my issue quickly Excellent experience.,Service
The product quality is excellent Will buy again.,Product
Affordable pricing and good value Highly recommended.,Pricing
Shipment tracking was inaccurate Needs improvement.,Delivery
Great value for money Will buy again.,Pricing
Fast delivery service,Delivery
Reasonable pricing compared to competitors Needs improvement.,Pricing
Price is too high Not satisfied.,Pricing
Pricing could be better Not satisfied.,Pricing
The product quality is excellent Excellent experience.,Product
The product quality is excellent,Product
Reasonable pricing compared to competitors,Pricing
The representative was polite Excellent experience.,Service
Delivery was very late Average overall.,Delivery
Very durable and useful product Excellent experience.,Product
Quick and reliable delivery Highly recommended.,Delivery
Customer care was disappointing Highly recommended.,Service
Pricing could be better Excellent experience.,Pricing
Very durable and useful product,Product
Great value for money Not satisfied.,Pricing
Price is too high Highly recommended.,Pricing
The courier delayed the order Average overall.,Delivery
The item stopped working after two days Highly recommended.,Product
Delivery experience was smooth,Delivery
The representative was polite Highly recommended.,Service
The package arrived damaged Excellent experience.,Delivery
Delivery was very late Highly recommended.,Delivery
Reasonable pricing compared to competitors Highly recommended.,Pricing
The courier delayed the order Needs improvement.,Delivery
Very expensive for the quality Will buy again.,Pricing
Fast delivery service,Delivery
Poor product material Average overall.,Product
The product packaging was damaged Not satisfied.,Product
Reasonable pricing compared to competitors Will buy again.,Pricing
Pricing could be better Average overall.,Pricing
The product packaging was damaged Will buy again.,Product
Pricing could be better Average overall.,Pricing
Customer care was disappointing,Service
The product packaging was damaged,Product
The courier delayed the order Average overall.,Delivery
Reasonable pricing compared to competitors Excellent experience.,Pricing
Amazing design and quality Will buy again.,Product
Delivery experience was smooth Needs improvement.,Delivery
The courier delayed the order Needs improvement.,Delivery
Very expensive for the quality Excellent experience.,Pricing
Pricing could be better Will buy again.,Pricing
Poor product material Not satisfied.,Product
Package arrived on time Average overall.,Delivery
Excellent service experience Not satisfied.,Service
The package arrived damaged Excellent experience.,Delivery
Fantastic performance and reliability,Product
Shipment tracking was inaccurate Highly recommended.,Delivery
Delivery experience was smooth Highly recommended.,Delivery
Fantastic performance and reliability Average overall.,Product
The package arrived damaged Needs improvement.,Delivery
Delivery was very late Excellent experience.,Delivery
Very durable and useful product Needs improvement.,Product
Fantastic performance and reliability Average overall.,Product
Pricing could be better Excellent experience.,Pricing
The product exceeded expectations Average overall.,Product
Fantastic performance and reliability Highly recommended.,Product
Delivery experience was smooth,Delivery
Quick and reliable delivery Highly recommended.,Delivery
Package arrived on time,Delivery
Affordable pricing and good value Highly recommended.,Pricing
The product quality is excellent Will buy again.,Product
Package arrived on time Excellent experience.,Delivery
The product packaging was damaged,Product
Issue resolved professionally Will buy again.,Service
Quick and reliable delivery Average overall.,Delivery
The representative was polite Average overall.,Service
The package arrived damaged Not satisfied.,Delivery
Amazing design and quality,Product
Reasonable pricing compared to competitors Not satisfied.,Pricing
The product packaging was damaged Highly recommended.,Product
Fantastic performance and reliability Highly recommended.,Product
Delivery experience was smooth Needs improvement.,Delivery
Customer service was very helpful Needs improvement.,Service
Fantastic performance and reliability Average overall.,Product
Customer service was very helpful Excellent experience.,Service
Poor response from support,Service
Fantastic performance and reliability Needs improvement.,Product
Very durable and useful product Highly recommended.,Product
Very durable and useful product Average overall.,Product
Delivery experience was smooth Needs improvement.,Delivery
Support team was unresponsive,Service
Fast delivery service Excellent experience.,Delivery
Poor response from support Will buy again.,Service
Great value for money Will buy again.,Pricing
Shipment tracking was inaccurate Will buy again.,Delivery
Customer service was very helpful,Service
Delivery was very late Excellent experience.,Delivery
Support team was unresponsive Highly recommended.,Service
Discount offers are attractive,Pricing
Great value for money Not satisfied.,Pricing
Support team was unresponsive Not satisfied.,Service
Very durable and useful product Will buy again.,Product
Delivery was very late Excellent experience.,Delivery
Shipment tracking was inaccurate Excellent experience.,Delivery
Price is too high Highly recommended.,Pricing
The product exceeded expectations,Product
Poor product material Needs improvement.,Product
Delivery was very late Average overall.,Delivery
Delivery was very late Excellent experience.,Delivery
Fantastic performance and reliability Excellent experience.,Product
Pricing could be better Not satisfied.,Pricing
Pricing could be better Needs improvement.,Pricing
Quick and reliable delivery Highly recommended.,Delivery
Pricing could be better Will buy again.,Pricing
The courier delayed the order Excellent experience.,Delivery
The item stopped working after two days,Product
The item stopped working after two days Needs improvement.,Product
Reasonable pricing compared to competitors,Pricing
Fantastic performance and reliability Average overall.,Product
Customer care was disappointing Not satisfied.,Service
The courier delayed the order Not satisfied.,Delivery
The product is overpriced Excellent experience.,Pricing
Package arrived on time Excellent experience.,Delivery
Package arrived on time Needs improvement.,Delivery
Great value for money Not satisfied.,Pricing
Pricing could be better Highly recommended.,Pricing
Discount offers are attractive Excellent experience.,Pricing
The item stopped working after two days Average overall.,Product
The package arrived damaged Not satisfied.,Delivery
Support team was unresponsive Will buy again.,Service
The courier delayed the order Excellent experience.,Delivery
Price is too high,Pricing
Shipment tracking was inaccurate Highly recommended.,Delivery
Customer service was very helpful Not satisfied.,Service
Fantastic performance and reliability Needs improvement.,Product
Shipment tracking was inaccurate Excellent experience.,Delivery
The representative was polite Will buy again.,Service
The product packaging was damaged,Product
Affordable pricing and good value,Pricing
The package arrived damaged Average overall.,Delivery
Reasonable pricing compared to competitors Not satisfied.,Pricing
Customer care was disappointing Not satisfied.,Service
Very durable and useful product,Product
Package arrived on time Average overall.,Delivery
Delivery was very late Will buy again.,Delivery
Poor product material Will buy again.,Product
Discount offers are attractive Average overall.,Pricing
Package arrived on time Will buy again.,Delivery
The item stopped working after two days Not satisfied.,Product
The courier delayed the order,Delivery
Excellent service experience Excellent experience.,Service
Quick and reliable delivery Not satisfied.,Delivery
Fantastic performance and reliability Excellent experience.,Product
Customer service was very helpful Highly recommended.,Service
Pricing could be better Not satisfied.,Pricing
The product exceeded expectations Not satisfied.,Product
Great value for money Needs improvement.,Pricing
Support team was unresponsive Not satisfied.,Service
The product packaging was damaged,Product
Quick and reliable delivery Not satisfied.,Delivery
Great value for money Average overall.,Pricing
Issue resolved professionally Will buy again.,Service
Price is too high Highly recommended.,Pricing
Support team resolved my issue quickly Average overall.,Service
Poor response from support Average overall.,Service
Customer service was very helpful,Service
The item stopped working after two days Average overall.,Product
Poor response from support Needs improvement.,Service
The package arrived damaged Average overall.,Delivery
Fantastic performance and reliability Will buy again.,Product
The product exceeded expectations Highly recommended.,Product
Great value for money Highly recommended.,Pricing
Price is too high Excellent experience.,Pricing
Quick and reliable delivery Average overall.,Delivery
The product quality is excellent Needs improvement.,Product
The product quality is excellent Will buy again.,Product
Delivery was very late,Delivery
Fantastic performance and reliability Will buy again.,Product
Very expensive for the quality Highly recommended.,Pricing
Issue resolved professionally Excellent experience.,Service
Pricing could be better Not satisfied.,Pricing
Great value for money Not satisfied.,Pricing
The representative was polite Needs improvement.,Service
The package arrived damaged Needs improvement.,Delivery
The product is overpriced Highly recommended.,Pricing
The package arrived damaged Will buy again.,Delivery
Fantastic performance and reliability Will buy again.,Product
The product quality is excellent Not satisfied.,Product
Support team resolved my issue quickly Average overall.,Service
Quick and reliable delivery Not satisfied.,Delivery
Support team resolved my issue quickly Average overall.,Service
Amazing design and quality Needs improvement.,Product
Quick and reliable delivery,Delivery
Shipment tracking was inaccurate Not satisfied.,Delivery
Issue resolved professionally Average overall.,Service
Fantastic performance and reliability Will buy again.,Product
The product exceeded expectations Excellent experience.,Product
Fantastic performance and reliability Average overall.,Product
Reasonable pricing compared to competitors Excellent experience.,Pricing
Excellent service experience Will buy again.,Service
The product is overpriced Will buy again.,Pricing
The product quality is excellent Will buy again.,Product
Poor product material,Product
Price is too high Excellent experience.,Pricing
Delivery experience was smooth Highly recommended.,Delivery
Price is too high Excellent experience.,Pricing
Shipment tracking was inaccurate,Delivery
Amazing design and quality Highly recommended.,Product
The product quality is excellent,Product
The courier delayed the order Not satisfied.,Delivery
The item stopped working after two days Needs improvement.,Product
Excellent service experience,Service
Reasonable pricing compared to competitors Needs improvement.,Pricing
The courier delayed the order Average overall.,Delivery
Customer care was disappointing Not satisfied.,Service
Pricing could be better Highly recommended.,Pricing
Support team resolved my issue quickly Will buy again.,Service
The courier delayed the order Needs improvement.,Delivery
The representative was polite Needs improvement.,Service
Customer service was very helpful Excellent experience.,Service
Delivery experience was smooth Needs improvement.,Delivery
Pricing could be better Highly recommended.,Pricing
The product is overpriced Not satisfied.,Pricing
Customer care was disappointing Will buy again.,Service
Affordable pricing and good value Average overall.,Pricing
Amazing design and quality Excellent experience.,Product
The product packaging was damaged Will buy again.,Product
The product is overpriced Average overall.,Pricing
Price is too high Highly recommended.,Pricing
Customer service was very helpful Excellent experience.,Service
Fantastic performance and reliability Will buy again.,Product
Fast delivery service,Delivery
The item stopped working after two days Highly recommended.,Product
Reasonable pricing compared to competitors Highly recommended.,Pricing
Reasonable pricing compared to competitors Highly recommended.,Pricing
The product is overpriced Not satisfied.,Pricing
Amazing design and quality Not satisfied.,Product
Discount offers are attractive Needs improvement.,Pricing
The courier delayed the order Needs improvement.,Delivery
The representative was polite Highly recommended.,Service
The product is overpriced Highly recommended.,Pricing
The product is overpriced,Pricing
Very durable and useful product Average overall.,Product
Issue resolved professionally Highly recommended.,Service
Great value for money Needs improvement.,Pricing
Package arrived on time Will buy again.,Delivery
Very durable and useful product Not satisfied.,Product
Price is too high Highly recommended.,Pricing
Support team was unresponsive Will buy again.,Service
Shipment tracking was inaccurate Average overall.,Delivery
Very expensive for the quality Excellent experience.,Pricing
Issue resolved professionally Excellent experience.,Service
Very expensive for the quality Highly recommended.,Pricing
Customer care was disappointing Will buy again.,Service
Quick and reliable delivery Not satisfied.,Delivery
Fantastic performance and reliability Excellent experience.,Product
Very durable and useful product Will buy again.,Product
Reasonable pricing compared to competitors Will buy again.,Pricing
Very durable and useful product Average overall.,Product
Very durable and useful product Will buy again.,Product
Delivery was very late Highly recommended.,Delivery
The representative was polite Excellent experience.,Service
Excellent service experience Average overall.,Service
The courier delayed the order Excellent experience.,Delivery
Poor response from support Highly recommended.,Service
The product exceeded expectations Average overall.,Product
Affordable pricing and good value Needs improvement.,Pricing
Delivery was very late Needs improvement.,Delivery
Very durable and useful product Average overall.,Product
The representative was polite Not satisfied.,Service
The product exceeded expectations,Product
Delivery experience was smooth Average overall.,Delivery
Quick and reliable delivery Excellent experience.,Delivery
The product exceeded expectations Excellent experience.,Product
The product is overpriced,Pricing
The product is overpriced Will buy again.,Pricing
Quick and reliable delivery Needs improvement.,Delivery
The product is overpriced Average overall.,Pricing
Very expensive for the quality,Pricing
Package arrived on time Average overall.,Delivery
The representative was polite Not satisfied.,Service
Price is too high Average overall.,Pricing
Great value for money,Pricing
Pricing could be better Will buy again.,Pricing
The product is overpriced Excellent experience.,Pricing
Delivery experience was smooth,Delivery
The item stopped working after two days Highly recommended.,Product
Amazing design and quality Will buy again.,Product
Reasonable pricing compared to competitors Needs improvement.,Pricing
Pricing could be better Needs improvement.,Pricing
Support team resolved my issue quickly Excellent experience.,Service
Discount offers are attractive,Pricing
The product exceeded expectations Will buy again.,Product
Great value for money,Pricing
The product is overpriced Not satisfied.,Pricing
Poor product material,Product
The item stopped working after two days Highly recommended.,Product
Great value for money Not satisfied.,Pricing
Very durable and useful product Excellent experience.,Product
Quick and reliable delivery Will buy again.,Delivery
Very durable and useful product Average overall.,Product
Excellent service experience Needs improvement.,Service
The product packaging was damaged Needs improvement.,Product
Delivery was very late Highly recommended.,Delivery
Customer care was disappointing Needs improvement.,Service
The package arrived damaged,Delivery
Package arrived on time Average overall.,Delivery
Fantastic performance and reliability Highly recommended.,Product
The representative was polite Will buy again.,Service
Support team was unresponsive,Service
Support team was unresponsive Average overall.,Service
Customer care was disappointing Not satisfied.,Service
Fantastic performance and reliability Not satisfied.,Product
Pricing could be better Will buy again.,Pricing
The package arrived damaged,Delivery
The package arrived damaged Needs improvement.,Delivery
Shipment tracking was inaccurate Highly recommended.,Delivery
Poor response from support Excellent experience.,Service
Poor response from support Highly recommended.,Service
Customer care was disappointing Needs improvement.,Service
Price is too high Excellent experience.,Pricing
Quick and reliable delivery Not satisfied.,Delivery
Reasonable pricing compared to competitors Not satisfied.,Pricing
The package arrived damaged Average overall.,Delivery
The product packaging was damaged Will buy again.,Product
Very durable and useful product Not satisfied.,Product
Support team resolved my issue quickly Needs improvement.,Service
The product is overpriced Highly recommended.,Pricing
Amazing design and quality Average overall.,Product
Amazing design and quality Highly recommended.,Product
Excellent service experience Will buy again.,Service
The product is overpriced Highly recommended.,Pricing
The item stopped working after two days Average overall.,Product
Quick and reliable delivery Needs improvement.,Delivery
The courier delayed the order Highly recommended.,Delivery
The package arrived damaged,Delivery
Poor product material Will buy again.,Product
Very durable and useful product Excellent experience.,Product
The courier delayed the order Excellent experience.,Delivery
Support team resolved my issue quickly Average overall.,Service
Customer care was disappointing Needs improvement.,Service
The courier delayed the order,Delivery
Amazing design and quality Excellent experience.,Product
The representative was polite Highly recommended.,Service
The product quality is excellent Needs improvement.,Product
Price is too high,Pricing
The courier delayed the order Highly recommended.,Delivery
Fast delivery service Needs improvement.,Delivery
The courier delayed the order Average overall.,Delivery
Fantastic performance and reliability,Product
The courier delayed the order Highly recommended.,Delivery
Reasonable pricing compared to competitors Average overall.,Pricing
The product is overpriced Will buy again.,Pricing
Very durable and useful product Average overall.,Product
Discount offers are attractive Average overall.,Pricing
Support team resolved my issue quickly Not satisfied.,Service
The representative was polite Highly recommended.,Service
Support team was unresponsive Average overall.,Service
Fast delivery service Excellent experience.,Delivery
Customer service was very helpful Will buy again.,Service
Excellent service experience Not satisfied.,Service
Quick and reliable delivery Excellent experience.,Delivery
Package arrived on time Not satisfied.,Delivery
Amazing design and quality Will buy again.,Product
Fast delivery service Not satisfied.,Delivery
Package arrived on time Not satisfied.,Delivery
Shipment tracking was inaccurate Average overall.,Delivery
The item stopped working after two days Needs improvement.,Product
Amazing design and quality Needs improvement.,Product
Support team was unresponsive,Service
Poor product material,Product
Fast delivery service Excellent experience.,Delivery
Poor product material Highly recommended.,Product
The courier delayed the order Excellent experience.,Delivery
Excellent service experience Average overall.,Service
Customer care was disappointing Average overall.,Service
The product is overpriced Highly recommended.,Pricing
The product packaging was damaged Needs improvement.,Product
Package arrived on time Average overall.,Delivery
Price is too high Excellent experience.,Pricing
Issue resolved professionally Average overall.,Service
Excellent service experience Highly recommended.,Service
The product exceeded expectations Highly recommended.,Product
Very expensive for the quality Will buy again.,Pricing
Poor response from support Will buy again.,Service
The representative was polite,Service
Excellent service experience Needs improvement.,Service
Poor response from support Not satisfied.,Service
The product quality is excellent Will buy again.,Product
Shipment tracking was inaccurate,Delivery
Customer care was disappointing Highly recommended.,Service
Amazing design and quality,Product
Poor product material Not satisfied.,Product
Support team was unresponsive Needs improvement.,Service
Customer service was very helpful Not satisfied.,Service
Support team resolved my issue quickly Will buy again.,Service
Delivery was very late Will buy again.,Delivery
Issue resolved professionally Will buy again.,Service
The item stopped working after two days Excellent experience.,Product
Issue resolved professionally Not satisfied.,Service
Excellent service experience Needs improvement.,Service
Amazing design and quality Highly recommended.,Product
Shipment tracking was inaccurate,Delivery
Shipment tracking was inaccurate Will buy again.,Delivery
The representative was polite Average overall.,Service
Very expensive for the quality Average overall.,Pricing
Support team was unresponsive Highly recommended.,Service
The representative was polite Excellent experience.,Service
Great value for money Will buy again.,Pricing
The product is overpriced Excellent experience.,Pricing
The product quality is excellent Will buy again.,Product
Support team resolved my issue quickly,Service
Support team was unresponsive Excellent experience.,Service
The product packaging was damaged Not satisfied.,Product
Customer care was disappointing Needs improvement.,Service
The product is overpriced,Pricing
The courier delayed the order Highly recommended.,Delivery
The product packaging was damaged,Product
The product exceeded expectations Average overall.,Product
Great value for money Excellent experience.,Pricing
Reasonable pricing compared to competitors Excellent experience.,Pricing
Support team resolved my issue quickly Excellent experience.,Service
The courier delayed the order Average overall.,Delivery
Discount offers are attractive,Pricing
Customer care was disappointing,Service
Very expensive for the quality Will buy again.,Pricing
Very expensive for the quality Will buy again.,Pricing
The product exceeded expectations Will buy again.,Product
Poor product material Average overall.,Product
Delivery was very late Will buy again.,Delivery
Excellent service experience Highly recommended.,Service
Discount offers are attractive,Pricing
Issue resolved professionally Highly recommended.,Service
Customer service was very helpful Highly recommended.,Service
Great value for money Highly recommended.,Pricing
Issue resolved professionally Average overall.,Service
The product exceeded expectations Not satisfied.,Product
Excellent service experience Not satisfied.,Service
Customer care was disappointing Will buy again.,Service
The item stopped working after two days Not satisfied.,Product
Quick and reliable delivery Highly recommended.,Delivery
Discount offers are attractive,Pricing
Very durable and useful product Average overall.,Product
The package arrived damaged Not satisfied.,Delivery
Support team resolved my issue quickly Highly recommended.,Service
Amazing design and quality,Product
Fantastic performance and reliability Excellent experience.,Product
Package arrived on time Highly recommended.,Delivery
Fantastic performance and reliability Will buy again.,Product
Excellent service experience Average overall.,Service
Quick and reliable delivery Highly recommended.,Delivery
Fantastic performance and reliability Highly recommended.,Product
Affordable pricing and good value Will buy again.,Pricing
The package arrived damaged Needs improvement.,Delivery
Great value for money Not satisfied.,Pricing
Very expensive for the quality Will buy again.,Pricing
Excellent service experience Average overall.,Service
Amazing design and quality Excellent experience.,Product
Excellent service experience Not satisfied.,Service
Affordable pricing and good value,Pricing
The product packaging was damaged Needs improvement.,Product
Support team resolved my issue quickly Excellent experience.,Service
Customer care was disappointing Not satisfied.,Service
Very durable and useful product Highly recommended.,Product
Package arrived on time Needs improvement.,Delivery
Pricing could be better Not satisfied.,Pricing
Affordable pricing and good value Excellent experience.,Pricing
Very durable and useful product Not satisfied.,Product
Pricing could be better,Pricing
The product packaging was damaged Excellent experience.,Product
Delivery was very late Excellent experience.,Delivery
The courier delayed the order Not satisfied.,Delivery
Delivery experience was smooth,Delivery
The product exceeded expectations Highly recommended.,Product
Very durable and useful product Will buy again.,Product
Shipment tracking was inaccurate Average overall.,Delivery
The courier delayed the order Will buy again.,Delivery
The representative was polite Average overall.,Service
Support team was unresponsive Will buy again.,Service
Quick and reliable delivery,Delivery
Delivery was very late Excellent experience.,Delivery
Very expensive for the quality,Pricing
Affordable pricing and good value Highly recommended.,Pricing
The item stopped working after two days Not satisfied.,Product
The package arrived damaged Excellent experience.,Delivery
The representative was polite Excellent experience.,Service
The product is overpriced Excellent experience.,Pricing
Fantastic performance and reliability Excellent experience.,Product
Excellent service experience Excellent experience.,Service
Support team resolved my issue quickly Average overall.,Service
Poor response from support,Service
Very expensive for the quality Not satisfied.,Pricing
Customer care was disappointing Needs improvement.,Service
Excellent service experience Highly recommended.,Service
Price is too high Needs improvement.,Pricing
Excellent service experience Highly recommended.,Service
The product exceeded expectations,Product
Great value for money Not satisfied.,Pricing
Great value for money,Pricing
Fantastic performance and reliability Highly recommended.,Product
Package arrived on time Excellent experience.,Delivery
Discount offers are attractive,Pricing
Great value for money Not satisfied.,Pricing
Fast delivery service Will buy again.,Delivery
The item stopped working after two days Highly recommended.,Product
The item stopped working after two days Excellent experience.,Product
Affordable pricing and good value Excellent experience.,Pricing
Customer care was disappointing Needs improvement.,Service
The item stopped working after two days,Product
Issue resolved professionally Not satisfied.,Service
The product quality is excellent Average overall.,Product
Delivery was very late Will buy again.,Delivery
Shipment tracking was inaccurate,Delivery
The product is overpriced Average overall.,Pricing
Package arrived on time Will buy again.,Delivery
Very expensive for the quality Excellent experience.,Pricing
Fast delivery service Will buy again.,Delivery
Great value for money Average overall.,Pricing
Support team was unresponsive Average overall.,Service
Very expensive for the quality Average overall.,Pricing
The product is overpriced Will buy again.,Pricing
Discount offers are attractive Excellent experience.,Pricing
Fantastic performance and reliability,Product
Delivery experience was smooth Excellent experience.,Delivery
The courier delayed the order Average overall.,Delivery
The item stopped working after two days,Product
Package arrived on time Average overall.,Delivery
Pricing could be better,Pricing
Amazing design and quality Will buy again.,Product
Reasonable pricing compared to competitors Highly recommended.,Pricing
Affordable pricing and good value Excellent experience.,Pricing
Affordable pricing and good value Not satisfied.,Pricing
Affordable pricing and good value Highly recommended.,Pricing
Excellent service experience Needs improvement.,Service
Fantastic performance and reliability Highly recommended.,Product
Issue resolved professionally Will buy again.,Service
The representative was polite Will buy again.,Service
Delivery experience was smooth Will buy again.,Delivery
The item stopped working after two days Average overall.,Product
The package arrived damaged,Delivery
The package arrived damaged,Delivery
Support team was unresponsive Needs improvement.,Service
Poor product material,Product
The product quality is excellent Excellent experience.,Product
Discount offers are attractive Average overall.,Pricing
The product is overpriced Not satisfied.,Pricing
Delivery was very late Needs improvement.,Delivery
Poor product material,Product
Customer care was disappointing Highly recommended.,Service
Issue resolved professionally Excellent experience.,Service
Fantastic performance and reliability,Product
Great value for money Not satisfied.,Pricing
Customer service was very helpful Needs improvement.,Service
Very expensive for the quality Needs improvement.,Pricing
Quick and reliable delivery Excellent experience.,Delivery
Poor response from support Will buy again.,Service
Great value for money Needs improvement.,Pricing
Affordable pricing and good value Excellent experience.,Pricing
Great value for money Average overall.,Pricing
Fast delivery service Will buy again.,Delivery
Customer care was disappointing Not satisfied.,Service
Fantastic performance and reliability Needs improvement.,Product
Discount offers are attractive Highly recommended.,Pricing
The package arrived damaged Average overall.,Delivery
The item stopped working after two days Average overall.,Product
Fantastic performance and reliability Highly recommended.,Product
Pricing could be better Not satisfied.,Pricing
Shipment tracking was inaccurate,Delivery
Customer care was disappointing Average overall.,Service
The product is overpriced Needs improvement.,Pricing
The product is overpriced Excellent experience.,Pricing
Very expensive for the quality Not satisfied.,Pricing
The product packaging was damaged Will buy again.,Product
Great value for money Average overall.,Pricing
Reasonable pricing compared to competitors Highly recommended.,Pricing
The product exceeded expectations Excellent experience.,Product
Very durable and useful product Not satisfied.,Product
The package arrived damaged Highly recommended.,Delivery
The package arrived damaged Needs improvement.,Delivery
Very durable and useful product Not satisfied.,Product
Customer service was very helpful Not satisfied.,Service
The courier delayed the order Not satisfied.,Delivery
The representative was polite,Service
Support team was unresponsive,Service
Delivery experience was smooth Highly recommended.,Delivery
Reasonable pricing compared to competitors Average overall.,Pricing
Customer service was very helpful Needs improvement.,Service
Very expensive for the quality Average overall.,Pricing
The product is overpriced Highly recommended.,Pricing
Very expensive for the quality Needs improvement.,Pricing
The product quality is excellent,Product
Excellent service experience Will buy again.,Service
Issue resolved professionally Average overall.,Service
Package arrived on time,Delivery
The courier delayed the order Needs improvement.,Delivery
Customer service was very helpful Needs improvement.,Service
The courier delayed the order,Delivery
Discount offers are attractive Needs improvement.,Pricing
Fast delivery service Will buy again.,Delivery
The product exceeded expectations Average overall.,Product
Issue resolved professionally Excellent experience.,Service
Issue resolved professionally Needs improvement.,Service
Package arrived on time Average overall.,Delivery
Delivery experience was smooth Needs improvement.,Delivery
Amazing design and quality Not satisfied.,Product
Great value for money Excellent experience.,Pricing
The product exceeded expectations Will buy again.,Product
Support team was unresponsive Needs improvement.,Service
The product quality is excellent Excellent experience.,Product
The courier delayed the order Highly recommended.,Delivery
Fast delivery service Needs improvement.,Delivery
Fast delivery service Highly recommended.,Delivery
Fast delivery service Needs improvement.,Delivery
The representative was polite Average overall.,Service
Customer service was very helpful,Service
The product packaging was damaged,Product
The package arrived damaged Will buy again.,Delivery
Very expensive for the quality Average overall.,Pricing
The representative was polite Average overall.,Service
Customer care was disappointing Excellent experience.,Service
Quick and reliable delivery Average overall.,Delivery
The item stopped working after two days Highly recommended.,Product
Pricing could be better Will buy again.,Pricing
Affordable pricing and good value Excellent experience.,Pricing
Delivery experience was smooth Average overall.,Delivery
Support team was unresponsive Average overall.,Service
The product quality is excellent,Product
Quick and reliable delivery Excellent experience.,Delivery
Shipment tracking was inaccurate Highly recommended.,Delivery
Price is too high Average overall.,Pricing
Customer service was very helpful Will buy again.,Service
Delivery was very late Highly recommended.,Delivery
The courier delayed the order Highly recommended.,Delivery
Package arrived on time Average overall.,Delivery
Delivery was very late Needs improvement.,Delivery
Very durable and useful product Needs improvement.,Product
Reasonable pricing compared to competitors Needs improvement.,Pricing
Fantastic performance and reliability Average overall.,Product
Affordable pricing and good value,Pricing
Shipment tracking was inaccurate Highly recommended.,Delivery
Excellent service experience Needs improvement.,Service
Fast delivery service Not satisfied.,Delivery
Delivery was very late,Delivery
Shipment tracking was inaccurate Not satisfied.,Delivery
Price is too high Excellent experience.,Pricing
Quick and reliable delivery Not satisfied.,Delivery
The courier delayed the order Not satisfied.,Delivery
Affordable pricing and good value Not satisfied.,Pricing
The package arrived damaged Highly recommended.,Delivery
Customer service was very helpful Will buy again.,Service
Price is too high Needs improvement.,Pricing
Poor response from support Average overall.,Service
The product packaging was damaged,Product
Support team was unresponsive Excellent experience.,Service
Great value for money,Pricing
The item stopped working after two days Needs improvement.,Product
Great value for money Not satisfied.,Pricing
Pricing could be better Average overall.,Pricing
Very durable and useful product Highly recommended.,Product
Very durable and useful product Average overall.,Product
Quick and reliable delivery Excellent experience.,Delivery
Support team resolved my issue quickly Will buy again.,Service
Great value for money Not satisfied.,Pricing
Customer service was very helpful,Service
Support team resolved my issue quickly Average overall.,Service
Quick and reliable delivery Highly recommended.,Delivery
Great value for money Average overall.,Pricing
Reasonable pricing compared to competitors Excellent experience.,Pricing
The item stopped working after two days Average overall.,Product
Reasonable pricing compared to competitors Highly recommended.,Pricing
Price is too high Will buy again.,Pricing
Delivery was very late Average overall.,Delivery
The courier delayed the order,Delivery
Support team was unresponsive Not satisfied.,Service
Very expensive for the quality,Pricing
Delivery experience was smooth Needs improvement.,Delivery
Very durable and useful product Highly recommended.,Product
Customer care was disappointing Average overall.,Service
The package arrived damaged Average overall.,Delivery
The package arrived damaged Not satisfied.,Delivery
The product quality is excellent Will buy again.,Product
Quick and reliable delivery,Delivery
Poor product material,Product
Support team resolved my issue quickly Average overall.,Service
The product exceeded expectations Excellent experience.,Product
Issue resolved professionally Needs improvement.,Service
Customer service was very helpful Needs improvement.,Service
Price is too high,Pricing
Fantastic performance and reliability Will buy again.,Product
Pricing could be better Highly recommended.,Pricing
Fast delivery service Highly recommended.,Delivery
Fantastic performance and reliability,Product
Very expensive for the quality Highly recommended.,Pricing
Great value for money Highly recommended.,Pricing
Shipment tracking was inaccurate Not satisfied.,Delivery
Customer service was very helpful Not satisfied.,Service
Reasonable pricing compared to competitors Excellent experience.,Pricing
Support team was unresponsive,Service
The product packaging was damaged Average overall.,Product
Delivery was very late Will buy again.,Delivery
Poor response from support Highly recommended.,Service
Package arrived on time Will buy again.,Delivery
Fast delivery service Will buy again.,Delivery
Pricing could be better Average overall.,Pricing
Poor response from support Highly recommended.,Service
Affordable pricing and good value Needs improvement.,Pricing
Quick and reliable delivery Highly recommended.,Delivery
Issue resolved professionally Highly recommended.,Service
Issue resolved professionally Excellent experience.,Service
Shipment tracking was inaccurate Highly recommended.,Delivery
Delivery experience was smooth Will buy again.,Delivery
Poor response from support Will buy again.,Service
Customer care was disappointing Will buy again.,Service
Discount offers are attractive Excellent experience.,Pricing
Fantastic performance and reliability Average overall.,Product
Poor product material Excellent experience.,Product
The product exceeded expectations Will buy again.,Product
Customer service was very helpful,Service
Very durable and useful product Will buy again.,Product
Fast delivery service Not satisfied.,Delivery
Delivery was very late Excellent experience.,Delivery
Fantastic performance and reliability Average overall.,Product
The representative was polite,Service
Shipment tracking was inaccurate,Delivery
Fast delivery service,Delivery
Poor response from support Excellent experience.,Service
The product exceeded expectations Highly recommended.,Product
Issue resolved professionally Highly recommended.,Service
The product packaging was damaged Excellent experience.,Product
The courier delayed the order Will buy again.,Delivery
Poor product material Needs improvement.,Product
Delivery experience was smooth Highly recommended.,Delivery
Poor product material Highly recommended.,Product
Fast delivery service Not satisfied.,Delivery
Poor product material Excellent experience.,Product
Issue resolved professionally Average overall.,Service
The item stopped working after two days Excellent experience.,Product
The product exceeded expectations Not satisfied.,Product
Support team was unresponsive Will buy again.,Service
Pricing could be better,Pricing
Reasonable pricing compared to competitors Not satisfied.,Pricing
Poor product material Excellent experience.,Product
Amazing design and quality Highly recommended.,Product
Customer care was disappointing Average overall.,Service
Fast delivery service Not satisfied.,Delivery
Discount offers are attractive Needs improvement.,Pricing
The item stopped working after two days Average overall.,Product
The product quality is excellent Needs improvement.,Product
Customer service was very helpful Needs improvement.,Service
The package arrived damaged Will buy again.,Delivery
Package arrived on time Highly recommended.,Delivery
Package arrived on time Needs improvement.,Delivery
The product is overpriced Average overall.,Pricing
Amazing design and quality,Product
Discount offers are attractive Needs improvement.,Pricing
Support team was unresponsive Highly recommended.,Service
Support team resolved my issue quickly Highly recommended.,Service
Poor product material,Product
Affordable pricing and good value Needs improvement.,Pricing
Reasonable pricing compared to competitors Excellent experience.,Pricing
Fast delivery service Needs improvement.,Delivery
The courier delayed the order Will buy again.,Delivery
The representative was polite Average overall.,Service
Great value for money Will buy again.,Pricing
Delivery experience was smooth Needs improvement.,Delivery
Delivery experience was smooth Average overall.,Delivery
Very durable and useful product Average overall.,Product
Very expensive for the quality Needs improvement.,Pricing
Poor response from support Needs improvement.,Service
The product quality is excellent Highly recommended.,Product
Delivery experience was smooth,Delivery
Poor response from support Will buy again.,Service
Package arrived on time Average overall.,Delivery
Delivery was very late Needs improvement.,Delivery
Delivery experience was smooth,Delivery
Very expensive for the quality Excellent experience.,Pricing
Great value for money Highly recommended.,Pricing
Fantastic performance and reliability Average overall.,Product
Very expensive for the quality,Pricing
Great value for money Excellent experience.,Pricing
Fantastic performance and reliability,Product
Support team resolved my issue quickly Not satisfied.,Service
Fantastic performance and reliability Highly recommended.,Product
Customer service was very helpful Will buy again.,Service
Support team resolved my issue quickly Highly recommended.,Service
The courier delayed the order Average overall.,Delivery
Poor product material Needs improvement.,Product
Very durable and useful product Excellent experience.,Product
Affordable pricing and good value Will buy again.,Pricing
Support team was unresponsive Excellent experience.,Service
Price is too high Needs improvement.,Pricing
The representative was polite Highly recommended.,Service
Reasonable pricing compared to competitors Will buy again.,Pricing
Excellent service experience Not satisfied.,Service
Poor response from support Not satisfied.,Service
Customer service was very helpful Highly recommended.,Service
The product is overpriced Highly recommended.,Pricing
Package arrived on time Average overall.,Delivery
Delivery was very late Highly recommended.,Delivery
The product packaging was damaged Will buy again.,Product
Fantastic performance and reliability Not satisfied.,Product
Price is too high Average overall.,Pricing
Quick and reliable delivery Not satisfied.,Delivery
Affordable pricing and good value Not satisfied.,Pricing
Great value for money Highly recommended.,Pricing
Package arrived on time Average overall.,Delivery
The package arrived damaged,Delivery
Support team resolved my issue quickly Will buy again.,Service
Fantastic performance and reliability Highly recommended.,Product
Package arrived on time Not satisfied.,Delivery
Poor product material,Product
Pricing could be better Excellent experience.,Pricing
Fantastic performance and reliability Needs improvement.,Product
The item stopped working after two days Average overall.,Product
Shipment tracking was inaccurate Excellent experience.,Delivery
The representative was polite Will buy again.,Service
Poor product material,Product
The product packaging was damaged Highly recommended.,Product
Amazing design and quality Excellent experience.,Product
The product quality is excellent Not satisfied.,Product
Reasonable pricing compared to competitors Needs improvement.,Pricing
Reasonable pricing compared to competitors,Pricing
Fast delivery service,Delivery
Customer service was very helpful,Service
The product packaging was damaged Will buy again.,Product
Discount offers are attractive Not satisfied.,Pricing
The product exceeded expectations Excellent experience.,Product
The product packaging was damaged Will buy again.,Product
Shipment tracking was inaccurate Average overall.,Delivery
Delivery experience was smooth Not satisfied.,Delivery
Support team resolved my issue quickly Excellent experience.,Service
The representative was polite Not satisfied.,Service
The representative was polite Excellent experience.,Service
Amazing design and quality Excellent experience.,Product
The package arrived damaged Will buy again.,Delivery
The package arrived damaged,Delivery
Poor response from support Highly recommended.,Service
Very expensive for the quality Average overall.,Pricing
Great value for money Excellent experience.,Pricing
Support team was unresponsive Average overall.,Service
Customer care was disappointing Highly recommended.,Service
Support team resolved my issue quickly Not satisfied.,Service
Very durable and useful product Average overall.,Product
Very durable and useful product Will buy again.,Product
The product exceeded expectations Not satisfied.,Product
The product is overpriced Average overall.,Pricing
Very expensive for the quality Average overall.,Pricing
Poor product material,Product
Issue resolved professionally Not satisfied.,Service
Customer care was disappointing Highly recommended.,Service
Issue resolved professionally Not satisfied.,Service
Amazing design and quality Not satisfied.,Product
The package arrived damaged Not satisfied.,Delivery
Poor product material Not satisfied.,Product
Customer care was disappointing Will buy again.,Service
Support team was unresponsive Excellent experience.,Service
Delivery experience was smooth Average overall.,Delivery
The courier delayed the order Average overall.,Delivery
Delivery was very late Average overall.,Delivery
Affordable pricing and good value,Pricing
The product packaging was damaged Average overall.,Product
Fantastic performance and reliability,Product
Very expensive for the quality Highly recommended.,Pricing
Poor response from support Excellent experience.,Service
Poor response from support Excellent experience.,Service
Poor response from support Average overall.,Service
Customer service was very helpful Will buy again.,Service
Excellent service experience Average overall.,Service
Excellent service experience Average overall.,Service
The representative was polite Average overall.,Service
The product is overpriced Average overall.,Pricing
Very durable and useful product Needs improvement.,Product
Customer care was disappointing Excellent experience.,Service
Shipment tracking was inaccurate Average overall.,Delivery
Support team was unresponsive Will buy again.,Service
Poor response from support Average overall.,Service
Very durable and useful product Highly recommended.,Product
The product quality is excellent Not satisfied.,Product
The product exceeded expectations Highly recommended.,Product
Poor product material Highly recommended.,Product
Affordable pricing and good value Average overall.,Pricing
Pricing could be better Not satisfied.,Pricing
The product exceeded expectations Excellent experience.,Product
Poor product material Average overall.,Product
Package arrived on time Average overall.,Delivery
The package arrived damaged Highly recommended.,Delivery
The courier delayed the order,Delivery
The item stopped working after two days Needs improvement.,Product
The representative was polite Will buy again.,Service
Price is too high Excellent experience.,Pricing
Very durable and useful product Average overall.,Product
The product packaging was damaged Excellent experience.,Product
Support team resolved my issue quickly Needs improvement.,Service
Delivery experience was smooth Will buy again.,Delivery
Customer care was disappointing Highly recommended.,Service
Delivery experience was smooth Will buy again.,Delivery
Reasonable pricing compared to competitors Excellent experience.,Pricing
Very durable and useful product Excellent experience.,Product
Delivery experience was smooth,Delivery
Shipment tracking was inaccurate Needs improvement.,Delivery
The product exceeded expectations Will buy again.,Product
Price is too high,Pricing
The representative was polite Highly recommended.,Service
Fast delivery service,Delivery
The representative was polite Highly recommended.,Service
Delivery experience was smooth Not satisfied.,Delivery
The package arrived damaged,Delivery
Affordable pricing and good value,Pricing
The product exceeded expectations Average overall.,Product
Pricing could be better Highly recommended.,Pricing
The product exceeded expectations Not satisfied.,Product
Poor response from support Not satisfied.,Service
Very expensive for the quality Not satisfied.,Pricing
Customer service was very helpful Not satisfied.,Service
Discount offers are attractive Excellent experience.,Pricing
Discount offers are attractive Not satisfied.,Pricing
Support team resolved my issue quickly Will buy again.,Service
Excellent service experience,Service
Affordable pricing and good value Average overall.,Pricing
Delivery experience was smooth,Delivery
Poor product material Average overall.,Product
Poor response from support Needs improvement.,Service
Package arrived on time Excellent experience.,Delivery
Customer service was very helpful,Service
The courier delayed the order Excellent experience.,Delivery
Package arrived on time Highly recommended.,Delivery
Very expensive for the quality Not satisfied.,Pricing
Customer service was very helpful Excellent experience.,Service
Great value for money Needs improvement.,Pricing
Quick and reliable delivery Will buy again.,Delivery
Discount offers are attractive Not satisfied.,Pricing
Excellent service experience Excellent experience.,Service
Amazing design and quality Average overall.,Product
Poor product material,Product
Support team was unresponsive Highly recommended.,Service
Support team resolved my issue quickly Highly recommended.,Service
Delivery experience was smooth Will buy again.,Delivery
Price is too high Will buy again.,Pricing
Support team was unresponsive Average overall.,Service
Quick and reliable delivery Excellent experience.,Delivery
Package arrived on time Average overall.,Delivery
Shipment tracking was inaccurate Excellent experience.,Delivery
Great value for money Not satisfied.,Pricing
Quick and reliable delivery,Delivery
Excellent service experience Excellent experience.,Service
The courier delayed the order,Delivery
Shipment tracking was inaccurate Not satisfied.,Delivery
Very expensive for the quality Excellent experience.,Pricing
Delivery was very late Average overall.,Delivery
The product exceeded expectations Will buy again.,Product
Fast delivery service Average overall.,Delivery
Fast delivery service Highly recommended.,Delivery
Customer care was disappointing Excellent experience.,Service
Support team resolved my issue quickly Not satisfied.,Service
Very expensive for the quality Average overall.,Pricing
Poor product material Excellent experience.,Product
Pricing could be better Highly recommended.,Pricing
The package arrived damaged Highly recommended.,Delivery
Shipment tracking was inaccurate Highly recommended.,Delivery
Shipment tracking was inaccurate Excellent experience.,Delivery
The representative was polite,Service
Fantastic performance and reliability Needs improvement.,Product
Pricing could be better Average overall.,Pricing
Customer service was very helpful,Service
The product is overpriced Highly recommended.,Pricing
The product quality is excellent Will buy again.,Product
The product exceeded expectations Highly recommended.,Product
Very expensive for the quality Needs improvement.,Pricing
Customer service was very helpful Needs improvement.,Service
Issue resolved professionally Needs improvement.,Service
Amazing design and quality Will buy again.,Product
The product quality is excellent,Product
The representative was polite Highly recommended.,Service
Quick and reliable delivery Average overall.,Delivery
Delivery was very late,Delivery
Shipment tracking was inaccurate Needs improvement.,Delivery
The item stopped working after two days Average overall.,Product
Delivery was very late Will buy again.,Delivery
The product quality is excellent Will buy again.,Product
The package arrived damaged Highly recommended.,Delivery
Very expensive for the quality Highly recommended.,Pricing
Pricing could be better Average overall.,Pricing
The courier delayed the order Excellent experience.,Delivery
Excellent service experience Excellent experience.,Service
The package arrived damaged Average overall.,Delivery
Very expensive for the quality Needs improvement.,Pricing
Issue resolved professionally Will buy again.,Service
The package arrived damaged Not satisfied.,Delivery
Excellent service experience Will buy again.,Service
Shipment tracking was inaccurate Average overall.,Delivery
Customer service was very helpful,Service
Quick and reliable delivery Excellent experience.,Delivery
Support team was unresponsive Needs improvement.,Service
Amazing design and quality Needs improvement.,Product
Customer care was disappointing Needs improvement.,Service
Excellent service experience Excellent experience.,Service
Discount offers are attractive,Pricing
Very expensive for the quality Will buy again.,Pricing
Pricing could be better,Pricing
Fantastic performance and reliability Highly recommended.,Product
Customer service was very helpful Will buy again.,Service
The product quality is excellent,Product
Support team was unresponsive Average overall.,Service
The package arrived damaged Highly recommended.,Delivery
The product exceeded expectations Will buy again.,Product
Discount offers are attractive Excellent experience.,Pricing
The courier delayed the order Not satisfied.,Delivery
Very expensive for the quality Highly recommended.,Pricing
Issue resolved professionally Will buy again.,Service
Issue resolved professionally,Service
Amazing design and quality Not satisfied.,Product
Excellent service experience Needs improvement.,Service
The product is overpriced Will buy again.,Pricing
Customer service was very helpful Highly recommended.,Service
Great value for money Average overall.,Pricing
Customer service was very helpful Average overall.,Service
Quick and reliable delivery Excellent experience.,Delivery
Pricing could be better Needs improvement.,Pricing
Package arrived on time Not satisfied.,Delivery
Support team was unresponsive Highly recommended.,Service
Affordable pricing and good value Not satisfied.,Pricing
The package arrived damaged Not satisfied.,Delivery
Poor response from support Needs improvement.,Service
The product packaging was damaged Will buy again.,Product
Reasonable pricing compared to competitors Not satisfied.,Pricing
Very expensive for the quality Excellent experience.,Pricing
Shipment tracking was inaccurate Will buy again.,Delivery
The product is overpriced Needs improvement.,Pricing
Very expensive for the quality Needs improvement.,Pricing
Discount offers are attractive Excellent experience.,Pricing
Poor response from support Average overall.,Service
The item stopped working after two days Average overall.,Product
Delivery was very late,Delivery
The item stopped working after two days Needs improvement.,Product
Package arrived on time Needs improvement.,Delivery
The package arrived damaged Average overall.,Delivery
Affordable pricing and good value,Pricing
Package arrived on time,Delivery
Excellent service experience Will buy again.,Service
Amazing design and quality Excellent experience.,Product
The representative was polite Will buy again.,Service
Excellent service experience Needs improvement.,Service
Price is too high Average overall.,Pricing
Very expensive for the quality Will buy again.,Pricing
Delivery was very late Highly recommended.,Delivery
Pricing could be better Average overall.,Pricing
Customer care was disappointing,Service
Fast delivery service Excellent experience.,Delivery
Affordable pricing and good value Will buy again.,Pricing
Package arrived on time,Delivery
Affordable pricing and good value,Pricing
Quick and reliable delivery Not satisfied.,Delivery
Discount offers are attractive Highly recommended.,Pricing
The product exceeded expectations Average overall.,Product
Excellent service experience Will buy again.,Service
The product quality is excellent Not satisfied.,Product
Package arrived on time Will buy again.,Delivery
Pricing could be better Excellent experience.,Pricing
The product is overpriced,Pricing
Affordable pricing and good value Not satisfied.,Pricing
Quick and reliable delivery Will buy again.,Delivery
Support team resolved my issue quickly Not satisfied.,Service
Price is too high Needs improvement.,Pricing
Delivery was very late Will buy again.,Delivery
The product exceeded expectations Average overall.,Product
Very durable and useful product,Product
Support team was unresponsive Average overall.,Service
The courier delayed the order Not satisfied.,Delivery
Package arrived on time Will buy again.,Delivery
The product is overpriced Average overall.,Pricing
Delivery experience was smooth,Delivery
Discount offers are attractive Will buy again.,Pricing
The product exceeded expectations Excellent experience.,Product
Quick and reliable delivery Will buy again.,Delivery
Very durable and useful product Average overall.,Product
The product exceeded expectations Needs improvement.,Product
The product packaging was damaged Not satisfied.,Product
Package arrived on time Excellent experience.,Delivery
Poor response from support Average overall.,Service
Support team was unresponsive Needs improvement.,Service
Support team resolved my issue quickly Will buy again.,Service
Fantastic performance and reliability Not satisfied.,Product
Very expensive for the quality Highly recommended.,Pricing
The product quality is excellent Highly recommended.,Product
Poor product material Needs improvement.,Product
Issue resolved professionally Will buy again.,Service
Support team resolved my issue quickly Not satisfied.,Service
Package arrived on time Average overall.,Delivery
Poor response from support Average overall.,Service
Poor response from support Excellent experience.,Service
The product exceeded expectations Not satisfied.,Product
Fast delivery service Excellent experience.,Delivery
Excellent service experience Needs improvement.,Service
Amazing design and quality Will buy again.,Product
Pricing could be better Needs improvement.,Pricing
Fast delivery service Needs improvement.,Delivery
The courier delayed the order Needs improvement.,Delivery
Fantastic performance and reliability Needs improvement.,Product
Delivery experience was smooth Will buy again.,Delivery
Price is too high Excellent experience.,Pricing
Reasonable pricing compared to competitors Excellent experience.,Pricing
Affordable pricing and good value,Pricing
Very durable and useful product Highly recommended.,Product
Support team resolved my issue quickly Will buy again.,Service
Excellent service experience Highly recommended.,Service
Great value for money,Pricing
Customer service was very helpful Excellent experience.,Service
The courier delayed the order Not satisfied.,Delivery
Customer service was very helpful Not satisfied.,Service
Support team was unresponsive Not satisfied.,Service
The package arrived damaged Highly recommended.,Delivery
Price is too high,Pricing
Fast delivery service Average overall.,Delivery
Discount offers are attractive Needs improvement.,Pricing
Discount offers are attractive Excellent experience.,Pricing
Very durable and useful product Will buy again.,Product
Delivery experience was smooth Average overall.,Delivery
Excellent service experience Needs improvement.,Service
The product exceeded expectations Excellent experience.,Product
Shipment tracking was inaccurate Will buy again.,Delivery
Reasonable pricing compared to competitors Not satisfied.,Pricing
Package arrived on time,Delivery
Price is too high Highly recommended.,Pricing
Fantastic performance and reliability,Product
The product quality is excellent Not satisfied.,Product
Amazing design and quality Average overall.,Product
Customer service was very helpful Highly recommended.,Service
Delivery was very late Excellent experience.,Delivery
Customer care was disappointing Will buy again.,Service
The package arrived damaged Will buy again.,Delivery
The product packaging was damaged Will buy again.,Product
Fantastic performance and reliability Needs improvement.,Product
Price is too high Not satisfied.,Pricing
Delivery was very late,Delivery
Poor product material Excellent experience.,Product
Support team resolved my issue quickly Excellent experience.,Service
Poor response from support Not satisfied.,Service
Poor product material,Product
Package arrived on time Excellent experience.,Delivery
Affordable pricing and good value Needs improvement.,Pricing
Issue resolved professionally Average overall.,Service
Pricing could be better Not satisfied.,Pricing
Package arrived on time Excellent experience.,Delivery
The product is overpriced Excellent experience.,Pricing
Delivery experience was smooth Will buy again.,Delivery
Customer service was very helpful Will buy again.,Service
Quick and reliable delivery,Delivery
The representative was polite Will buy again.,Service
Discount offers are attractive Excellent experience.,Pricing
Support team resolved my issue quickly Will buy again.,Service
Poor product material Average overall.,Product
Poor response from support Excellent experience.,Service
Poor response from support Average overall.,Service
Support team resolved my issue quickly Average overall.,Service
Price is too high Not satisfied.,Pricing
Support team was unresponsive Average overall.,Service
Very expensive for the quality Highly recommended.,Pricing
The product exceeded expectations Needs improvement.,Product
Discount offers are attractive,Pricing
The product is overpriced Needs improvement.,Pricing
Issue resolved professionally Average overall.,Service
Discount offers are attractive Needs improvement.,Pricing
Pricing could be better Highly recommended.,Pricing
Discount offers are attractive,Pricing
The courier delayed the order,Delivery
Customer care was disappointing Needs improvement.,Service
Support team was unresponsive Excellent experience.,Service
Excellent service experience Not satisfied.,Service
Poor response from support Excellent experience.,Service
Package arrived on time Needs improvement.,Delivery
Discount offers are attractive Needs improvement.,Pricing
Issue resolved professionally,Service
The item stopped working after two days Excellent experience.,Product
The courier delayed the order Needs improvement.,Delivery
Amazing design and quality Will buy again.,Product
Support team resolved my issue quickly Excellent experience.,Service
Customer service was very helpful Excellent experience.,Service
Fantastic performance and reliability Needs improvement.,Product
Support team resolved my issue quickly Highly recommended.,Service
The product is overpriced Excellent experience.,Pricing
The representative was polite Highly recommended.,Service
Very durable and useful product Highly recommended.,Product
Price is too high Average overall.,Pricing
Amazing design and quality Not satisfied.,Product
The product is overpriced Needs improvement.,Pricing
Amazing design and quality Needs improvement.,Product
Great value for money Excellent experience.,Pricing
The courier delayed the order Will buy again.,Delivery
The representative was polite Not satisfied.,Service
Support team resolved my issue quickly Will buy again.,Service
Great value for money Excellent experience.,Pricing
Affordable pricing and good value Average overall.,Pricing
Discount offers are attractive,Pricing
Poor product material Will buy again.,Product
Very expensive for the quality Average overall.,Pricing
The representative was polite Excellent experience.,Service
Amazing design and quality Needs improvement.,Product
Support team was unresponsive Average overall.,Service
Support team was unresponsive Needs improvement.,Service
Reasonable pricing compared to competitors Excellent experience.,Pricing
The product packaging was damaged Highly recommended.,Product
Excellent service experience Will buy again.,Service
Shipment tracking was inaccurate Average overall.,Delivery
The package arrived damaged Needs improvement.,Delivery
The courier delayed the order Highly recommended.,Delivery
Quick and reliable delivery Excellent experience.,Delivery
Reasonable pricing compared to competitors Will buy again.,Pricing
Delivery experience was smooth Highly recommended.,Delivery
Customer care was disappointing Will buy again.,Service
Very expensive for the quality Will buy again.,Pricing
The product exceeded expectations Will buy again.,Product
Very expensive for the quality Will buy again.,Pricing
Price is too high,Pricing
Customer care was disappointing Needs improvement.,Service
The package arrived damaged Average overall.,Delivery
Excellent service experience Will buy again.,Service
Fast delivery service,Delivery
Discount offers are attractive,Pricing
Poor response from support,Service
The product quality is excellent Needs improvement.,Product
Customer service was very helpful Will buy again.,Service
The product exceeded expectations Highly recommended.,Product
Fantastic performance and reliability Excellent experience.,Product
Affordable pricing and good value Will buy again.,Pricing
The package arrived damaged Will buy again.,Delivery
The product quality is excellent Average overall.,Product
Price is too high Not satisfied.,Pricing
The product exceeded expectations Needs improvement.,Product
Support team resolved my issue quickly Average overall.,Service
Poor response from support,Service
The product quality is excellent Excellent experience.,Product
The package arrived damaged Not satisfied.,Delivery
Pricing could be better Average overall.,Pricing
Fast delivery service Needs improvement.,Delivery
Delivery was very late Excellent experience.,Delivery
The representative was polite Not satisfied.,Service
Price is too high Average overall.,Pricing
Amazing design and quality Needs improvement.,Product
Amazing design and quality Will buy again.,Product
The product exceeded expectations Average overall.,Product
Customer care was disappointing Needs improvement.,Service
Support team resolved my issue quickly Needs improvement.,Service
Support team resolved my issue quickly,Service
Customer service was very helpful Needs improvement.,Service
Very durable and useful product Needs improvement.,Product
Shipment tracking was inaccurate Highly recommended.,Delivery
The product packaging was damaged Not satisfied.,Product
Support team was unresponsive Excellent experience.,Service
Affordable pricing and good value,Pricing
The item stopped working after two days Not satisfied.,Product
The package arrived damaged Highly recommended.,Delivery
The product is overpriced Highly recommended.,Pricing
Delivery experience was smooth Excellent experience.,Delivery
Fantastic performance and reliability Highly recommended.,Product
Poor response from support Not satisfied.,Service
The representative was polite Not satisfied.,Service
Great value for money Not satisfied.,Pricing
Customer care was disappointing,Service
Support team resolved my issue quickly Average overall.,Service
Package arrived on time Not satisfied.,Delivery
Affordable pricing and good value Average overall.,Pricing
Very durable and useful product Excellent experience.,Product
Support team resolved my issue quickly Average overall.,Service
Support team was unresponsive Will buy again.,Service
The product exceeded expectations Average overall.,Product
Shipment tracking was inaccurate,Delivery
Issue resolved professionally Not satisfied.,Service
The product is overpriced Average overall.,Pricing
Very expensive for the quality Not satisfied.,Pricing
Customer care was disappointing Needs improvement.,Service
Pricing could be better Excellent experience.,Pricing
Affordable pricing and good value Not satisfied.,Pricing
The product is overpriced Excellent experience.,Pricing
Customer service was very helpful Will buy again.,Service
Discount offers are attractive Average overall.,Pricing
Great value for money Average overall.,Pricing
Customer service was very helpful Excellent experience.,Service
Customer care was disappointing Not satisfied.,Service
Amazing design and quality Needs improvement.,Product
Excellent service experience,Service
Support team was unresponsive,Service
Quick and reliable delivery Highly recommended.,Delivery
Customer service was very helpful Highly recommended.,Service
Excellent service experience Needs improvement.,Service
Package arrived on time Excellent experience.,Delivery
Delivery was very late Not satisfied.,Delivery
Price is too high Highly recommended.,Pricing
Poor response from support Not satisfied.,Service
Fantastic performance and reliability Will buy again.,Product
Affordable pricing and good value Will buy again.,Pricing
Poor response from support Not satisfied.,Service
The product is overpriced Will buy again.,Pricing
Customer care was disappointing Highly recommended.,Service
Delivery experience was smooth Highly recommended.,Delivery
Poor product material Excellent experience.,Product
Shipment tracking was inaccurate Average overall.,Delivery
The package arrived damaged Average overall.,Delivery
Price is too high Not satisfied.,Pricing
Reasonable pricing compared to competitors Will buy again.,Pricing
Customer service was very helpful Average overall.,Service
Great value for money Average overall.,Pricing
The representative was polite Average overall.,Service
Very expensive for the quality Excellent experience.,Pricing
Discount offers are attractive Not satisfied.,Pricing
The representative was polite Not satisfied.,Service
The product exceeded expectations Average overall.,Product
Very durable and useful product Not satisfied.,Product
Price is too high Not satisfied.,Pricing
The package arrived damaged Will buy again.,Delivery
The product is overpriced Excellent experience.,Pricing
Package arrived on time Average overall.,Delivery
Support team resolved my issue quickly,Service
Very expensive for the quality Will buy again.,Pricing
Pricing could be better Not satisfied.,Pricing
Poor product material Needs improvement.,Product
The representative was polite Needs improvement.,Service
The product exceeded expectations Not satisfied.,Product
Great value for money Excellent experience.,Pricing
Customer service was very helpful Highly recommended.,Service
Great value for money,Pricing
The package arrived damaged Not satisfied.,Delivery
Very durable and useful product Average overall.,Product
Fantastic performance and reliability Will buy again.,Product
The product quality is excellent Average overall.,Product
Reasonable pricing compared to competitors Excellent experience.,Pricing
Amazing design and quality Not satisfied.,Product
Delivery experience was smooth Highly recommended.,Delivery
Affordable pricing and good value Needs improvement.,Pricing
Very expensive for the quality Highly recommended.,Pricing
Fantastic performance and reliability Not satisfied.,Product
Shipment tracking was inaccurate Needs improvement.,Delivery
Fast delivery service Average overall.,Delivery
Shipment tracking was inaccurate Not satisfied.,Delivery
Issue resolved professionally Highly recommended.,Service
The item stopped working after two days Not satisfied.,Product
Quick and reliable delivery,Delivery
Excellent service experience Excellent experience.,Service
Delivery experience was smooth Not satisfied.,Delivery
Delivery was very late Will buy again.,Delivery
Customer care was disappointing Not satisfied.,Service
Delivery was very late Average overall.,Delivery
Affordable pricing and good value Excellent experience.,Pricing
Support team resolved my issue quickly Excellent experience.,Service
Price is too high,Pricing
Pricing could be better Will buy again.,Pricing
Fantastic performance and reliability Will buy again.,Product
Delivery was very late Needs improvement.,Delivery
Support team resolved my issue quickly Average overall.,Service
Great value for money Excellent experience.,Pricing
Price is too high Average overall.,Pricing
Customer service was very helpful Not satisfied.,Service
The product packaging was damaged Not satisfied.,Product
The product quality is excellent,Product
Delivery experience was smooth Needs improvement.,Delivery
Poor product material Will buy again.,Product
Fast delivery service Excellent experience.,Delivery
Reasonable pricing compared to competitors,Pricing
The item stopped working after two days Not satisfied.,Product
Support team was unresponsive Will buy again.,Service
Support team resolved my issue quickly Not satisfied.,Service
Quick and reliable delivery,Delivery
Very durable and useful product Needs improvement.,Product
Delivery was very late,Delivery
The representative was polite Average overall.,Service
The courier delayed the order,Delivery
Poor product material Needs improvement.,Product
Package arrived on time Highly recommended.,Delivery
Discount offers are attractive Highly recommended.,Pricing
The package arrived damaged Average overall.,Delivery
Reasonable pricing compared to competitors Not satisfied.,Pricing
Reasonable pricing compared to competitors Not satisfied.,Pricing
Excellent service experience Average overall.,Service
Amazing design and quality Will buy again.,Product
Very expensive for the quality Will buy again.,Pricing
Poor response from support Not satisfied.,Service
Delivery was very late Excellent experience.,Delivery
Issue resolved professionally Not satisfied.,Service
Delivery experience was smooth,Delivery
Issue resolved professionally Average overall.,Service
Reasonable pricing compared to competitors,Pricing
Affordable pricing and good value Highly recommended.,Pricing
Reasonable pricing compared to competitors Needs improvement.,Pricing
The product exceeded expectations Average overall.,Product
Reasonable pricing compared to competitors Not satisfied.,Pricing
Delivery experience was smooth Will buy again.,Delivery
Shipment tracking was inaccurate Will buy again.,Delivery
Affordable pricing and good value Needs improvement.,Pricing
The product quality is excellent Average overall.,Product
Quick and reliable delivery Highly recommended.,Delivery
Support team was unresponsive Excellent experience.,Service
Support team was unresponsive Excellent experience.,Service
Fast delivery service Will buy again.,Delivery
Pricing could be better Average overall.,Pricing
Support team resolved my issue quickly Needs improvement.,Service
Customer care was disappointing Needs improvement.,Service
Great value for money Not satisfied.,Pricing
Issue resolved professionally Will buy again.,Service
The package arrived damaged Not satisfied.,Delivery
The item stopped working after two days Excellent experience.,Product
Delivery was very late Will buy again.,Delivery
Price is too high,Pricing
Affordable pricing and good value Excellent experience.,Pricing
Support team resolved my issue quickly,Service
The product quality is excellent Excellent experience.,Product
Package arrived on time Excellent experience.,Delivery
Delivery was very late Excellent experience.,Delivery
The courier delayed the order Excellent experience.,Delivery
Shipment tracking was inaccurate Not satisfied.,Delivery
The item stopped working after two days,Product
The product exceeded expectations Will buy again.,Product
Discount offers are attractive,Pricing
Shipment tracking was inaccurate Not satisfied.,Delivery
Package arrived on time Will buy again.,Delivery
Delivery was very late Needs improvement.,Delivery
Customer care was disappointing Excellent experience.,Service
Poor product material Will buy again.,Product
Customer care was disappointing Not satisfied.,Service
Excellent service experience Average overall.,Service
Support team was unresponsive Excellent experience.,Service
Support team was unresponsive Needs improvement.,Service
Quick and reliable delivery,Delivery
Amazing design and quality Excellent experience.,Product
Amazing design and quality Needs improvement.,Product
Support team was unresponsive Will buy again.,Service
Fast delivery service Needs improvement.,Delivery
Very durable and useful product Highly recommended.,Product
Poor product material Excellent experience.,Product
The package arrived damaged,Delivery
The representative was polite Highly recommended.,Service
Very expensive for the quality Not satisfied.,Pricing
Quick and reliable delivery Average overall.,Delivery
Excellent service experience Highly recommended.,Service
Customer service was very helpful,Service
Fast delivery service Will buy again.,Delivery
The courier delayed the order Highly recommended.,Delivery
Poor product material Needs improvement.,Product
Support team resolved my issue quickly Needs improvement.,Service
Reasonable pricing compared to competitors,Pricing
Customer service was very helpful Highly recommended.,Service
The courier delayed the order Not satisfied.,Delivery
Discount offers are attractive Highly recommended.,Pricing
Poor product material Highly recommended.,Product
Discount offers are attractive Will buy again.,Pricing
The product exceeded expectations Average overall.,Product
Support team resolved my issue quickly Average overall.,Service
Amazing design and quality Highly recommended.,Product
Pricing could be better Highly recommended.,Pricing
The representative was polite Needs improvement.,Service
Fantastic performance and reliability Not satisfied.,Product
Reasonable pricing compared to competitors Average overall.,Pricing
Excellent service experience Needs improvement.,Service
Fast delivery service,Delivery
Poor response from support Average overall.,Service
Pricing could be better,Pricing
Issue resolved professionally Not satisfied.,Service
Fantastic performance and reliability Needs improvement.,Product
The product is overpriced Excellent experience.,Pricing
Package arrived on time Average overall.,Delivery
Great value for money Highly recommended.,Pricing
Customer service was very helpful Highly recommended.,Service
The product packaging was damaged Will buy again.,Product
The product packaging was damaged Not satisfied.,Product
The package arrived damaged Highly recommended.,Delivery
The product exceeded expectations Average overall.,Product
Reasonable pricing compared to competitors Highly recommended.,Pricing
Package arrived on time Needs improvement.,Delivery
Support team resolved my issue quickly Average overall.,Service
Fast delivery service Excellent experience.,Delivery
Excellent service experience Needs improvement.,Service
Quick and reliable delivery,Delivery
Fast delivery service Will buy again.,Delivery
The product quality is excellent Excellent experience.,Product
Great value for money Excellent experience.,Pricing
Discount offers are attractive Not satisfied.,Pricing
The product exceeded expectations Will buy again.,Product
Customer service was very helpful Not satisfied.,Service
Fast delivery service Will buy again.,Delivery
Delivery experience was smooth Will buy again.,Delivery
Customer service was very helpful Not satisfied.,Service
The product exceeded expectations Will buy again.,Product
Fantastic performance and reliability Not satisfied.,Product
The package arrived damaged Highly recommended.,Delivery
Affordable pricing and good value Average overall.,Pricing
Great value for money Average overall.,Pricing
Amazing design and quality Excellent experience.,Product
Affordable pricing and good value Will buy again.,Pricing
Very durable and useful product Needs improvement.,Product
Affordable pricing and good value Needs improvement.,Pricing
Support team resolved my issue quickly Excellent experience.,Service
Delivery experience was smooth Average overall.,Delivery
Poor product material,Product
Very durable and useful product Excellent experience.,Product
Quick and reliable delivery Highly recommended.,Delivery
Support team resolved my issue quickly Excellent experience.,Service
Shipment tracking was inaccurate Highly recommended.,Delivery
Very durable and useful product Average overall.,Product
The package arrived damaged Highly recommended.,Delivery
Delivery experience was smooth Average overall.,Delivery
The representative was polite Needs improvement.,Service
The product packaging was damaged Average overall.,Product
Support team resolved my issue quickly Excellent experience.,Service
Poor product material Not satisfied.,Product
Discount offers are attractive Will buy again.,Pricing
The product quality is excellent Excellent experience.,Product
Great value for money Highly recommended.,Pricing
Customer service was very helpful,Service
Delivery was very late Not satisfied.,Delivery
Package arrived on time Not satisfied.,Delivery
Amazing design and quality Not satisfied.,Product
The product exceeded expectations Excellent experience.,Product
The representative was polite Will buy again.,Service
Reasonable pricing compared to competitors,Pricing
Package arrived on time Excellent experience.,Delivery
Poor response from support Will buy again.,Service
The product exceeded expectations Not satisfied.,Product
Package arrived on time Not satisfied.,Delivery
Delivery was very late Not satisfied.,Delivery
Amazing design and quality Not satisfied.,Product
Poor response from support Not satisfied.,Service
Support team was unresponsive,Service
Reasonable pricing compared to competitors Needs improvement.,Pricing
The courier delayed the order Average overall.,Delivery
Poor response from support Will buy again.,Service
Quick and reliable delivery,Delivery
Affordable pricing and good value Average overall.,Pricing
Fast delivery service Highly recommended.,Delivery
Package arrived on time Excellent experience.,Delivery
The product quality is excellent Will buy again.,Product
Discount offers are attractive Highly recommended.,Pricing
Poor response from support Not satisfied.,Service
Delivery was very late Will buy again.,Delivery
Discount offers are attractive Excellent experience.,Pricing
Issue resolved professionally Average overall.,Service
Issue resolved professionally Highly recommended.,Service
Poor product material Highly recommended.,Product
Delivery experience was smooth Average overall.,Delivery
Excellent service experience Excellent experience.,Service
The package arrived damaged,Delivery
Customer service was very helpful Highly recommended.,Service
Great value for money Average overall.,Pricing
The product is overpriced Will buy again.,Pricing
Affordable pricing and good value Needs improvement.,Pricing
The item stopped working after two days Will buy again.,Product
The product is overpriced Highly recommended.,Pricing
Discount offers are attractive Average overall.,Pricing
The representative was polite Not satisfied.,Service
The package arrived damaged Will buy again.,Delivery
The product quality is excellent Highly recommended.,Product
The product is overpriced,Pricing
Poor response from support Highly recommended.,Service
Excellent service experience Highly recommended.,Service
Discount offers are attractive Highly recommended.,Pricing
Price is too high Will buy again.,Pricing
Support team was unresponsive Not satisfied.,Service
The representative was polite Needs improvement.,Service
Very expensive for the quality Highly recommended.,Pricing
Shipment tracking was inaccurate Will buy again.,Delivery
Amazing design and quality Will buy again.,Product
The courier delayed the order,Delivery
Support team was unresponsive Highly recommended.,Service
Reasonable pricing compared to competitors,Pricing
Poor response from support Not satisfied.,Service
Amazing design and quality,Product
The representative was polite Average overall.,Service
Affordable pricing and good value Will buy again.,Pricing
Shipment tracking was inaccurate Average overall.,Delivery
Poor product material Highly recommended.,Product
Very durable and useful product Will buy again.,Product
Affordable pricing and good value Average overall.,Pricing
Delivery experience was smooth Will buy again.,Delivery
The product exceeded expectations,Product
Delivery experience was smooth Will buy again.,Delivery
Customer service was very helpful Not satisfied.,Service
The product quality is excellent Excellent experience.,Product
Issue resolved professionally Excellent experience.,Service
Package arrived on time Excellent experience.,Delivery
The product packaging was damaged Not satisfied.,Product
Pricing could be better Will buy again.,Pricing
The product exceeded expectations,Product
Amazing design and quality,Product
The courier delayed the order Average overall.,Delivery
Shipment tracking was inaccurate Highly recommended.,Delivery
Quick and reliable delivery Excellent experience.,Delivery
Reasonable pricing compared to competitors,Pricing
Poor product material Will buy again.,Product
The item stopped working after two days,Product
Discount offers are attractive Highly recommended.,Pricing
Package arrived on time Highly recommended.,Delivery
The product quality is excellent Average overall.,Product
Reasonable pricing compared to competitors Needs improvement.,Pricing
The product exceeded expectations Highly recommended.,Product
The package arrived damaged Needs improvement.,Delivery
The product exceeded expectations Not satisfied.,Product
Customer service was very helpful,Service
Customer service was very helpful Not satisfied.,Service
The product exceeded expectations,Product
Discount offers are attractive Needs improvement.,Pricing
Support team resolved my issue quickly Average overall.,Service
Support team resolved my issue quickly,Service
Poor product material,Product
Poor product material Needs improvement.,Product
Shipment tracking was inaccurate Will buy again.,Delivery
Poor product material Not satisfied.,Product
Support team was unresponsive Not satisfied.,Service
Great value for money Highly recommended.,Pricing
Delivery was very late Excellent experience.,Delivery
Issue resolved professionally Highly recommended.,Service
Fantastic performance and reliability Highly recommended.,Product
Fast delivery service,Delivery
Poor response from support,Service
Affordable pricing and good value Highly recommended.,Pricing
The product exceeded expectations Average overall.,Product
Poor product material Will buy again.,Product
Excellent service experience Not satisfied.,Service
Support team resolved my issue quickly Excellent experience.,Service
Fast delivery service Excellent experience.,Delivery
Quick and reliable delivery Excellent experience.,Delivery
Poor response from support Needs improvement.,Service
Delivery experience was smooth Excellent experience.,Delivery
The courier delayed the order Highly recommended.,Delivery
The package arrived damaged,Delivery
The product exceeded expectations Not satisfied.,Product
Very expensive for the quality Not satisfied.,Pricing
Customer service was very helpful Highly recommended.,Service
Price is too high Average overall.,Pricing
Support team was unresponsive Needs improvement.,Service
The product quality is excellent Highly recommended.,Product
Reasonable pricing compared to competitors Excellent experience.,Pricing
Delivery experience was smooth Not satisfied.,Delivery
Reasonable pricing compared to competitors Not satisfied.,Pricing
Customer service was very helpful Not satisfied.,Service
Fast delivery service Highly recommended.,Delivery
The product packaging was damaged Needs improvement.,Product
Support team resolved my issue quickly,Service
The product quality is excellent Excellent experience.,Product
Quick and reliable delivery Not satisfied.,Delivery
Shipment tracking was inaccurate Average overall.,Delivery
Poor response from support,Service
Fantastic performance and reliability,Product
Reasonable pricing compared to competitors Needs improvement.,Pricing
Very durable and useful product Excellent experience.,Product
Pricing could be better Average overall.,Pricing
Price is too high,Pricing
Affordable pricing and good value Average overall.,Pricing
Very durable and useful product,Product
The item stopped working after two days Not satisfied.,Product
Support team was unresponsive Needs improvement.,Service
Support team was unresponsive Average overall.,Service
The product quality is excellent Highly recommended.,Product
Very durable and useful product Not satisfied.,Product
Customer care was disappointing Will buy again.,Service
Customer service was very helpful Excellent experience.,Service
Reasonable pricing compared to competitors Not satisfied.,Pricing
Support team resolved my issue quickly Not satisfied.,Service
Poor product material,Product
Great value for money Excellent experience.,Pricing
The courier delayed the order,Delivery
Delivery experience was smooth Excellent experience.,Delivery
Poor product material Needs improvement.,Product
Poor product material Average overall.,Product
Affordable pricing and good value,Pricing
The package arrived damaged,Delivery
Issue resolved professionally Needs improvement.,Service
Excellent service experience Highly recommended.,Service
Customer service was very helpful Highly recommended.,Service
The product exceeded expectations Needs improvement.,Product
Affordable pricing and good value Not satisfied.,Pricing
Very durable and useful product Not satisfied.,Product
Shipment tracking was inaccurate Needs improvement.,Delivery
Reasonable pricing compared to competitors Average overall.,Pricing
Quick and reliable delivery Highly recommended.,Delivery
The representative was polite Excellent experience.,Service
Customer care was disappointing Not satisfied.,Service
Affordable pricing and good value Will buy again.,Pricing
Excellent service experience Average overall.,Service
The product is overpriced,Pricing
Customer care was disappointing Excellent experience.,Service
Great value for money Average overall.,Pricing
Discount offers are attractive Needs improvement.,Pricing
Package arrived on time Not satisfied.,Delivery
Excellent service experience Needs improvement.,Service
Amazing design and quality Highly recommended.,Product
Shipment tracking was inaccurate Not satisfied.,Delivery
The item stopped working after two days Average overall.,Product
Package arrived on time Needs improvement.,Delivery
Package arrived on time Will buy again.,Delivery
Package arrived on time Will buy again.,Delivery
Delivery was very late Will buy again.,Delivery
Support team was unresponsive,Service
The package arrived damaged Highly recommended.,Delivery
The item stopped working after two days Highly recommended.,Product
Delivery was very late Not satisfied.,Delivery
Support team resolved my issue quickly Needs improvement.,Service
Very expensive for the quality Needs improvement.,Pricing
Affordable pricing and good value Not satisfied.,Pricing
Support team was unresponsive Will buy again.,Service
Poor response from support Highly recommended.,Service
Excellent service experience Excellent experience.,Service
The product exceeded expectations Will buy again.,Product
Reasonable pricing compared to competitors,Pricing
The item stopped working after two days Excellent experience.,Product
Amazing design and quality Average overall.,Product
Issue resolved professionally Excellent experience.,Service
Support team was unresponsive Average overall.,Service
The courier delayed the order,Delivery
Fantastic performance and reliability Not satisfied.,Product
The product quality is excellent Needs improvement.,Product
Excellent service experience Average overall.,Service
Discount offers are attractive Will buy again.,Pricing
Great value for money Highly recommended.,Pricing
The product is overpriced Not satisfied.,Pricing
Very durable and useful product,Product
Customer service was very helpful Will buy again.,Service
Poor response from support,Service
Discount offers are attractive Needs improvement.,Pricing
Shipment tracking was inaccurate Average overall.,Delivery
The package arrived damaged Not satisfied.,Delivery
Package arrived on time Not satisfied.,Delivery
Fast delivery service Will buy again.,Delivery
Reasonable pricing compared to competitors Will buy again.,Pricing
Discount offers are attractive Average overall.,Pricing
Affordable pricing and good value Needs improvement.,Pricing
Pricing could be better Average overall.,Pricing
Amazing design and quality Not satisfied.,Product
The item stopped working after two days Needs improvement.,Product
Quick and reliable delivery Highly recommended.,Delivery
Poor product material Average overall.,Product
Poor response from support Needs improvement.,Service
Issue resolved professionally Not satisfied.,Service
Package arrived on time Will buy again.,Delivery
Issue resolved professionally Average overall.,Service
The package arrived damaged Excellent experience.,Delivery
Delivery was very late Will buy again.,Delivery
The product is overpriced Highly recommended.,Pricing
Fast delivery service Excellent experience.,Delivery
The courier delayed the order Excellent experience.,Delivery
Customer service was very helpful Needs improvement.,Service
Poor response from support,Service
Support team was unresponsive,Service
The product exceeded expectations Average overall.,Product
Issue resolved professionally,Service
The product exceeded expectations Highly recommended.,Product
Excellent service experience Highly recommended.,Service
Shipment tracking was inaccurate Excellent experience.,Delivery
Support team was unresponsive Not satisfied.,Service
Customer service was very helpful Average overall.,Service
Package arrived on time Needs improvement.,Delivery
Very expensive for the quality Average overall.,Pricing
Issue resolved professionally,Service
The product packaging was damaged Needs improvement.,Product
Very durable and useful product Not satisfied.,Product
Pricing could be better Excellent experience.,Pricing
Delivery was very late Highly recommended.,Delivery
Customer service was very helpful Will buy again.,Service
The product is overpriced Will buy again.,Pricing
Support team resolved my issue quickly Average overall.,Service
Amazing design and quality Average overall.,Product
Issue resolved professionally Average overall.,Service
Package arrived on time Average overall.,Delivery
Poor response from support Average overall.,Service
The product quality is excellent Excellent experience.,Product
The product exceeded expectations,Product
Fast delivery service,Delivery
Customer care was disappointing Excellent experience.,Service
Very durable and useful product Will buy again.,Product
Excellent service experience Highly recommended.,Service
The package arrived damaged Will buy again.,Delivery
Great value for money Average overall.,Pricing
Support team was unresponsive,Service
Pricing could be better,Pricing
Delivery experience was smooth Highly recommended.,Delivery
Fast delivery service Average overall.,Delivery
The courier delayed the order Needs improvement.,Delivery
Poor product material Excellent experience.,Product
Package arrived on time Not satisfied.,Delivery
Support team resolved my issue quickly Highly recommended.,Service
Discount offers are attractive Will buy again.,Pricing
Price is too high Will buy again.,Pricing
Delivery was very late Highly recommended.,Delivery
Delivery experience was smooth Will buy again.,Delivery
The product is overpriced,Pricing
Issue resolved professionally Will buy again.,Service
Price is too high Average overall.,Pricing
The product quality is excellent Needs improvement.,Product
Pricing could be better Not satisfied.,Pricing
Customer care was disappointing,Service
Affordable pricing and good value Not satisfied.,Pricing
The representative was polite Highly recommended.,Service
Fantastic performance and reliability Highly recommended.,Product
Reasonable pricing compared to competitors,Pricing
Customer care was disappointing Highly recommended.,Service
Pricing could be better Average overall.,Pricing
Delivery was very late Excellent experience.,Delivery
Issue resolved professionally Will buy again.,Service
Poor response from support Highly recommended.,Service
The courier delayed the order Highly recommended.,Delivery
Customer service was very helpful Not satisfied.,Service
Delivery experience was smooth,Delivery
Fast delivery service Not satisfied.,Delivery
The representative was polite Excellent experience.,Service
Very durable and useful product Not satisfied.,Product
The product packaging was damaged Average overall.,Product
The package arrived damaged Highly recommended.,Delivery
Customer care was disappointing Not satisfied.,Service
Fast delivery service Will buy again.,Delivery
Poor response from support Needs improvement.,Service
Quick and reliable delivery Needs improvement.,Delivery
The product quality is excellent Will buy again.,Product
Pricing could be better Will buy again.,Pricing
Customer service was very helpful Not satisfied.,Service
The product exceeded expectations Not satisfied.,Product
The product packaging was damaged Needs improvement.,Product
The product packaging was damaged Average overall.,Product
Very durable and useful product Highly recommended.,Product
Very expensive for the quality Average overall.,Pricing
Great value for money,Pricing
Poor product material Average overall.,Product
Customer service was very helpful Excellent experience.,Service
Reasonable pricing compared to competitors Average overall.,Pricing
Amazing design and quality Average overall.,Product
The product quality is excellent,Product
Great value for money Not satisfied.,Pricing
Pricing could be better Excellent experience.,Pricing
The representative was polite Needs improvement.,Service
The product quality is excellent Will buy again.,Product
Amazing design and quality Needs improvement.,Product
The product exceeded expectations Not satisfied.,Product
Fantastic performance and reliability Highly recommended.,Product
Affordable pricing and good value Excellent experience.,Pricing
Quick and reliable delivery Excellent experience.,Delivery
Fantastic performance and reliability,Product
Very durable and useful product Excellent experience.,Product
Fast delivery service,Delivery
The representative was polite,Service
Discount offers are attractive Highly recommended.,Pricing
Excellent service experience Will buy again.,Service
Package arrived on time,Delivery
The representative was polite Needs improvement.,Service
Fantastic performance and reliability,Product
The product packaging was damaged Average overall.,Product
Fast delivery service Highly recommended.,Delivery
Amazing design and quality Will buy again.,Product
The courier delayed the order Will buy again.,Delivery
Shipment tracking was inaccurate Excellent experience.,Delivery
Shipment tracking was inaccurate Not satisfied.,Delivery
The courier delayed the order Average overall.,Delivery
Fantastic performance and reliability Highly recommended.,Product
The product exceeded expectations Excellent experience.,Product
Fast delivery service Average overall.,Delivery
Poor product material Will buy again.,Product
Support team resolved my issue quickly Average overall.,Service
The product quality is excellent Needs improvement.,Product
Shipment tracking was inaccurate Excellent experience.,Delivery
Very expensive for the quality Not satisfied.,Pricing
Shipment tracking was inaccurate Excellent experience.,Delivery
Fantastic performance and reliability Will buy again.,Product
Discount offers are attractive Average overall.,Pricing
Customer care was disappointing Not satisfied.,Service
The package arrived damaged Highly recommended.,Delivery
Amazing design and quality Needs improvement.,Product
The representative was polite Highly recommended.,Service
Quick and reliable delivery Excellent experience.,Delivery
Price is too high Highly recommended.,Pricing
Customer care was disappointing,Service
Customer care was disappointing Not satisfied.,Service
The product quality is excellent Excellent experience.,Product
Package arrived on time Average overall.,Delivery
Reasonable pricing compared to competitors Average overall.,Pricing
Poor response from support Not satisfied.,Service
The product exceeded expectations Not satisfied.,Product
The product quality is excellent,Product
Reasonable pricing compared to competitors Average overall.,Pricing
The item stopped working after two days Highly recommended.,Product
Delivery was very late Highly recommended.,Delivery
Excellent service experience Average overall.,Service
Price is too high Needs improvement.,Pricing
Price is too high Highly recommended.,Pricing
Excellent service experience Excellent experience.,Service
Customer service was very helpful Highly recommended.,Service
Customer care was disappointing Will buy again.,Service
The product quality is excellent,Product
Delivery was very late Will buy again.,Delivery
Very durable and useful product Average overall.,Product
Fast delivery service,Delivery
The product packaging was damaged Will buy again.,Product
The courier delayed the order Excellent experience.,Delivery
The representative was polite Will buy again.,Service
Package arrived on time,Delivery
Fantastic performance and reliability Needs improvement.,Product
Shipment tracking was inaccurate Not satisfied.,Delivery
Support team resolved my issue quickly,Service
The product quality is excellent Excellent experience.,Product
Reasonable pricing compared to competitors Highly recommended.,Pricing
Very expensive for the quality,Pricing
Delivery was very late Excellent experience.,Delivery
The courier delayed the order Average overall.,Delivery
Support team was unresponsive Average overall.,Service
Quick and reliable delivery,Delivery
The courier delayed the order Excellent experience.,Delivery
Quick and reliable delivery Highly recommended.,Delivery
Affordable pricing and good value Will buy again.,Pricing
Fast delivery service Not satisfied.,Delivery
The representative was polite Needs improvement.,Service
Poor response from support Will buy again.,Service
Support team was unresponsive Highly recommended.,Service
Affordable pricing and good value Highly recommended.,Pricing
Pricing could be better Needs improvement.,Pricing
The courier delayed the order Highly recommended.,Delivery
The product quality is excellent Average overall.,Product
Discount offers are attractive,Pricing
Issue resolved professionally Will buy again.,Service
Great value for money,Pricing
Quick and reliable delivery Not satisfied.,Delivery
The product is overpriced Needs improvement.,Pricing
Customer service was very helpful Highly recommended.,Service
Affordable pricing and good value Will buy again.,Pricing
Poor response from support Will buy again.,Service
The product is overpriced Needs improvement.,Pricing
Delivery was very late Needs improvement.,Delivery
The product quality is excellent Highly recommended.,Product
Poor response from support Highly recommended.,Service
Pricing could be better,Pricing
Affordable pricing and good value Will buy again.,Pricing
The courier delayed the order Needs improvement.,Delivery
The product exceeded expectations Excellent experience.,Product
Very durable and useful product Not satisfied.,Product
Discount offers are attractive Not satisfied.,Pricing
Affordable pricing and good value Will buy again.,Pricing
Quick and reliable delivery Highly recommended.,Delivery
The product exceeded expectations Highly recommended.,Product
Amazing design and quality Will buy again.,Product
Fast delivery service Not satisfied.,Delivery
Package arrived on time Highly recommended.,Delivery
The product exceeded expectations Will buy again.,Product
Fantastic performance and reliability Will buy again.,Product
Customer service was very helpful Not satisfied.,Service
Affordable pricing and good value Average overall.,Pricing
The product packaging was damaged Will buy again.,Product
Package arrived on time Needs improvement.,Delivery
Price is too high Highly recommended.,Pricing
Price is too high,Pricing
Fantastic performance and reliability Not satisfied.,Product
Affordable pricing and good value Will buy again.,Pricing
The product packaging was damaged,Product
The product exceeded expectations Not satisfied.,Product
The product packaging was damaged Needs improvement.,Product
The product quality is excellent Not satisfied.,Product
Discount offers are attractive Not satisfied.,Pricing
The product exceeded expectations,Product
Amazing design and quality Will buy again.,Product
The product quality is excellent Not satisfied.,Product
The representative was polite Highly recommended.,Service
The package arrived damaged Not satisfied.,Delivery
The product quality is excellent Not satisfied.,Product
Customer service was very helpful Not satisfied.,Service
The product packaging was damaged,Product
Reasonable pricing compared to competitors Needs improvement.,Pricing
Support team resolved my issue quickly Highly recommended.,Service
Poor response from support Not satisfied.,Service
Delivery was very late Needs improvement.,Delivery
The product exceeded expectations Needs improvement.,Product
The courier delayed the order Will buy again.,Delivery
Fast delivery service Not satisfied.,Delivery
Reasonable pricing compared to competitors,Pricing
Poor response from support Will buy again.,Service
Excellent service experience,Service
Very durable and useful product Excellent experience.,Product
Support team was unresponsive Not satisfied.,Service
Package arrived on time Excellent experience.,Delivery
Fast delivery service Needs improvement.,Delivery
Delivery was very late Average overall.,Delivery
Pricing could be better Excellent experience.,Pricing
The courier delayed the order Highly recommended.,Delivery
Package arrived on time Average overall.,Delivery
Shipment tracking was inaccurate Needs improvement.,Delivery
The package arrived damaged Highly recommended.,Delivery
Reasonable pricing compared to competitors Highly recommended.,Pricing
Great value for money Not satisfied.,Pricing
Customer care was disappointing Needs improvement.,Service
Support team was unresponsive Will buy again.,Service
Excellent service experience Highly recommended.,Service
Customer service was very helpful,Service
Package arrived on time Excellent experience.,Delivery
Delivery experience was smooth Needs improvement.,Delivery
Support team resolved my issue quickly Needs improvement.,Service
The product packaging was damaged Will buy again.,Product
Fast delivery service Not satisfied.,Delivery
Customer care was disappointing Needs improvement.,Service
Reasonable pricing compared to competitors,Pricing
Amazing design and quality Needs improvement.,Product
Pricing could be better Excellent experience.,Pricing
Great value for money Average overall.,Pricing
The product exceeded expectations Average overall.,Product
Customer care was disappointing Will buy again.,Service
Amazing design and quality Not satisfied.,Product
Affordable pricing and good value Not satisfied.,Pricing
Support team was unresponsive,Service
Pricing could be better,Pricing
Support team resolved my issue quickly Not satisfied.,Service
Discount offers are attractive,Pricing
The product exceeded expectations Will buy again.,Product
Delivery experience was smooth Needs improvement.,Delivery
The product is overpriced Highly recommended.,Pricing
The product quality is excellent Will buy again.,Product
Pricing could be better Average overall.,Pricing
The item stopped working after two days Highly recommended.,Product
The courier delayed the order Will buy again.,Delivery
Price is too high Highly recommended.,Pricing
Quick and reliable delivery Excellent experience.,Delivery
Fast delivery service,Delivery
Discount offers are attractive Will buy again.,Pricing
Reasonable pricing compared to competitors,Pricing
Customer service was very helpful Excellent experience.,Service
Amazing design and quality,Product
Support team resolved my issue quickly Needs improvement.,Service
Great value for money Highly recommended.,Pricing
Fantastic performance and reliability Will buy again.,Product
Fantastic performance and reliability Needs improvement.,Product
Quick and reliable delivery Average overall.,Delivery
Discount offers are attractive Not satisfied.,Pricing
Issue resolved professionally Not satisfied.,Service
Poor response from support Average overall.,Service
Support team was unresponsive Excellent experience.,Service
Reasonable pricing compared to competitors Highly recommended.,Pricing
Pricing could be better Highly recommended.,Pricing
The item stopped working after two days Highly recommended.,Product
Affordable pricing and good value,Pricing
The product packaging was damaged Highly recommended.,Product
Excellent service experience Needs improvement.,Service
The item stopped working after two days Will buy again.,Product
Discount offers are attractive Will buy again.,Pricing
Support team resolved my issue quickly Average overall.,Service
Quick and reliable delivery Highly recommended.,Delivery
The representative was polite Highly recommended.,Service
Very expensive for the quality,Pricing
Poor product material Will buy again.,Product
The product quality is excellent,Product
The product exceeded expectations Not satisfied.,Product
Affordable pricing and good value,Pricing
Pricing could be better Needs improvement.,Pricing
Fantastic performance and reliability Average overall.,Product
Amazing design and quality,Product
Very expensive for the quality Not satisfied.,Pricing
The representative was polite Needs improvement.,Service
Customer service was very helpful Not satisfied.,Service
Issue resolved professionally Will buy again.,Service
Very expensive for the quality Not satisfied.,Pricing
Customer care was disappointing Average overall.,Service
The product packaging was damaged Will buy again.,Product
Package arrived on time Not satisfied.,Delivery
Poor product material Highly recommended.,Product
Amazing design and quality Will buy again.,Product
The package arrived damaged,Delivery
The courier delayed the order Average overall.,Delivery
The courier delayed the order Will buy again.,Delivery
Shipment tracking was inaccurate Average overall.,Delivery
Amazing design and quality,Product
Fantastic performance and reliability Excellent experience.,Product
Amazing design and quality Not satisfied.,Product
Fast delivery service Will buy again.,Delivery
Price is too high Not satisfied.,Pricing
Great value for money Not satisfied.,Pricing
Reasonable pricing compared to competitors Excellent experience.,Pricing
Reasonable pricing compared to competitors Excellent experience.,Pricing
Very expensive for the quality Average overall.,Pricing
The product exceeded expectations,Product
Great value for money Not satisfied.,Pricing
Fast delivery service,Delivery
Delivery experience was smooth Needs improvement.,Delivery
Support team was unresponsive Highly recommended.,Service
Issue resolved professionally Needs improvement.,Service
Reasonable pricing compared to competitors Not satisfied.,Pricing
Excellent service experience,Service
Support team was unresponsive Excellent experience.,Service
Discount offers are attractive Highly recommended.,Pricing
Great value for money Excellent experience.,Pricing
Amazing design and quality Will buy again.,Product
Excellent service experience Average overall.,Service
The courier delayed the order Will buy again.,Delivery
Issue resolved professionally Highly recommended.,Service
Very durable and useful product Will buy again.,Product
Affordable pricing and good value Will buy again.,Pricing
Poor product material Not satisfied.,Product
Support team resolved my issue quickly Highly recommended.,Service
Issue resolved professionally Excellent experience.,Service
The representative was polite Highly recommended.,Service
Very durable and useful product Needs improvement.,Product
The product is overpriced,Pricing
Discount offers are attractive Average overall.,Pricing
Quick and reliable delivery Not satisfied.,Delivery
Delivery experience was smooth Needs improvement.,Delivery
The product quality is excellent Highly recommended.,Product
Support team resolved my issue quickly Excellent experience.,Service
Delivery was very late Average overall.,Delivery
Very durable and useful product,Product
Reasonable pricing compared to competitors Average overall.,Pricing
Fantastic performance and reliability Highly recommended.,Product
The courier delayed the order Needs improvement.,Delivery
Customer service was very helpful Needs improvement.,Service
Affordable pricing and good value,Pricing
Pricing could be better,Pricing
Price is too high Highly recommended.,Pricing
The package arrived damaged Needs improvement.,Delivery
Poor response from support Highly recommended.,Service
Issue resolved professionally Needs improvement.,Service
Fantastic performance and reliability Not satisfied.,Product
Package arrived on time Needs improvement.,Delivery
The item stopped working after two days Not satisfied.,Product
Package arrived on time Excellent experience.,Delivery
The courier delayed the order Average overall.,Delivery
Support team was unresponsive,Service
Affordable pricing and good value Will buy again.,Pricing
Very durable and useful product Average overall.,Product
The package arrived damaged Not satisfied.,Delivery
Affordable pricing and good value Average overall.,Pricing
Support team was unresponsive Highly recommended.,Service
Customer service was very helpful Needs improvement.,Service
The item stopped working after two days,Product
Support team resolved my issue quickly,Service
Shipment tracking was inaccurate Will buy again.,Delivery
The product quality is excellent Not satisfied.,Product
The courier delayed the order,Delivery
Excellent service experience Not satisfied.,Service
Price is too high Average overall.,Pricing
Support team resolved my issue quickly Needs improvement.,Service
Price is too high Will buy again.,Pricing
Issue resolved professionally Will buy again.,Service
Support team was unresponsive Excellent experience.,Service
Excellent service experience,Service
Fast delivery service Will buy again.,Delivery
The representative was polite Needs improvement.,Service
The representative was polite Not satisfied.,Service
Issue resolved professionally Not satisfied.,Service
The product quality is excellent Not satisfied.,Product
The item stopped working after two days,Product
Very expensive for the quality Needs improvement.,Pricing
Shipment tracking was inaccurate Highly recommended.,Delivery
Customer service was very helpful,Service
Very durable and useful product Needs improvement.,Product
Pricing could be better,Pricing
Very durable and useful product Needs improvement.,Product
Fantastic performance and reliability Highly recommended.,Product
The product is overpriced Not satisfied.,Pricing
Fantastic performance and reliability Will buy again.,Product
Support team resolved my issue quickly Excellent experience.,Service
The courier delayed the order,Delivery
Customer service was very helpful Highly recommended.,Service
The item stopped working after two days Needs improvement.,Product
Affordable pricing and good value Excellent experience.,Pricing
Fantastic performance and reliability Average overall.,Product
The item stopped working after two days Excellent experience.,Product
Quick and reliable delivery,Delivery
Delivery was very late Excellent experience.,Delivery
Support team resolved my issue quickly Highly recommended.,Service
The product is overpriced Average overall.,Pricing
Affordable pricing and good value Highly recommended.,Pricing
Very expensive for the quality Highly recommended.,Pricing
Very expensive for the quality Needs improvement.,Pricing
Excellent service experience Not satisfied.,Service
Poor response from support Will buy again.,Service
Poor product material,Product
Fantastic performance and reliability Not satisfied.,Product
The product is overpriced Will buy again.,Pricing
Pricing could be better Needs improvement.,Pricing
The item stopped working after two days,Product
Poor product material Highly recommended.,Product
Great value for money,Pricing
The courier delayed the order,Delivery
The package arrived damaged Needs improvement.,Delivery
Package arrived on time Not satisfied.,Delivery
Excellent service experience Needs improvement.,Service
The product exceeded expectations Needs improvement.,Product
Great value for money Excellent experience.,Pricing
Great value for money Excellent experience.,Pricing
Pricing could be better Average overall.,Pricing
The product packaging was damaged Needs improvement.,Product
Fantastic performance and reliability Highly recommended.,Product
The representative was polite Not satisfied.,Service
Excellent service experience Excellent experience.,Service
Delivery experience was smooth,Delivery
Reasonable pricing compared to competitors Will buy again.,Pricing
Very expensive for the quality Average overall.,Pricing
Package arrived on time Will buy again.,Delivery
Poor response from support Highly recommended.,Service
The representative was polite,Service
The product packaging was damaged Average overall.,Product
The courier delayed the order Highly recommended.,Delivery
The representative was polite Excellent experience.,Service
Pricing could be better Average overall.,Pricing
Very durable and useful product Highly recommended.,Product
Very durable and useful product Average overall.,Product
Poor product material Needs improvement.,Product
Very expensive for the quality Average overall.,Pricing
Package arrived on time Highly recommended.,Delivery
The product exceeded expectations Not satisfied.,Product
Very expensive for the quality,Pricing
The product quality is excellent Not satisfied.,Product
Discount offers are attractive Will buy again.,Pricing
Quick and reliable delivery Highly recommended.,Delivery
Delivery experience was smooth,Delivery
Amazing design and quality Highly recommended.,Product
Very expensive for the quality Excellent experience.,Pricing
Very expensive for the quality,Pricing
Reasonable pricing compared to competitors Needs improvement.,Pricing
Poor product material Highly recommended.,Product
Customer service was very helpful Highly recommended.,Service
Poor response from support Not satisfied.,Service
The product exceeded expectations Not satisfied.,Product
Issue resolved professionally Excellent experience.,Service
Excellent service experience,Service
Very durable and useful product Highly recommended.,Product
Very durable and useful product Needs improvement.,Product
Support team was unresponsive Average overall.,Service
Excellent service experience Highly recommended.,Service
Very expensive for the quality Needs improvement.,Pricing
Customer service was very helpful Excellent experience.,Service
The product quality is excellent Not satisfied.,Product
Reasonable pricing compared to competitors Highly recommended.,Pricing
Poor product material Highly recommended.,Product
Customer service was very helpful Highly recommended.,Service
Pricing could be better Will buy again.,Pricing
Very expensive for the quality Average overall.,Pricing
Discount offers are attractive Needs improvement.,Pricing
Customer service was very helpful Not satisfied.,Service
Customer service was very helpful Will buy again.,Service
Customer care was disappointing,Service
Excellent service experience Not satisfied.,Service
Package arrived on time Excellent experience.,Delivery
Package arrived on time,Delivery
Support team resolved my issue quickly Excellent experience.,Service
Reasonable pricing compared to competitors Highly recommended.,Pricing
Affordable pricing and good value Highly recommended.,Pricing
Customer care was disappointing Will buy again.,Service
Support team resolved my issue quickly Excellent experience.,Service
Quick and reliable delivery Not satisfied.,Delivery
Shipment tracking was inaccurate Needs improvement.,Delivery
Customer care was disappointing Highly recommended.,Service
The product is overpriced Highly recommended.,Pricing
The item stopped working after two days Excellent experience.,Product
Issue resolved professionally Not satisfied.,Service
Excellent service experience Will buy again.,Service
Fast delivery service Excellent experience.,Delivery
Customer care was disappointing Excellent experience.,Service
Issue resolved professionally Not satisfied.,Service
Pricing could be better Not satisfied.,Pricing
Shipment tracking was inaccurate Will buy again.,Delivery
Very durable and useful product Not satisfied.,Product
Affordable pricing and good value Will buy again.,Pricing
The product is overpriced Highly recommended.,Pricing
Fantastic performance and reliability Highly recommended.,Product
Great value for money Excellent experience.,Pricing
Price is too high Will buy again.,Pricing
Very expensive for the quality,Pricing
Amazing design and quality Needs improvement.,Product
The package arrived damaged Will buy again.,Delivery
The representative was polite Excellent experience.,Service
The product exceeded expectations Excellent experience.,Product
Issue resolved professionally Not satisfied.,Service
Customer service was very helpful,Service
Pricing could be better,Pricing
Customer service was very helpful,Service
The product is overpriced Average overall.,Pricing
Discount offers are attractive,Pricing
The representative was polite Not satisfied.,Service
Customer service was very helpful Excellent experience.,Service
Delivery experience was smooth,Delivery
Fast delivery service Will buy again.,Delivery
The product quality is excellent,Product
Reasonable pricing compared to competitors Average overall.,Pricing
The representative was polite,Service
Delivery experience was smooth Average overall.,Delivery
Poor product material,Product
The product quality is excellent Will buy again.,Product
The courier delayed the order Will buy again.,Delivery
Discount offers are attractive Average overall.,Pricing
Poor product material Needs improvement.,Product
The item stopped working after two days Needs improvement.,Product
The product quality is excellent Excellent experience.,Product
Fantastic performance and reliability,Product
The courier delayed the order Will buy again.,Delivery
Delivery was very late Excellent experience.,Delivery
Support team was unresponsive Not satisfied.,Service
Customer care was disappointing Not satisfied.,Service
Support team was unresponsive Will buy again.,Service
The product exceeded expectations Highly recommended.,Product
Package arrived on time,Delivery
The product quality is excellent Highly recommended.,Product
Support team was unresponsive Excellent experience.,Service
The product exceeded expectations Needs improvement.,Product
Amazing design and quality Will buy again.,Product
Affordable pricing and good value Excellent experience.,Pricing
Fantastic performance and reliability,Product
The product quality is excellent Highly recommended.,Product
Delivery experience was smooth Average overall.,Delivery
Very durable and useful product Average overall.,Product
Excellent service experience Needs improvement.,Service
The representative was polite,Service
Great value for money Not satisfied.,Pricing
Delivery was very late Excellent experience.,Delivery
Support team resolved my issue quickly Needs improvement.,Service
Price is too high,Pricing
The representative was polite Highly recommended.,Service
Discount offers are attractive Will buy again.,Pricing
Affordable pricing and good value Not satisfied.,Pricing
The product is overpriced Average overall.,Pricing
Fast delivery service,Delivery
Poor response from support,Service
The courier delayed the order Will buy again.,Delivery
Pricing could be better,Pricing
The courier delayed the order Excellent experience.,Delivery
Quick and reliable delivery Not satisfied.,Delivery
Support team resolved my issue quickly Will buy again.,Service
The package arrived damaged,Delivery
The product packaging was damaged Average overall.,Product
Delivery was very late Average overall.,Delivery
Fast delivery service Excellent experience.,Delivery
Amazing design and quality Average overall.,Product
Customer care was disappointing Highly recommended.,Service
Poor response from support Excellent experience.,Service
Poor response from support Not satisfied.,Service
Customer care was disappointing Will buy again.,Service
The product exceeded expectations Not satisfied.,Product
The product quality is excellent Excellent experience.,Product
Excellent service experience Needs improvement.,Service
The representative was polite Will buy again.,Service
Quick and reliable delivery,Delivery
Poor product material Not satisfied.,Product
Poor response from support Not satisfied.,Service
Issue resolved professionally Will buy again.,Service
Customer care was disappointing Excellent experience.,Service
The product packaging was damaged Highly recommended.,Product
Shipment tracking was inaccurate Needs improvement.,Delivery
Amazing design and quality Excellent experience.,Product
Customer care was disappointing Highly recommended.,Service
Delivery experience was smooth Excellent experience.,Delivery
Shipment tracking was inaccurate Will buy again.,Delivery
The courier delayed the order Highly recommended.,Delivery
Pricing could be better,Pricing
Very expensive for the quality Not satisfied.,Pricing
The product packaging was damaged,Product
The package arrived damaged,Delivery
Discount offers are attractive Will buy again.,Pricing
Poor response from support Highly recommended.,Service
Affordable pricing and good value,Pricing
Quick and reliable delivery Will buy again.,Delivery
Poor product material Excellent experience.,Product
Discount offers are attractive Not satisfied.,Pricing
Price is too high,Pricing
Customer service was very helpful,Service
The product quality is excellent Will buy again.,Product
Very expensive for the quality Excellent experience.,Pricing
Poor response from support Highly recommended.,Service
Pricing could be better Will buy again.,Pricing
Pricing could be better Excellent experience.,Pricing
The package arrived damaged Will buy again.,Delivery
Issue resolved professionally Average overall.,Service
Very expensive for the quality Highly recommended.,Pricing
Delivery experience was smooth Will buy again.,Delivery
Reasonable pricing compared to competitors,Pricing
Support team was unresponsive Will buy again.,Service
Poor response from support Average overall.,Service
Fast delivery service Needs improvement.,Delivery
Support team resolved my issue quickly Excellent experience.,Service
Delivery was very late Will buy again.,Delivery
Shipment tracking was inaccurate Not satisfied.,Delivery
Excellent service experience Highly recommended.,Service
Delivery was very late Needs improvement.,Delivery
Price is too high Needs improvement.,Pricing
Delivery was very late Needs improvement.,Delivery
Fast delivery service Will buy again.,Delivery
The product exceeded expectations Excellent experience.,Product
Issue resolved professionally Needs improvement.,Service
The product exceeded expectations Needs improvement.,Product
Fast delivery service Needs improvement.,Delivery
The item stopped working after two days,Product
Customer service was very helpful Excellent experience.,Service
Quick and reliable delivery Excellent experience.,Delivery
The item stopped working after two days Needs improvement.,Product
Very expensive for the quality Average overall.,Pricing
Customer care was disappointing Average overall.,Service
Very durable and useful product Needs improvement.,Product
The item stopped working after two days Not satisfied.,Product
Discount offers are attractive Average overall.,Pricing
Great value for money Not satisfied.,Pricing
Great value for money Not satisfied.,Pricing
The product packaging was damaged Not satisfied.,Product
Discount offers are attractive Will buy again.,Pricing
Excellent service experience Average overall.,Service
Poor product material Will buy again.,Product
Amazing design and quality Will buy again.,Product
The product quality is excellent Highly recommended.,Product
Delivery experience was smooth Highly recommended.,Delivery
Issue resolved professionally Average overall.,Service
The item stopped working after two days Will buy again.,Product
Price is too high Needs improvement.,Pricing
Pricing could be better Will buy again.,Pricing
Shipment tracking was inaccurate Highly recommended.,Delivery
The courier delayed the order Will buy again.,Delivery
Support team was unresponsive Will buy again.,Service
The product quality is excellent Not satisfied.,Product
The courier delayed the order Highly recommended.,Delivery
Discount offers are attractive,Pricing
The product exceeded expectations Needs improvement.,Product
Excellent service experience Average overall.,Service
Discount offers are attractive Needs improvement.,Pricing
The item stopped working after two days Excellent experience.,Product
Support team resolved my issue quickly,Service
Amazing design and quality Excellent experience.,Product
Support team was unresponsive Needs improvement.,Service
The product exceeded expectations Highly recommended.,Product
Discount offers are attractive Highly recommended.,Pricing
Issue resolved professionally,Service
Poor product material,Product
Very expensive for the quality Highly recommended.,Pricing
The product exceeded expectations Not satisfied.,Product
Shipment tracking was inaccurate Excellent experience.,Delivery
Issue resolved professionally Needs improvement.,Service
Price is too high Average overall.,Pricing
Shipment tracking was inaccurate Average overall.,Delivery
Discount offers are attractive,Pricing
Pricing could be better Average overall.,Pricing
The representative was polite Average overall.,Service
Very expensive for the quality Excellent experience.,Pricing
The courier delayed the order Average overall.,Delivery
The product packaging was damaged Excellent experience.,Product
Fast delivery service Average overall.,Delivery
Very durable and useful product Average overall.,Product
Fantastic performance and reliability,Product
Delivery was very late Excellent experience.,Delivery
Fast delivery service Average overall.,Delivery
The product packaging was damaged Excellent experience.,Product
The product exceeded expectations,Product
The product is overpriced,Pricing
Very expensive for the quality Average overall.,Pricing
Price is too high Average overall.,Pricing
Very durable and useful product Needs improvement.,Product
The representative was polite Excellent experience.,Service
The product packaging was damaged Highly recommended.,Product
Very expensive for the quality Will buy again.,Pricing
The product exceeded expectations Highly recommended.,Product
Fantastic performance and reliability Needs improvement.,Product
Discount offers are attractive Highly recommended.,Pricing
Pricing could be better Excellent experience.,Pricing
Poor response from support,Service
Reasonable pricing compared to competitors Highly recommended.,Pricing
Pricing could be better Highly recommended.,Pricing
Poor product material Excellent experience.,Product
Customer care was disappointing Average overall.,Service
Delivery experience was smooth Needs improvement.,Delivery
Poor response from support Needs improvement.,Service
Price is too high Needs improvement.,Pricing
Support team was unresponsive Needs improvement.,Service
Support team resolved my issue quickly Will buy again.,Service
Fast delivery service Not satisfied.,Delivery
Fantastic performance and reliability Needs improvement.,Product
Price is too high Average overall.,Pricing
Quick and reliable delivery Highly recommended.,Delivery
The item stopped working after two days Highly recommended.,Product
Fast delivery service Needs improvement.,Delivery
Great value for money,Pricing
Issue resolved professionally,Service
The product exceeded expectations Will buy again.,Product
The representative was polite Average overall.,Service
The product packaging was damaged Average overall.,Product
The package arrived damaged Excellent experience.,Delivery
Fantastic performance and reliability Needs improvement.,Product
Fantastic performance and reliability Excellent experience.,Product
The representative was polite Average overall.,Service
Delivery experience was smooth Not satisfied.,Delivery
Quick and reliable delivery Needs improvement.,Delivery
The product is overpriced Will buy again.,Pricing
Poor product material Will buy again.,Product
The product packaging was damaged Will buy again.,Product
Amazing design and quality Average overall.,Product
Customer service was very helpful Needs improvement.,Service
The courier delayed the order Not satisfied.,Delivery
Quick and reliable delivery Not satisfied.,Delivery
Great value for money Highly recommended.,Pricing
The product quality is excellent Excellent experience.,Product
Pricing could be better Needs improvement.,Pricing
The product exceeded expectations Will buy again.,Product
Affordable pricing and good value,Pricing
Poor response from support Not satisfied.,Service
The product quality is excellent Excellent experience.,Product
Shipment tracking was inaccurate Will buy again.,Delivery
Price is too high,Pricing
Amazing design and quality,Product
Fast delivery service Will buy again.,Delivery
The product packaging was damaged Average overall.,Product
Customer care was disappointing Will buy again.,Service
Customer care was disappointing Will buy again.,Service
The item stopped working after two days Excellent experience.,Product
Issue resolved professionally Needs improvement.,Service
Quick and reliable delivery Excellent experience.,Delivery
The product quality is excellent Average overall.,Product
Very expensive for the quality Highly recommended.,Pricing
Price is too high Average overall.,Pricing
The courier delayed the order,Delivery
The representative was polite Not satisfied.,Service
Delivery was very late Needs improvement.,Delivery
The product packaging was damaged Average overall.,Product
Very durable and useful product Needs improvement.,Product
Amazing design and quality Excellent experience.,Product
Pricing could be better Needs improvement.,Pricing
The package arrived damaged Highly recommended.,Delivery
The product quality is excellent Not satisfied.,Product
Fast delivery service Needs improvement.,Delivery
Fantastic performance and reliability Needs improvement.,Product
Amazing design and quality Not satisfied.,Product
Package arrived on time Will buy again.,Delivery
The product packaging was damaged Needs improvement.,Product
Amazing design and quality Needs improvement.,Product
Discount offers are attractive Highly recommended.,Pricing
The product quality is excellent,Product
The product is overpriced Excellent experience.,Pricing
The product exceeded expectations Needs improvement.,Product
The product exceeded expectations Not satisfied.,Product
The courier delayed the order Needs improvement.,Delivery
Price is too high Average overall.,Pricing
The representative was polite Not satisfied.,Service
Poor product material Needs improvement.,Product
Delivery was very late Highly recommended.,Delivery
Support team resolved my issue quickly Average overall.,Service
Fast delivery service,Delivery
Quick and reliable delivery Excellent experience.,Delivery
Very durable and useful product Needs improvement.,Product
Price is too high Not satisfied.,Pricing
Discount offers are attractive Will buy again.,Pricing
Quick and reliable delivery Average overall.,Delivery
The product is overpriced Needs improvement.,Pricing
The product packaging was damaged Will buy again.,Product
The product exceeded expectations Average overall.,Product
Support team was unresponsive Highly recommended.,Service
The product quality is excellent Not satisfied.,Product
Delivery was very late,Delivery
The package arrived damaged Average overall.,Delivery
Very durable and useful product Needs improvement.,Product
The courier delayed the order Average overall.,Delivery
Fantastic performance and reliability Excellent experience.,Product
The product is overpriced Excellent experience.,Pricing
The product is overpriced Not satisfied.,Pricing
Package arrived on time Excellent experience.,Delivery
Amazing design and quality Excellent experience.,Product
The product quality is excellent Excellent experience.,Product
Delivery was very late Not satisfied.,Delivery
Discount offers are attractive Needs improvement.,Pricing
Issue resolved professionally,Service
Customer service was very helpful Not satisfied.,Service
Support team was unresponsive,Service
The package arrived damaged Average overall.,Delivery
Amazing design and quality Excellent experience.,Product
Fantastic performance and reliability Highly recommended.,Product
The product quality is excellent Not satisfied.,Product
Affordable pricing and good value Highly recommended.,Pricing
Excellent service experience Needs improvement.,Service
Reasonable pricing compared to competitors Not satisfied.,Pricing
Affordable pricing and good value Needs improvement.,Pricing
Great value for money,Pricing
Support team was unresponsive Highly recommended.,Service
The product packaging was damaged Needs improvement.,Product
Very durable and useful product,Product
Issue resolved professionally,Service
The representative was polite Average overall.,Service
The product packaging was damaged Average overall.,Product
Fantastic performance and reliability Excellent experience.,Product
Pricing could be better Needs improvement.,Pricing
Issue resolved professionally Excellent experience.,Service
The product quality is excellent,Product
Reasonable pricing compared to competitors Will buy again.,Pricing
Package arrived on time Not satisfied.,Delivery
Pricing could be better Average overall.,Pricing
Poor response from support Not satisfied.,Service
Quick and reliable delivery Not satisfied.,Delivery
Poor product material Excellent experience.,Product
Affordable pricing and good value Will buy again.,Pricing
The product quality is excellent Will buy again.,Product
Poor response from support Excellent experience.,Service
Poor product material Average overall.,Product
Fast delivery service Average overall.,Delivery
Price is too high Excellent experience.,Pricing
Support team resolved my issue quickly Needs improvement.,Service
The item stopped working after two days,Product
The product quality is excellent Excellent experience.,Product
The product is overpriced Will buy again.,Pricing
Quick and reliable delivery Highly recommended.,Delivery
The representative was polite Highly recommended.,Service
Issue resolved professionally Excellent experience.,Service
Quick and reliable delivery Excellent experience.,Delivery
The package arrived damaged Average overall.,Delivery
Fast delivery service Excellent experience.,Delivery
The product quality is excellent Will buy again.,Product
Poor response from support Not satisfied.,Service
The package arrived damaged Highly recommended.,Delivery
Shipment tracking was inaccurate Needs improvement.,Delivery
Support team resolved my issue quickly Will buy again.,Service
The representative was polite Excellent experience.,Service
The product is overpriced Not satisfied.,Pricing
Poor product material Needs improvement.,Product
Pricing could be better Not satisfied.,Pricing
Great value for money Excellent experience.,Pricing
Fantastic performance and reliability Not satisfied.,Product
Fast delivery service Highly recommended.,Delivery
The item stopped working after two days Highly recommended.,Product
Quick and reliable delivery Excellent experience.,Delivery
The representative was polite Average overall.,Service
Excellent service experience Will buy again.,Service
Excellent service experience Needs improvement.,Service
Amazing design and quality Excellent experience.,Product
Shipment tracking was inaccurate Excellent experience.,Delivery
Support team resolved my issue quickly Highly recommended.,Service
Great value for money Will buy again.,Pricing
Delivery experience was smooth Highly recommended.,Delivery
Great value for money Will buy again.,Pricing
Poor response from support Excellent experience.,Service
Price is too high Will buy again.,Pricing
Fast delivery service Average overall.,Delivery
Customer care was disappointing Excellent experience.,Service
The product quality is excellent Average overall.,Product
The product quality is excellent Average overall.,Product
The product packaging was damaged,Product
Amazing design and quality Needs improvement.,Product
The package arrived damaged Average overall.,Delivery
The representative was polite Needs improvement.,Service
Fast delivery service Will buy again.,Delivery
Support team resolved my issue quickly Highly recommended.,Service
Package arrived on time Will buy again.,Delivery
Issue resolved professionally Average overall.,Service
Excellent service experience Will buy again.,Service
Discount offers are attractive Excellent experience.,Pricing
Very durable and useful product Excellent experience.,Product
Fantastic performance and reliability Average overall.,Product
The product quality is excellent Will buy again.,Product
Very expensive for the quality,Pricing
Support team was unresponsive Highly recommended.,Service
The product quality is excellent Highly recommended.,Product
Price is too high,Pricing
The product exceeded expectations Needs improvement.,Product
The package arrived damaged Excellent experience.,Delivery
Pricing could be better Average overall.,Pricing
Poor response from support,Service
The courier delayed the order Excellent experience.,Delivery
Issue resolved professionally Not satisfied.,Service
Support team was unresponsive Needs improvement.,Service
The item stopped working after two days Highly recommended.,Product
Very expensive for the quality Not satisfied.,Pricing
Excellent service experience Not satisfied.,Service
Support team was unresponsive Highly recommended.,Service
Amazing design and quality Excellent experience.,Product
The courier delayed the order Excellent experience.,Delivery
Poor product material,Product
Discount offers are attractive Needs improvement.,Pricing
Discount offers are attractive Highly recommended.,Pricing
Customer care was disappointing Excellent experience.,Service
The product is overpriced,Pricing
Pricing could be better Needs improvement.,Pricing
Customer care was disappointing Needs improvement.,Service
Issue resolved professionally Average overall.,Service
The product is overpriced Will buy again.,Pricing
Quick and reliable delivery Needs improvement.,Delivery
Very expensive for the quality Needs improvement.,Pricing
Customer care was disappointing Excellent experience.,Service
Shipment tracking was inaccurate Highly recommended.,Delivery
Great value for money Will buy again.,Pricing
Poor response from support Needs improvement.,Service
Customer care was disappointing Will buy again.,Service
Poor response from support Highly recommended.,Service
Shipment tracking was inaccurate Excellent experience.,Delivery
Customer care was disappointing Excellent experience.,Service
Shipment tracking was inaccurate Will buy again.,Delivery
Affordable pricing and good value Needs improvement.,Pricing
Fantastic performance and reliability Not satisfied.,Product
Fast delivery service Not satisfied.,Delivery
The representative was polite Not satisfied.,Service
Customer service was very helpful Excellent experience.,Service
The product quality is excellent Not satisfied.,Product
Fast delivery service Not satisfied.,Delivery
Great value for money Excellent experience.,Pricing
Quick and reliable delivery Excellent experience.,Delivery
Affordable pricing and good value Average overall.,Pricing
Poor product material,Product
Support team resolved my issue quickly Excellent experience.,Service
The item stopped working after two days Highly recommended.,Product
Fast delivery service Will buy again.,Delivery
The product packaging was damaged,Product
Discount offers are attractive Excellent experience.,Pricing
Amazing design and quality Will buy again.,Product
The product exceeded expectations Not satisfied.,Product
Great value for money Needs improvement.,Pricing
Customer care was disappointing,Service
Issue resolved professionally Average overall.,Service
Amazing design and quality Needs improvement.,Product
Very durable and useful product Needs improvement.,Product
Amazing design and quality Will buy again.,Product
Reasonable pricing compared to competitors,Pricing
Pricing could be better Highly recommended.,Pricing
Amazing design and quality Needs improvement.,Product
Delivery was very late Highly recommended.,Delivery
The courier delayed the order Average overall.,Delivery
Customer service was very helpful Excellent experience.,Service
The courier delayed the order Highly recommended.,Delivery
The item stopped working after two days Excellent experience.,Product
Fast delivery service Not satisfied.,Delivery
The product exceeded expectations Not satisfied.,Product
The product exceeded expectations Needs improvement.,Product
Price is too high Excellent experience.,Pricing
Fast delivery service,Delivery
Poor product material Needs improvement.,Product
The product exceeded expectations Highly recommended.,Product
Fast delivery service Needs improvement.,Delivery
The product packaging was damaged,Product
Customer service was very helpful Excellent experience.,Service
Shipment tracking was inaccurate,Delivery
Great value for money Average overall.,Pricing
Package arrived on time,Delivery
The product is overpriced Highly recommended.,Pricing
Excellent service experience Needs improvement.,Service
Fantastic performance and reliability Excellent experience.,Product
Great value for money Not satisfied.,Pricing
Affordable pricing and good value Not satisfied.,Pricing
The product is overpriced Excellent experience.,Pricing
Discount offers are attractive Not satisfied.,Pricing
Great value for money Average overall.,Pricing
The package arrived damaged Not satisfied.,Delivery
Affordable pricing and good value,Pricing
Very durable and useful product,Product
Excellent service experience Not satisfied.,Service
Amazing design and quality Not satisfied.,Product
Customer care was disappointing Will buy again.,Service
Quick and reliable delivery Not satisfied.,Delivery
The product quality is excellent Not satisfied.,Product
Issue resolved professionally Not satisfied.,Service
Quick and reliable delivery Will buy again.,Delivery
The product is overpriced,Pricing
Affordable pricing and good value,Pricing
The product quality is excellent Not satisfied.,Product
The item stopped working after two days Not satisfied.,Product
Support team was unresponsive Highly recommended.,Service
Customer service was very helpful Highly recommended.,Service
The courier delayed the order Not satisfied.,Delivery
Affordable pricing and good value Excellent experience.,Pricing
Quick and reliable delivery Highly recommended.,Delivery
Fantastic performance and reliability Not satisfied.,Product
The product packaging was damaged Not satisfied.,Product
Customer care was disappointing Will buy again.,Service
The product is overpriced Not satisfied.,Pricing
Quick and reliable delivery Excellent experience.,Delivery
Package arrived on time Average overall.,Delivery
Package arrived on time Average overall.,Delivery
Support team resolved my issue quickly Not satisfied.,Service
Great value for money Needs improvement.,Pricing
The package arrived damaged Needs improvement.,Delivery
The courier delayed the order Needs improvement.,Delivery
Customer care was disappointing Highly recommended.,Service
Support team was unresponsive Will buy again.,Service
Reasonable pricing compared to competitors Highly recommended.,Pricing
Fantastic performance and reliability Will buy again.,Product
Support team resolved my issue quickly Average overall.,Service
Poor product material Excellent experience.,Product
Reasonable pricing compared to competitors Highly recommended.,Pricing
Very expensive for the quality Average overall.,Pricing
Excellent service experience Will buy again.,Service
Support team resolved my issue quickly Average overall.,Service
Customer care was disappointing Needs improvement.,Service
Affordable pricing and good value Needs improvement.,Pricing
Customer care was disappointing Will buy again.,Service
Support team resolved my issue quickly Excellent experience.,Service
Support team resolved my issue quickly,Service
Delivery experience was smooth Average overall.,Delivery
Support team was unresponsive Will buy again.,Service
The representative was polite Not satisfied.,Service
Poor response from support Highly recommended.,Service
The product quality is excellent,Product
Quick and reliable delivery Average overall.,Delivery
Fantastic performance and reliability Highly recommended.,Product
Very durable and useful product Needs improvement.,Product
The product is overpriced Average overall.,Pricing
Delivery was very late Highly recommended.,Delivery
Fast delivery service Needs improvement.,Delivery
Price is too high Excellent experience.,Pricing
Discount offers are attractive Excellent experience.,Pricing
The representative was polite Average overall.,Service
Amazing design and quality Needs improvement.,Product
The product is overpriced Will buy again.,Pricing
Package arrived on time Not satisfied.,Delivery
Great value for money Average overall.,Pricing
The product exceeded expectations Needs improvement.,Product
Support team was unresponsive Not satisfied.,Service
Affordable pricing and good value Not satisfied.,Pricing
Reasonable pricing compared to competitors Not satisfied.,Pricing
Excellent service experience Highly recommended.,Service
Fantastic performance and reliability Will buy again.,Product
Very durable and useful product Excellent experience.,Product
Delivery experience was smooth Excellent experience.,Delivery
Shipment tracking was inaccurate Average overall.,Delivery
The courier delayed the order Highly recommended.,Delivery
Customer service was very helpful,Service
Customer care was disappointing Highly recommended.,Service
Support team resolved my issue quickly Average overall.,Service
The product quality is excellent Excellent experience.,Product
The product quality is excellent Excellent experience.,Product
The product exceeded expectations Not satisfied.,Product
Customer service was very helpful Average overall.,Service
Fantastic performance and reliability Not satisfied.,Product
Fast delivery service Highly recommended.,Delivery
Delivery was very late Highly recommended.,Delivery
The representative was polite Excellent experience.,Service
Delivery experience was smooth,Delivery
Quick and reliable delivery Will buy again.,Delivery
Poor product material Highly recommended.,Product
Quick and reliable delivery Highly recommended.,Delivery
The courier delayed the order Excellent experience.,Delivery
Package arrived on time Highly recommended.,Delivery
Support team resolved my issue quickly Excellent experience.,Service
The product is overpriced Will buy again.,Pricing
Great value for money Excellent experience.,Pricing
Issue resolved professionally Average overall.,Service
Very durable and useful product Needs improvement.,Product
Customer service was very helpful Excellent experience.,Service
Support team resolved my issue quickly Not satisfied.,Service
Amazing design and quality Needs improvement.,Product
Poor product material Not satisfied.,Product
Discount offers are attractive Needs improvement.,Pricing
The product is overpriced Needs improvement.,Pricing
The product is overpriced Average overall.,Pricing
Delivery was very late Will buy again.,Delivery
Amazing design and quality Not satisfied.,Product
Fast delivery service Average overall.,Delivery
Delivery was very late Excellent experience.,Delivery
Delivery experience was smooth Excellent experience.,Delivery
The representative was polite Not satisfied.,Service
The product quality is excellent,Product
The product quality is excellent Average overall.,Product
Very durable and useful product Needs improvement.,Product
Fast delivery service Not satisfied.,Delivery
Shipment tracking was inaccurate,Delivery
Amazing design and quality Will buy again.,Product
The courier delayed the order Average overall.,Delivery
Quick and reliable delivery,Delivery
Shipment tracking was inaccurate Not satisfied.,Delivery
Support team resolved my issue quickly Excellent experience.,Service
The package arrived damaged Will buy again.,Delivery
Very durable and useful product Not satisfied.,Product
Delivery experience was smooth Will buy again.,Delivery
Support team was unresponsive Excellent experience.,Service
Discount offers are attractive,Pricing
Pricing could be better Average overall.,Pricing
The product exceeded expectations Highly recommended.,Product
Fast delivery service Average overall.,Delivery
The product quality is excellent Needs improvement.,Product
Poor response from support Highly recommended.,Service
Amazing design and quality Excellent experience.,Product
Quick and reliable delivery Will buy again.,Delivery
Delivery experience was smooth Highly recommended.,Delivery
The product quality is excellent Highly recommended.,Product
Customer care was disappointing Not satisfied.,Service
Support team resolved my issue quickly Not satisfied.,Service
Excellent service experience Average overall.,Service
The product exceeded expectations Average overall.,Product
Very expensive for the quality,Pricing
The product is overpriced Not satisfied.,Pricing
Poor product material Highly recommended.,Product
Delivery experience was smooth Highly recommended.,Delivery
Support team resolved my issue quickly Excellent experience.,Service
Shipment tracking was inaccurate Will buy again.,Delivery
The product exceeded expectations Highly recommended.,Product
Great value for money Needs improvement.,Pricing
The product is overpriced Highly recommended.,Pricing
Customer care was disappointing Highly recommended.,Service
Support team resolved my issue quickly Excellent experience.,Service
Great value for money Not satisfied.,Pricing
Great value for money Not satisfied.,Pricing
Quick and reliable delivery Excellent experience.,Delivery
The item stopped working after two days Average overall.,Product
The product quality is excellent Not satisfied.,Product
Issue resolved professionally Average overall.,Service
Poor product material Excellent experience.,Product
Very expensive for the quality Excellent experience.,Pricing
Customer care was disappointing Average overall.,Service
Reasonable pricing compared to competitors Excellent experience.,Pricing
Delivery was very late Needs improvement.,Delivery
The product packaging was damaged Will buy again.,Product
Quick and reliable delivery Highly recommended.,Delivery
Very expensive for the quality Needs improvement.,Pricing
Discount offers are attractive Average overall.,Pricing
Poor response from support Highly recommended.,Service
Support team was unresponsive Excellent experience.,Service
Very durable and useful product Excellent experience.,Product
Delivery was very late Not satisfied.,Delivery
Fantastic performance and reliability Will buy again.,Product
Issue resolved professionally Not satisfied.,Service
Fantastic performance and reliability Highly recommended.,Product
Amazing design and quality Will buy again.,Product
Poor response from support Needs improvement.,Service
Poor response from support Not satisfied.,Service
The product is overpriced Needs improvement.,Pricing
Package arrived on time Average overall.,Delivery
Great value for money,Pricing
Delivery was very late Not satisfied.,Delivery
Excellent service experience Highly recommended.,Service
The item stopped working after two days Will buy again.,Product
Shipment tracking was inaccurate Excellent experience.,Delivery
Discount offers are attractive Average overall.,Pricing
Great value for money Needs improvement.,Pricing
Reasonable pricing compared to competitors Excellent experience.,Pricing
Pricing could be better Will buy again.,Pricing
Very expensive for the quality Excellent experience.,Pricing
Excellent service experience Will buy again.,Service
Shipment tracking was inaccurate Not satisfied.,Delivery
Fast delivery service,Delivery
Package arrived on time Not satisfied.,Delivery
Fast delivery service Highly recommended.,Delivery
Quick and reliable delivery,Delivery
Pricing could be better Not satisfied.,Pricing
Customer service was very helpful Average overall.,Service
Package arrived on time Highly recommended.,Delivery
The courier delayed the order Highly recommended.,Delivery
The item stopped working after two days Average overall.,Product
The representative was polite Not satisfied.,Service
Poor product material Needs improvement.,Product
Package arrived on time Excellent experience.,Delivery
Delivery experience was smooth Needs improvement.,Delivery
Support team resolved my issue quickly Average overall.,Service
Price is too high Excellent experience.,Pricing
The product is overpriced Highly recommended.,Pricing
Very expensive for the quality Highly recommended.,Pricing
Support team was unresponsive Excellent experience.,Service
The package arrived damaged Not satisfied.,Delivery
Support team was unresponsive Will buy again.,Service
Support team was unresponsive,Service
Shipment tracking was inaccurate,Delivery
Pricing could be better,Pricing
Pricing could be better Not satisfied.,Pricing
Fantastic performance and reliability Not satisfied.,Product
Affordable pricing and good value Excellent experience.,Pricing
Issue resolved professionally Average overall.,Service
Price is too high Not satisfied.,Pricing
The product exceeded expectations Will buy again.,Product
Discount offers are attractive Highly recommended.,Pricing
Price is too high Needs improvement.,Pricing
Quick and reliable delivery,Delivery
Poor product material Highly recommended.,Product
Shipment tracking was inaccurate Not satisfied.,Delivery
Fast delivery service Will buy again.,Delivery
Issue resolved professionally Will buy again.,Service
Amazing design and quality,Product
Affordable pricing and good value Average overall.,Pricing
Customer care was disappointing Needs improvement.,Service
Fast delivery service Needs improvement.,Delivery
Affordable pricing and good value Average overall.,Pricing
Support team resolved my issue quickly Will buy again.,Service
Pricing could be better Average overall.,Pricing
The representative was polite Highly recommended.,Service
The product quality is excellent Highly recommended.,Product
Poor response from support Not satisfied.,Service
Price is too high Not satisfied.,Pricing
The product quality is excellent,Product
The product quality is excellent,Product
Great value for money,Pricing
Support team was unresponsive Average overall.,Service
Customer service was very helpful Excellent experience.,Service
Delivery was very late,Delivery
Support team resolved my issue quickly Average overall.,Service
The package arrived damaged,Delivery
Customer care was disappointing Average overall.,Service
Reasonable pricing compared to competitors Average overall.,Pricing
The package arrived damaged Average overall.,Delivery
Delivery experience was smooth Not satisfied.,Delivery
Delivery was very late Needs improvement.,Delivery
The representative was polite Excellent experience.,Service
The product is overpriced Needs improvement.,Pricing
Poor product material Will buy again.,Product
The product quality is excellent,Product
The representative was polite Will buy again.,Service
Support team resolved my issue quickly Will buy again.,Service
Very durable and useful product Not satisfied.,Product
Shipment tracking was inaccurate Excellent experience.,Delivery
Excellent service experience Will buy again.,Service
The product packaging was damaged Not satisfied.,Product
Shipment tracking was inaccurate,Delivery
The product exceeded expectations Will buy again.,Product
The product exceeded expectations Average overall.,Product
The product quality is excellent Excellent experience.,Product
Quick and reliable delivery Will buy again.,Delivery
Pricing could be better Needs improvement.,Pricing
Excellent service experience Will buy again.,Service
Great value for money Excellent experience.,Pricing
Price is too high Not satisfied.,Pricing
The package arrived damaged Highly recommended.,Delivery
Great value for money Will buy again.,Pricing
Very expensive for the quality Highly recommended.,Pricing
Delivery experience was smooth Not satisfied.,Delivery
The product quality is excellent Highly recommended.,Product
Amazing design and quality Not satisfied.,Product
Very expensive for the quality Needs improvement.,Pricing
The item stopped working after two days Highly recommended.,Product
Support team was unresponsive Highly recommended.,Service
Excellent service experience Will buy again.,Service
Reasonable pricing compared to competitors,Pricing
Support team resolved my issue quickly Average overall.,Service
Delivery experience was smooth Average overall.,Delivery
The product quality is excellent Needs improvement.,Product
Very expensive for the quality Highly recommended.,Pricing
The product packaging was damaged Needs improvement.,Product
Excellent service experience Will buy again.,Service
Affordable pricing and good value Average overall.,Pricing
Pricing could be better Needs improvement.,Pricing
Very expensive for the quality Excellent experience.,Pricing
Very expensive for the quality Will buy again.,Pricing
Very durable and useful product Highly recommended.,Product
Excellent service experience Highly recommended.,Service
Shipment tracking was inaccurate Average overall.,Delivery
Poor response from support Needs improvement.,Service
The product quality is excellent Highly recommended.,Product
The product quality is excellent Average overall.,Product
Package arrived on time Needs improvement.,Delivery
The package arrived damaged Needs improvement.,Delivery
Excellent service experience,Service
Fantastic performance and reliability Will buy again.,Product
Delivery was very late,Delivery
Fast delivery service Average overall.,Delivery
Poor response from support Excellent experience.,Service
The product packaging was damaged Excellent experience.,Product
Poor product material Highly recommended.,Product
Customer care was disappointing Highly recommended.,Service
Delivery experience was smooth Will buy again.,Delivery
Poor product material Not satisfied.,Product
Shipment tracking was inaccurate Needs improvement.,Delivery
Price is too high Average overall.,Pricing
Fast delivery service Excellent experience.,Delivery
Great value for money Highly recommended.,Pricing
The representative was polite Average overall.,Service
Poor response from support,Service
Quick and reliable delivery Not satisfied.,Delivery
Fantastic performance and reliability Highly recommended.,Product
The package arrived damaged Needs improvement.,Delivery
The product is overpriced,Pricing
Very expensive for the quality Average overall.,Pricing
Delivery was very late Not satisfied.,Delivery
Discount offers are attractive Average overall.,Pricing
Issue resolved professionally,Service
Affordable pricing and good value Needs improvement.,Pricing
Very expensive for the quality Not satisfied.,Pricing
Amazing design and quality Excellent experience.,Product
Fast delivery service Not satisfied.,Delivery
Fast delivery service Needs improvement.,Delivery
Excellent service experience Will buy again.,Service
Poor response from support Highly recommended.,Service
Fantastic performance and reliability Not satisfied.,Product
Discount offers are attractive,Pricing
Quick and reliable delivery Will buy again.,Delivery
Support team was unresponsive,Service
The courier delayed the order Highly recommended.,Delivery
Poor response from support Excellent experience.,Service
Customer service was very helpful Highly recommended.,Service
Poor response from support Not satisfied.,Service
Excellent service experience Highly recommended.,Service
Fantastic performance and reliability,Product
Poor response from support Needs improvement.,Service
Delivery experience was smooth,Delivery
The product is overpriced Will buy again.,Pricing
Poor response from support Not satisfied.,Service
Amazing design and quality,Product
Package arrived on time Needs improvement.,Delivery
Reasonable pricing compared to competitors Needs improvement.,Pricing
Fantastic performance and reliability Excellent experience.,Product
Issue resolved professionally Excellent experience.,Service
The representative was polite Needs improvement.,Service
Support team was unresponsive Will buy again.,Service
Poor product material Excellent experience.,Product
Poor response from support,Service
Great value for money Will buy again.,Pricing
Delivery experience was smooth Not satisfied.,Delivery
Discount offers are attractive Highly recommended.,Pricing
The product is overpriced,Pricing
The product quality is excellent Highly recommended.,Product
Delivery was very late Highly recommended.,Delivery
The product is overpriced Excellent experience.,Pricing
Affordable pricing and good value Excellent experience.,Pricing
Very expensive for the quality Needs improvement.,Pricing
Affordable pricing and good value Not satisfied.,Pricing
Poor response from support Not satisfied.,Service
Fast delivery service Not satisfied.,Delivery
Quick and reliable delivery Highly recommended.,Delivery
Shipment tracking was inaccurate Not satisfied.,Delivery
The product is overpriced Average overall.,Pricing
Fast delivery service Highly recommended.,Delivery
Customer care was disappointing Needs improvement.,Service
The product exceeded expectations Excellent experience.,Product
Pricing could be better Excellent experience.,Pricing
Poor product material Highly recommended.,Product
Very expensive for the quality Average overall.,Pricing
Issue resolved professionally Will buy again.,Service
Very durable and useful product Needs improvement.,Product
Very expensive for the quality Average overall.,Pricing
Price is too high Excellent experience.,Pricing
Poor response from support Excellent experience.,Service
Discount offers are attractive Highly recommended.,Pricing
The product is overpriced Average overall.,Pricing
Excellent service experience,Service
The product is overpriced Will buy again.,Pricing
The representative was polite Average overall.,Service
The product packaging was damaged Excellent experience.,Product
Amazing design and quality Will buy again.,Product
Delivery experience was smooth Needs improvement.,Delivery
Affordable pricing and good value Highly recommended.,Pricing
The product exceeded expectations Needs improvement.,Product
Support team resolved my issue quickly,Service
Quick and reliable delivery Needs improvement.,Delivery
The courier delayed the order,Delivery
Price is too high Will buy again.,Pricing
Quick and reliable delivery Excellent experience.,Delivery
Delivery was very late Not satisfied.,Delivery
The product is overpriced Average overall.,Pricing
The product packaging was damaged Excellent experience.,Product
Discount offers are attractive,Pricing
Issue resolved professionally Not satisfied.,Service
Amazing design and quality Average overall.,Product
Fantastic performance and reliability Needs improvement.,Product
Delivery experience was smooth Average overall.,Delivery
Customer care was disappointing Average overall.,Service
Reasonable pricing compared to competitors Excellent experience.,Pricing
Fast delivery service,Delivery
Issue resolved professionally,Service
Price is too high,Pricing
The product packaging was damaged Average overall.,Product
Discount offers are attractive Not satisfied.,Pricing
Fast delivery service Highly recommended.,Delivery
Package arrived on time Highly recommended.,Delivery
Shipment tracking was inaccurate Highly recommended.,Delivery
The courier delayed the order Not satisfied.,Delivery
Fantastic performance and reliability Highly recommended.,Product
Affordable pricing and good value Will buy again.,Pricing
The product packaging was damaged Average overall.,Product
Price is too high Average overall.,Pricing
The package arrived damaged Will buy again.,Delivery
The product packaging was damaged,Product
Great value for money,Pricing
Discount offers are attractive Highly recommended.,Pricing
Great value for money Average overall.,Pricing
The product quality is excellent Excellent experience.,Product
The product exceeded expectations Highly recommended.,Product
Shipment tracking was inaccurate Highly recommended.,Delivery
Amazing design and quality Not satisfied.,Product
Poor product material Needs improvement.,Product
Shipment tracking was inaccurate Average overall.,Delivery
Fantastic performance and reliability Highly recommended.,Product
Support team resolved my issue quickly Not satisfied.,Service
Customer service was very helpful Excellent experience.,Service
Package arrived on time Excellent experience.,Delivery
Support team resolved my issue quickly,Service
Support team resolved my issue quickly Highly recommended.,Service
The product packaging was damaged Highly recommended.,Product
Price is too high Highly recommended.,Pricing
Price is too high Excellent experience.,Pricing
The item stopped working after two days Average overall.,Product
The product quality is excellent Average overall.,Product
Pricing could be better,Pricing
Amazing design and quality Highly recommended.,Product
Support team was unresponsive Average overall.,Service
Customer service was very helpful Excellent experience.,Service
Very durable and useful product Will buy again.,Product
The product quality is excellent Not satisfied.,Product
Very expensive for the quality Average overall.,Pricing
The product exceeded expectations,Product
The product packaging was damaged Not satisfied.,Product
Issue resolved professionally Needs improvement.,Service
Pricing could be better Will buy again.,Pricing
Support team was unresponsive Average overall.,Service
The package arrived damaged Needs improvement.,Delivery
Quick and reliable delivery Needs improvement.,Delivery
The representative was polite Needs improvement.,Service
Delivery was very late Will buy again.,Delivery
Very expensive for the quality Highly recommended.,Pricing
The product is overpriced Highly recommended.,Pricing
Poor product material Average overall.,Product
Customer service was very helpful Excellent experience.,Service
Discount offers are attractive Needs improvement.,Pricing
Delivery experience was smooth Highly recommended.,Delivery
Discount offers are attractive Needs improvement.,Pricing
The product is overpriced Will buy again.,Pricing
The package arrived damaged Average overall.,Delivery
Delivery was very late Will buy again.,Delivery
Customer service was very helpful,Service
The product exceeded expectations Needs improvement.,Product
Shipment tracking was inaccurate Will buy again.,Delivery
Quick and reliable delivery Excellent experience.,Delivery
The product packaging was damaged Will buy again.,Product
Great value for money,Pricing
The product exceeded expectations Will buy again.,Product
Package arrived on time Highly recommended.,Delivery
Excellent service experience Excellent experience.,Service
Very durable and useful product Highly recommended.,Product
Pricing could be better Will buy again.,Pricing
Poor response from support Excellent experience.,Service
The product exceeded expectations Needs improvement.,Product
Fantastic performance and reliability Excellent experience.,Product
Shipment tracking was inaccurate Will buy again.,Delivery
The item stopped working after two days Highly recommended.,Product
Great value for money,Pricing
Very expensive for the quality Highly recommended.,Pricing
The courier delayed the order Will buy again.,Delivery
Excellent service experience Will buy again.,Service
Reasonable pricing compared to competitors Highly recommended.,Pricing
Poor product material Average overall.,Product
The representative was polite Highly recommended.,Service
Issue resolved professionally Average overall.,Service
Excellent service experience Not satisfied.,Service
Issue resolved professionally Excellent experience.,Service
The product quality is excellent,Product
The product is overpriced Not satisfied.,Pricing
Great value for money Not satisfied.,Pricing
Great value for money,Pricing
Quick and reliable delivery Highly recommended.,Delivery
Fantastic performance and reliability Not satisfied.,Product
The product is overpriced Excellent experience.,Pricing
Amazing design and quality Not satisfied.,Product
Very durable and useful product Excellent experience.,Product
Poor response from support Average overall.,Service
The package arrived damaged Excellent experience.,Delivery
Discount offers are attractive Highly recommended.,Pricing
Quick and reliable delivery Average overall.,Delivery
Very durable and useful product Will buy again.,Product
The product exceeded expectations Average overall.,Product
Amazing design and quality Not satisfied.,Product
Affordable pricing and good value Needs improvement.,Pricing
Shipment tracking was inaccurate Highly recommended.,Delivery
Pricing could be better Will buy again.,Pricing
Excellent service experience Average overall.,Service
The product exceeded expectations,Product
Pricing could be better Highly recommended.,Pricing
Customer service was very helpful Not satisfied.,Service
The product packaging was damaged Average overall.,Product
The package arrived damaged,Delivery
The product exceeded expectations Average overall.,Product
The product exceeded expectations Excellent experience.,Product
Very expensive for the quality Will buy again.,Pricing
Reasonable pricing compared to competitors Highly recommended.,Pricing
Price is too high Average overall.,Pricing
Very durable and useful product Needs improvement.,Product
The product is overpriced Highly recommended.,Pricing
Fast delivery service Not satisfied.,Delivery
Package arrived on time Will buy again.,Delivery
Quick and reliable delivery Excellent experience.,Delivery
Customer service was very helpful Needs improvement.,Service
Price is too high Will buy again.,Pricing
The product exceeded expectations Will buy again.,Product
Issue resolved professionally Needs improvement.,Service
Excellent service experience Excellent experience.,Service
The product quality is excellent Not satisfied.,Product
Support team was unresponsive Not satisfied.,Service
Poor product material Needs improvement.,Product
Very durable and useful product,Product
The product exceeded expectations Not satisfied.,Product
Package arrived on time Average overall.,Delivery
Poor response from support Average overall.,Service
The product exceeded expectations Not satisfied.,Product
Affordable pricing and good value,Pricing
Very durable and useful product Excellent experience.,Product
Shipment tracking was inaccurate Excellent experience.,Delivery
Reasonable pricing compared to competitors Not satisfied.,Pricing
Pricing could be better Highly recommended.,Pricing
Fantastic performance and reliability Will buy again.,Product
Support team resolved my issue quickly Will buy again.,Service
The representative was polite Highly recommended.,Service
Reasonable pricing compared to competitors Needs improvement.,Pricing
The product packaging was damaged,Product
Support team was unresponsive Average overall.,Service
The product is overpriced Average overall.,Pricing
Price is too high,Pricing
Shipment tracking was inaccurate Will buy again.,Delivery
The representative was polite Not satisfied.,Service
Poor product material Will buy again.,Product
Discount offers are attractive Excellent experience.,Pricing
The product exceeded expectations,Product
Delivery experience was smooth Average overall.,Delivery
Delivery experience was smooth Excellent experience.,Delivery
Pricing could be better Average overall.,Pricing
Affordable pricing and good value Highly recommended.,Pricing
The package arrived damaged Average overall.,Delivery
The product packaging was damaged Not satisfied.,Product
Very expensive for the quality Will buy again.,Pricing
Excellent service experience Excellent experience.,Service
The product quality is excellent Excellent experience.,Product
Discount offers are attractive,Pricing
Very durable and useful product Not satisfied.,Product
Amazing design and quality Not satisfied.,Product
Very durable and useful product Average overall.,Product
Affordable pricing and good value Average overall.,Pricing
Fantastic performance and reliability Needs improvement.,Product
Fantastic performance and reliability Not satisfied.,Product
Excellent service experience Average overall.,Service
The product exceeded expectations,Product
The representative was polite Will buy again.,Service
The representative was polite Not satisfied.,Service
Support team was unresponsive Excellent experience.,Service
The courier delayed the order Needs improvement.,Delivery
Delivery was very late Needs improvement.,Delivery
Reasonable pricing compared to competitors Will buy again.,Pricing
Price is too high Will buy again.,Pricing
Issue resolved professionally Not satisfied.,Service
The product exceeded expectations Needs improvement.,Product
Poor response from support Needs improvement.,Service
Price is too high,Pricing
Support team resolved my issue quickly,Service
The courier delayed the order Not satisfied.,Delivery
Reasonable pricing compared to competitors Will buy again.,Pricing
Delivery experience was smooth Average overall.,Delivery
Quick and reliable delivery Will buy again.,Delivery
The package arrived damaged Highly recommended.,Delivery
Pricing could be better Needs improvement.,Pricing
Shipment tracking was inaccurate Not satisfied.,Delivery
Very expensive for the quality Needs improvement.,Pricing
Great value for money,Pricing
Customer care was disappointing Highly recommended.,Service
The package arrived damaged,Delivery
The item stopped working after two days Excellent experience.,Product
The product is overpriced Excellent experience.,Pricing
The product is overpriced Excellent experience.,Pricing
The package arrived damaged Highly recommended.,Delivery
Very expensive for the quality,Pricing
The product exceeded expectations Not satisfied.,Product
Discount offers are attractive Highly recommended.,Pricing
Fantastic performance and reliability Will buy again.,Product
The product exceeded expectations Needs improvement.,Product
Quick and reliable delivery Needs improvement.,Delivery
The product packaging was damaged Average overall.,Product
Excellent service experience Highly recommended.,Service
Support team resolved my issue quickly Needs improvement.,Service
Great value for money Not satisfied.,Pricing
The item stopped working after two days Highly recommended.,Product
Very expensive for the quality,Pricing
Customer care was disappointing Not satisfied.,Service
Very durable and useful product Not satisfied.,Product
Fast delivery service Excellent experience.,Delivery
The package arrived damaged Not satisfied.,Delivery
Great value for money Will buy again.,Pricing
Customer care was disappointing Needs improvement.,Service
Fast delivery service Average overall.,Delivery
Customer service was very helpful Average overall.,Service
The representative was polite,Service
Excellent service experience Not satisfied.,Service
The item stopped working after two days Average overall.,Product
The courier delayed the order Excellent experience.,Delivery
Customer service was very helpful Average overall.,Service
Fast delivery service Highly recommended.,Delivery
Price is too high Will buy again.,Pricing
Excellent service experience Average overall.,Service
Customer care was disappointing Not satisfied.,Service
The product exceeded expectations Highly recommended.,Product
Fantastic performance and reliability Needs improvement.,Product
Package arrived on time Average overall.,Delivery
Excellent service experience Needs improvement.,Service
Shipment tracking was inaccurate Not satisfied.,Delivery
The package arrived damaged,Delivery
Support team resolved my issue quickly Average overall.,Service
Amazing design and quality Needs improvement.,Product
Very expensive for the quality,Pricing
Support team resolved my issue quickly,Service
The representative was polite Highly recommended.,Service
Very expensive for the quality Needs improvement.,Pricing
Very expensive for the quality Not satisfied.,Pricing
The product is overpriced Highly recommended.,Pricing
Customer care was disappointing Excellent experience.,Service
Fantastic performance and reliability Needs improvement.,Product
The product packaging was damaged Highly recommended.,Product
Poor response from support Average overall.,Service
Support team resolved my issue quickly Highly recommended.,Service
Customer service was very helpful Excellent experience.,Service
The product is overpriced Not satisfied.,Pricing
Delivery experience was smooth Will buy again.,Delivery
Package arrived on time Excellent experience.,Delivery
Shipment tracking was inaccurate Excellent experience.,Delivery
Package arrived on time Needs improvement.,Delivery
Customer service was very helpful Needs improvement.,Service
Support team was unresponsive Highly recommended.,Service
Affordable pricing and good value Average overall.,Pricing
The representative was polite Not satisfied.,Service
Pricing could be better Excellent experience.,Pricing
Support team was unresponsive Excellent experience.,Service
The product is overpriced Excellent experience.,Pricing
The package arrived damaged Will buy again.,Delivery
Poor response from support Highly recommended.,Service
Package arrived on time Not satisfied.,Delivery
Customer care was disappointing Not satisfied.,Service
Delivery experience was smooth Not satisfied.,Delivery
Fast delivery service Excellent experience.,Delivery
Great value for money,Pricing
The representative was polite Average overall.,Service
The courier delayed the order Excellent experience.,Delivery
Pricing could be better Will buy again.,Pricing
Discount offers are attractive Will buy again.,Pricing
Great value for money Not satisfied.,Pricing
Great value for money Will buy again.,Pricing
Amazing design and quality Excellent experience.,Product
The package arrived damaged Average overall.,Delivery
The product is overpriced,Pricing
The package arrived damaged Not satisfied.,Delivery
Very durable and useful product Will buy again.,Product
The product is overpriced Needs improvement.,Pricing
Support team was unresponsive Needs improvement.,Service
Pricing could be better Average overall.,Pricing
Package arrived on time Excellent experience.,Delivery
Price is too high Excellent experience.,Pricing
Fast delivery service Will buy again.,Delivery
The representative was polite Not satisfied.,Service
Price is too high,Pricing
Fantastic performance and reliability,Product
The representative was polite,Service
The courier delayed the order Needs improvement.,Delivery
Support team was unresponsive Not satisfied.,Service
Reasonable pricing compared to competitors Not satisfied.,Pricing
The item stopped working after two days Average overall.,Product
Excellent service experience Excellent experience.,Service
Delivery experience was smooth Not satisfied.,Delivery
The courier delayed the order Needs improvement.,Delivery
The product packaging was damaged Average overall.,Product
Poor product material Excellent experience.,Product
Support team was unresponsive Will buy again.,Service
Reasonable pricing compared to competitors Highly recommended.,Pricing
Customer care was disappointing Highly recommended.,Service
Reasonable pricing compared to competitors Highly recommended.,Pricing
Amazing design and quality Highly recommended.,Product
Fast delivery service Will buy again.,Delivery
Poor response from support,Service
The courier delayed the order Needs improvement.,Delivery
Quick and reliable delivery Average overall.,Delivery
Package arrived on time Excellent experience.,Delivery
The representative was polite Needs improvement.,Service
Great value for money Average overall.,Pricing
Shipment tracking was inaccurate Excellent experience.,Delivery
Delivery was very late Will buy again.,Delivery
The representative was polite,Service
Discount offers are attractive Will buy again.,Pricing
Fantastic performance and reliability Excellent experience.,Product
The product quality is excellent Excellent experience.,Product
Great value for money Needs improvement.,Pricing
Shipment tracking was inaccurate Will buy again.,Delivery
Fantastic performance and reliability Needs improvement.,Product
The product exceeded expectations Excellent experience.,Product
Customer care was disappointing Needs improvement.,Service
Reasonable pricing compared to competitors Average overall.,Pricing
Customer care was disappointing Highly recommended.,Service
The product packaging was damaged Highly recommended.,Product
Affordable pricing and good value Needs improvement.,Pricing
The courier delayed the order Will buy again.,Delivery
Delivery was very late Needs improvement.,Delivery
Delivery was very late,Delivery
Affordable pricing and good value Highly recommended.,Pricing
Pricing could be better Average overall.,Pricing
Very durable and useful product Will buy again.,Product
Delivery experience was smooth Will buy again.,Delivery
Issue resolved professionally Excellent experience.,Service
Pricing could be better Highly recommended.,Pricing
Pricing could be better Not satisfied.,Pricing
Quick and reliable delivery Excellent experience.,Delivery
The product packaging was damaged Excellent experience.,Product
Customer care was disappointing,Service
Package arrived on time Will buy again.,Delivery
Issue resolved professionally Excellent experience.,Service
The courier delayed the order Highly recommended.,Delivery
The product exceeded expectations Excellent experience.,Product
Customer service was very helpful Will buy again.,Service
Customer care was disappointing Highly recommended.,Service
Pricing could be better Average overall.,Pricing
Quick and reliable delivery Needs improvement.,Delivery
The courier delayed the order,Delivery
The product is overpriced,Pricing
Delivery experience was smooth Will buy again.,Delivery
The product exceeded expectations Average overall.,Product
Customer care was disappointing Not satisfied.,Service
The item stopped working after two days Highly recommended.,Product
Poor product material Not satisfied.,Product
The product packaging was damaged Not satisfied.,Product
Very expensive for the quality Not satisfied.,Pricing
Discount offers are attractive Highly recommended.,Pricing
Very durable and useful product Not satisfied.,Product
The representative was polite Highly recommended.,Service
Customer service was very helpful Average overall.,Service
Shipment tracking was inaccurate,Delivery
Pricing could be better Will buy again.,Pricing
The product packaging was damaged Not satisfied.,Product
Fantastic performance and reliability,Product
Support team was unresponsive Highly recommended.,Service
Issue resolved professionally,Service
Support team was unresponsive,Service
Poor response from support Highly recommended.,Service
The package arrived damaged Average overall.,Delivery
Fast delivery service Not satisfied.,Delivery
Support team resolved my issue quickly Not satisfied.,Service
Very expensive for the quality Average overall.,Pricing
Fast delivery service Needs improvement.,Delivery
Discount offers are attractive Average overall.,Pricing
Fantastic performance and reliability Average overall.,Product
Support team was unresponsive Needs improvement.,Service
Discount offers are attractive Needs improvement.,Pricing
Delivery experience was smooth Excellent experience.,Delivery
Very durable and useful product Not satisfied.,Product
Customer service was very helpful Will buy again.,Service
Amazing design and quality Average overall.,Product
Package arrived on time Average overall.,Delivery
Fast delivery service Average overall.,Delivery
The item stopped working after two days Not satisfied.,Product
Poor response from support Not satisfied.,Service
Poor product material Will buy again.,Product
Affordable pricing and good value Needs improvement.,Pricing
Very expensive for the quality Average overall.,Pricing
Fast delivery service Needs improvement.,Delivery
Shipment tracking was inaccurate Highly recommended.,Delivery
Issue resolved professionally Average overall.,Service
Support team resolved my issue quickly Will buy again.,Service
Delivery experience was smooth Will buy again.,Delivery
Shipment tracking was inaccurate Average overall.,Delivery
The item stopped working after two days Highly recommended.,Product
Customer care was disappointing Average overall.,Service
Pricing could be better,Pricing
Very expensive for the quality Highly recommended.,Pricing
Price is too high Will buy again.,Pricing
Customer service was very helpful Highly recommended.,Service
The product is overpriced Not satisfied.,Pricing
Very expensive for the quality Not satisfied.,Pricing
Pricing could be better Average overall.,Pricing
Poor response from support Average overall.,Service
Package arrived on time,Delivery
Amazing design and quality Not satisfied.,Product
Poor response from support Needs improvement.,Service
Customer service was very helpful Will buy again.,Service
Package arrived on time Highly recommended.,Delivery
Great value for money Excellent experience.,Pricing
The courier delayed the order Excellent experience.,Delivery
Pricing could be better Will buy again.,Pricing
The package arrived damaged Not satisfied.,Delivery
Package arrived on time Excellent experience.,Delivery
Fantastic performance and reliability Needs improvement.,Product
Shipment tracking was inaccurate Average overall.,Delivery
Poor product material,Product
Package arrived on time Excellent experience.,Delivery
Pricing could be better Highly recommended.,Pricing
Amazing design and quality Excellent experience.,Product
Price is too high Highly recommended.,Pricing
Customer care was disappointing Not satisfied.,Service
Shipment tracking was inaccurate Highly recommended.,Delivery
The courier delayed the order Not satisfied.,Delivery
Very expensive for the quality Will buy again.,Pricing
Discount offers are attractive Highly recommended.,Pricing
The representative was polite Needs improvement.,Service
Delivery was very late Will buy again.,Delivery
The product is overpriced Needs improvement.,Pricing
Excellent service experience Will buy again.,Service
The item stopped working after two days Average overall.,Product
Very durable and useful product Needs improvement.,Product
The courier delayed the order,Delivery
Fantastic performance and reliability Highly recommended.,Product
The representative was polite Average overall.,Service
The product packaging was damaged Will buy again.,Product
Customer service was very helpful Will buy again.,Service
Package arrived on time Average overall.,Delivery
Excellent service experience,Service
Very durable and useful product Not satisfied.,Product
Discount offers are attractive Needs improvement.,Pricing
The product packaging was damaged,Product
Quick and reliable delivery Average overall.,Delivery
Affordable pricing and good value Excellent experience.,Pricing
Customer service was very helpful Average overall.,Service
Customer care was disappointing Highly recommended.,Service
Pricing could be better Average overall.,Pricing
Affordable pricing and good value,Pricing
The product exceeded expectations Highly recommended.,Product
Shipment tracking was inaccurate,Delivery
The item stopped working after two days Will buy again.,Product
Customer service was very helpful Will buy again.,Service
Fantastic performance and reliability Not satisfied.,Product
Support team resolved my issue quickly Not satisfied.,Service
Delivery experience was smooth Needs improvement.,Delivery
Poor product material Excellent experience.,Product
Very expensive for the quality Needs improvement.,Pricing
Shipment tracking was inaccurate Excellent experience.,Delivery
Issue resolved professionally Highly recommended.,Service
Great value for money Excellent experience.,Pricing
Support team was unresponsive Needs improvement.,Service
Great value for money,Pricing
Shipment tracking was inaccurate Will buy again.,Delivery
Poor response from support Not satisfied.,Service
Quick and reliable delivery Highly recommended.,Delivery
Very expensive for the quality Will buy again.,Pricing
Affordable pricing and good value Average overall.,Pricing
Fantastic performance and reliability Not satisfied.,Product
Support team was unresponsive Not satisfied.,Service
Pricing could be better Excellent experience.,Pricing
Fantastic performance and reliability Highly recommended.,Product
Fast delivery service Needs improvement.,Delivery
The representative was polite Excellent experience.,Service
Price is too high Needs improvement.,Pricing
Poor response from support Needs improvement.,Service
Shipment tracking was inaccurate Will buy again.,Delivery
Very expensive for the quality Excellent experience.,Pricing
The product exceeded expectations Will buy again.,Product
Package arrived on time,Delivery
The product exceeded expectations Average overall.,Product
Very durable and useful product Not satisfied.,Product
Delivery experience was smooth Average overall.,Delivery
Great value for money,Pricing
Very durable and useful product,Product
The product packaging was damaged Not satisfied.,Product
Poor product material Not satisfied.,Product
Quick and reliable delivery,Delivery
Amazing design and quality Excellent experience.,Product
The item stopped working after two days Highly recommended.,Product
Delivery was very late Will buy again.,Delivery
The item stopped working after two days,Product
The courier delayed the order Will buy again.,Delivery
Poor response from support Excellent experience.,Service
Affordable pricing and good value Not satisfied.,Pricing
The item stopped working after two days,Product
The product packaging was damaged Needs improvement.,Product
Very durable and useful product Not satisfied.,Product
The representative was polite,Service
Very expensive for the quality Highly recommended.,Pricing
Amazing design and quality Excellent experience.,Product
Poor response from support Needs improvement.,Service
The product is overpriced Not satisfied.,Pricing
The item stopped working after two days,Product
Poor response from support Excellent experience.,Service
Support team was unresponsive Needs improvement.,Service
Support team was unresponsive Not satisfied.,Service
Delivery was very late Will buy again.,Delivery
Support team resolved my issue quickly Not satisfied.,Service
Excellent service experience Needs improvement.,Service
The item stopped working after two days Excellent experience.,Product
The product packaging was damaged Needs improvement.,Product
Great value for money Excellent experience.,Pricing
Support team resolved my issue quickly Excellent experience.,Service
The item stopped working after two days,Product
Package arrived on time Excellent experience.,Delivery
Very expensive for the quality Needs improvement.,Pricing
Issue resolved professionally Not satisfied.,Service
The package arrived damaged,Delivery
Delivery experience was smooth Highly recommended.,Delivery
The package arrived damaged Needs improvement.,Delivery
The courier delayed the order Will buy again.,Delivery
Pricing could be better Needs improvement.,Pricing
Package arrived on time Excellent experience.,Delivery
Very expensive for the quality Will buy again.,Pricing
The product is overpriced Needs improvement.,Pricing
The product exceeded expectations Needs improvement.,Product
Fantastic performance and reliability Excellent experience.,Product
The product quality is excellent Average overall.,Product
Reasonable pricing compared to competitors Needs improvement.,Pricing
The courier delayed the order Not satisfied.,Delivery
The courier delayed the order Excellent experience.,Delivery
Great value for money Average overall.,Pricing
The representative was polite Will buy again.,Service
Support team resolved my issue quickly Needs improvement.,Service
Issue resolved professionally Needs improvement.,Service
The item stopped working after two days,Product
Amazing design and quality Will buy again.,Product
The item stopped working after two days Will buy again.,Product
Price is too high Not satisfied.,Pricing
Affordable pricing and good value Highly recommended.,Pricing
The package arrived damaged Will buy again.,Delivery
Customer service was very helpful Highly recommended.,Service
Shipment tracking was inaccurate Needs improvement.,Delivery
The product packaging was damaged Excellent experience.,Product
Fantastic performance and reliability Highly recommended.,Product
The package arrived damaged,Delivery
The product quality is excellent Average overall.,Product
The item stopped working after two days Not satisfied.,Product
Poor response from support Average overall.,Service
Great value for money Average overall.,Pricing
Poor response from support,Service
Customer service was very helpful Will buy again.,Service
Shipment tracking was inaccurate Highly recommended.,Delivery
Amazing design and quality Needs improvement.,Product
Package arrived on time Average overall.,Delivery
Poor product material Excellent experience.,Product
Quick and reliable delivery Average overall.,Delivery
Affordable pricing and good value Highly recommended.,Pricing
Reasonable pricing compared to competitors Will buy again.,Pricing
Price is too high Excellent experience.,Pricing
Shipment tracking was inaccurate Excellent experience.,Delivery
Package arrived on time Excellent experience.,Delivery
Package arrived on time,Delivery
Customer service was very helpful Highly recommended.,Service
Customer service was very helpful Not satisfied.,Service
Price is too high Highly recommended.,Pricing
Discount offers are attractive,Pricing
Quick and reliable delivery Excellent experience.,Delivery
The product exceeded expectations Average overall.,Product
Delivery was very late Excellent experience.,Delivery
Excellent service experience Will buy again.,Service
Reasonable pricing compared to competitors Will buy again.,Pricing
Fantastic performance and reliability Average overall.,Product
The product exceeded expectations Excellent experience.,Product
Amazing design and quality Needs improvement.,Product
Fast delivery service Average overall.,Delivery
The representative was polite,Service
Affordable pricing and good value Average overall.,Pricing
Poor product material Average overall.,Product
Support team resolved my issue quickly Highly recommended.,Service
Pricing could be better Highly recommended.,Pricing
Amazing design and quality Needs improvement.,Product
Quick and reliable delivery Not satisfied.,Delivery
Poor product material,Product
Package arrived on time Will buy again.,Delivery
Customer care was disappointing Will buy again.,Service
The item stopped working after two days Needs improvement.,Product
Shipment tracking was inaccurate Excellent experience.,Delivery
Delivery experience was smooth Average overall.,Delivery
Delivery was very late Highly recommended.,Delivery
The representative was polite Not satisfied.,Service
Customer care was disappointing,Service
The item stopped working after two days,Product
Shipment tracking was inaccurate Needs improvement.,Delivery
Very durable and useful product Will buy again.,Product
Pricing could be better Highly recommended.,Pricing
The product exceeded expectations Needs improvement.,Product
The product is overpriced Highly recommended.,Pricing
Poor response from support,Service
Great value for money,Pricing
Quick and reliable delivery,Delivery
Poor response from support Average overall.,Service
Package arrived on time Average overall.,Delivery
Price is too high Highly recommended.,Pricing
Fantastic performance and reliability Highly recommended.,Product
Customer service was very helpful Average overall.,Service
Very expensive for the quality Highly recommended.,Pricing
Issue resolved professionally Needs improvement.,Service
Excellent service experience Highly recommended.,Service
Delivery experience was smooth Average overall.,Delivery
The product packaging was damaged Average overall.,Product
The representative was polite Excellent experience.,Service
Issue resolved professionally Average overall.,Service
The product exceeded expectations Excellent experience.,Product
Delivery was very late Excellent experience.,Delivery
The product is overpriced,Pricing
Pricing could be better Not satisfied.,Pricing
Amazing design and quality Will buy again.,Product
Very durable and useful product Will buy again.,Product
Fantastic performance and reliability Excellent experience.,Product
The product exceeded expectations Needs improvement.,Product
Reasonable pricing compared to competitors Excellent experience.,Pricing
Pricing could be better Not satisfied.,Pricing
Amazing design and quality Excellent experience.,Product
Quick and reliable delivery Not satisfied.,Delivery
The product is overpriced Not satisfied.,Pricing
Very expensive for the quality Not satisfied.,Pricing
Affordable pricing and good value Will buy again.,Pricing
Package arrived on time Not satisfied.,Delivery
The product quality is excellent Average overall.,Product
The product exceeded expectations Will buy again.,Product
Support team resolved my issue quickly Average overall.,Service
Delivery was very late,Delivery
Affordable pricing and good value Will buy again.,Pricing
Amazing design and quality Excellent experience.,Product
The product exceeded expectations,Product
The item stopped working after two days Excellent experience.,Product
Price is too high Excellent experience.,Pricing
Delivery was very late,Delivery
The product packaging was damaged,Product
Very durable and useful product,Product
Poor response from support Average overall.,Service
Quick and reliable delivery Highly recommended.,Delivery
Reasonable pricing compared to competitors Excellent experience.,Pricing
The courier delayed the order Excellent experience.,Delivery
Very durable and useful product Needs improvement.,Product
Fantastic performance and reliability Excellent experience.,Product
Discount offers are attractive Needs improvement.,Pricing
Delivery experience was smooth Not satisfied.,Delivery
Poor product material,Product
Issue resolved professionally Not satisfied.,Service
Support team resolved my issue quickly Will buy again.,Service
Delivery was very late,Delivery
Very durable and useful product,Product
Customer service was very helpful Not satisfied.,Service
Reasonable pricing compared to competitors Will buy again.,Pricing
Reasonable pricing compared to competitors Excellent experience.,Pricing
Amazing design and quality Will buy again.,Product
The product is overpriced Will buy again.,Pricing
Fantastic performance and reliability Average overall.,Product
The item stopped working after two days Excellent experience.,Product
The package arrived damaged Excellent experience.,Delivery
The package arrived damaged Excellent experience.,Delivery
Issue resolved professionally Not satisfied.,Service
Package arrived on time Excellent experience.,Delivery
Shipment tracking was inaccurate Excellent experience.,Delivery
The item stopped working after two days Needs improvement.,Product
Fast delivery service Highly recommended.,Delivery
The courier delayed the order Highly recommended.,Delivery
Very durable and useful product Average overall.,Product
Delivery was very late Will buy again.,Delivery
Discount offers are attractive,Pricing
Package arrived on time Needs improvement.,Delivery
Poor response from support,Service
The product quality is excellent,Product
The courier delayed the order,Delivery
Support team was unresponsive Highly recommended.,Service
Amazing design and quality Needs improvement.,Product
Poor product material Not satisfied.,Product
The courier delayed the order Highly recommended.,Delivery
The courier delayed the order Highly recommended.,Delivery
Support team was unresponsive Average overall.,Service
Reasonable pricing compared to competitors Will buy again.,Pricing
The product packaging was damaged Highly recommended.,Product
Delivery was very late Needs improvement.,Delivery
Delivery was very late Highly recommended.,Delivery
Discount offers are attractive Average overall.,Pricing
The product exceeded expectations Will buy again.,Product
The product exceeded expectations,Product
The product packaging was damaged Excellent experience.,Product
Quick and reliable delivery,Delivery
Excellent service experience Not satisfied.,Service
Package arrived on time Excellent experience.,Delivery
Very expensive for the quality Highly recommended.,Pricing
Reasonable pricing compared to competitors Not satisfied.,Pricing
The representative was polite Not satisfied.,Service
The courier delayed the order Not satisfied.,Delivery
The product is overpriced,Pricing
Great value for money Excellent experience.,Pricing
Package arrived on time,Delivery
Shipment tracking was inaccurate Not satisfied.,Delivery
Pricing could be better Not satisfied.,Pricing
Pricing could be better Highly recommended.,Pricing
Support team resolved my issue quickly Needs improvement.,Service
Support team resolved my issue quickly Not satisfied.,Service
Discount offers are attractive,Pricing
Reasonable pricing compared to competitors Highly recommended.,Pricing
Quick and reliable delivery Will buy again.,Delivery
Discount offers are attractive Highly recommended.,Pricing
The representative was polite Excellent experience.,Service
Poor product material Not satisfied.,Product
Delivery was very late Excellent experience.,Delivery
Price is too high Average overall.,Pricing
The product quality is excellent Average overall.,Product
Fantastic performance and reliability Needs improvement.,Product
Support team was unresponsive Highly recommended.,Service
Delivery was very late Needs improvement.,Delivery
Support team resolved my issue quickly Highly recommended.,Service
The item stopped working after two days Highly recommended.,Product
Amazing design and quality Highly recommended.,Product
The product packaging was damaged Highly recommended.,Product
Delivery experience was smooth Average overall.,Delivery
Quick and reliable delivery Needs improvement.,Delivery
Poor product material,Product
Shipment tracking was inaccurate Not satisfied.,Delivery
Poor product material Excellent experience.,Product
Delivery was very late Average overall.,Delivery
The package arrived damaged Needs improvement.,Delivery
The representative was polite Needs improvement.,Service
Fantastic performance and reliability Will buy again.,Product
Discount offers are attractive Average overall.,Pricing
Support team resolved my issue quickly Not satisfied.,Service
Discount offers are attractive Not satisfied.,Pricing
Support team was unresponsive Will buy again.,Service
Fast delivery service Average overall.,Delivery
The courier delayed the order Excellent experience.,Delivery
Reasonable pricing compared to competitors Will buy again.,Pricing
The product is overpriced Will buy again.,Pricing
Fast delivery service Highly recommended.,Delivery
Excellent service experience Highly recommended.,Service
Great value for money Highly recommended.,Pricing
Customer service was very helpful Not satisfied.,Service
Very expensive for the quality Average overall.,Pricing
The product is overpriced,Pricing
The product exceeded expectations Not satisfied.,Product
Customer service was very helpful Highly recommended.,Service
Reasonable pricing compared to competitors Not satisfied.,Pricing
The product is overpriced Will buy again.,Pricing
Quick and reliable delivery Highly recommended.,Delivery
Shipment tracking was inaccurate Average overall.,Delivery
The courier delayed the order Highly recommended.,Delivery
Issue resolved professionally Not satisfied.,Service
The courier delayed the order,Delivery
The item stopped working after two days,Product
Poor response from support Excellent experience.,Service
Customer care was disappointing Not satisfied.,Service
Fantastic performance and reliability Excellent experience.,Product
The product is overpriced Excellent experience.,Pricing
The product is overpriced Average overall.,Pricing
Fast delivery service Average overall.,Delivery
Excellent service experience Will buy again.,Service
Affordable pricing and good value,Pricing
The courier delayed the order Average overall.,Delivery
Affordable pricing and good value Not satisfied.,Pricing
Customer service was very helpful Not satisfied.,Service
Support team was unresponsive Needs improvement.,Service
Poor product material Excellent experience.,Product
Poor response from support Excellent experience.,Service
The product quality is excellent Needs improvement.,Product
Affordable pricing and good value Needs improvement.,Pricing
Poor product material Not satisfied.,Product
Delivery was very late Not satisfied.,Delivery
Poor response from support Excellent experience.,Service
Customer care was disappointing Highly recommended.,Service
Pricing could be better Not satisfied.,Pricing
The item stopped working after two days Excellent experience.,Product
Price is too high Average overall.,Pricing
Delivery experience was smooth Needs improvement.,Delivery
Customer care was disappointing,Service
Support team was unresponsive Needs improvement.,Service
Excellent service experience Excellent experience.,Service
Very durable and useful product Needs improvement.,Product
Price is too high,Pricing
The product is overpriced Average overall.,Pricing
The package arrived damaged Excellent experience.,Delivery
Delivery was very late Average overall.,Delivery
Delivery experience was smooth Excellent experience.,Delivery
Discount offers are attractive Not satisfied.,Pricing
Package arrived on time Not satisfied.,Delivery
The item stopped working after two days Excellent experience.,Product
Issue resolved professionally Highly recommended.,Service
Support team resolved my issue quickly,Service
Pricing could be better Not satisfied.,Pricing
Price is too high Excellent experience.,Pricing
Affordable pricing and good value Excellent experience.,Pricing
The product packaging was damaged Average overall.,Product
Very expensive for the quality,Pricing
Very expensive for the quality Highly recommended.,Pricing
Pricing could be better Will buy again.,Pricing
The product exceeded expectations Excellent experience.,Product
Support team resolved my issue quickly Excellent experience.,Service
Reasonable pricing compared to competitors Will buy again.,Pricing
Shipment tracking was inaccurate Needs improvement.,Delivery
The package arrived damaged Will buy again.,Delivery
Support team was unresponsive Excellent experience.,Service
Delivery was very late Needs improvement.,Delivery
Quick and reliable delivery Highly recommended.,Delivery
Poor response from support Will buy again.,Service
Excellent service experience Will buy again.,Service
Customer service was very helpful Highly recommended.,Service
Price is too high Needs improvement.,Pricing
Excellent service experience Not satisfied.,Service
Support team was unresponsive Excellent experience.,Service
Very expensive for the quality,Pricing
The courier delayed the order,Delivery
Amazing design and quality Not satisfied.,Product
Quick and reliable delivery Average overall.,Delivery
The product packaging was damaged Will buy again.,Product
The product quality is excellent Excellent experience.,Product
Price is too high,Pricing
Package arrived on time Not satisfied.,Delivery
Very durable and useful product Excellent experience.,Product
The product quality is excellent Highly recommended.,Product
The item stopped working after two days Will buy again.,Product
Fast delivery service Not satisfied.,Delivery
The item stopped working after two days Average overall.,Product
Customer service was very helpful Average overall.,Service
The product exceeded expectations Excellent experience.,Product
The product quality is excellent Average overall.,Product
Delivery experience was smooth Average overall.,Delivery
Package arrived on time Highly recommended.,Delivery
Fast delivery service Highly recommended.,Delivery
Quick and reliable delivery Not satisfied.,Delivery
Great value for money Average overall.,Pricing
Excellent service experience Excellent experience.,Service
The package arrived damaged Needs improvement.,Delivery
Amazing design and quality Highly recommended.,Product
The product exceeded expectations Needs improvement.,Product
Issue resolved professionally Needs improvement.,Service
Poor response from support Will buy again.,Service
Amazing design and quality Excellent experience.,Product
The courier delayed the order,Delivery
Shipment tracking was inaccurate Highly recommended.,Delivery
Delivery was very late Will buy again.,Delivery
Pricing could be better Average overall.,Pricing
Very durable and useful product Average overall.,Product
Shipment tracking was inaccurate Needs improvement.,Delivery
Excellent service experience Not satisfied.,Service
The product exceeded expectations Average overall.,Product
The product exceeded expectations Average overall.,Product
Reasonable pricing compared to competitors Needs improvement.,Pricing
Support team resolved my issue quickly Average overall.,Service
Discount offers are attractive Excellent experience.,Pricing
The representative was polite Highly recommended.,Service
Delivery experience was smooth,Delivery
Support team was unresponsive Will buy again.,Service
The representative was polite Average overall.,Service
Package arrived on time Needs improvement.,Delivery
Discount offers are attractive Not satisfied.,Pricing
Price is too high,Pricing
Excellent service experience,Service
Delivery was very late Excellent experience.,Delivery
Support team resolved my issue quickly Will buy again.,Service
The product is overpriced Will buy again.,Pricing
Poor response from support Highly recommended.,Service
Issue resolved professionally Needs improvement.,Service
Reasonable pricing compared to competitors Needs improvement.,Pricing
Amazing design and quality,Product
Poor product material Needs improvement.,Product
The item stopped working after two days Excellent experience.,Product
The product exceeded expectations Average overall.,Product
Excellent service experience Needs improvement.,Service
Fantastic performance and reliability Needs improvement.,Product
The package arrived damaged Average overall.,Delivery
Quick and reliable delivery Excellent experience.,Delivery
The package arrived damaged Needs improvement.,Delivery
Affordable pricing and good value Average overall.,Pricing
Reasonable pricing compared to competitors Average overall.,Pricing
The product exceeded expectations Will buy again.,Product
Package arrived on time Not satisfied.,Delivery
Package arrived on time Highly recommended.,Delivery
The product packaging was damaged Needs improvement.,Product
Support team resolved my issue quickly,Service
Poor response from support Not satisfied.,Service
The product packaging was damaged Average overall.,Product
The product quality is excellent Will buy again.,Product
Delivery was very late Will buy again.,Delivery
Pricing could be better Excellent experience.,Pricing
Support team resolved my issue quickly Needs improvement.,Service
Very expensive for the quality Not satisfied.,Pricing
Quick and reliable delivery Will buy again.,Delivery
Poor product material,Product
Quick and reliable delivery Will buy again.,Delivery
Fantastic performance and reliability Needs improvement.,Product
The representative was polite,Service
Discount offers are attractive Highly recommended.,Pricing
The courier delayed the order Highly recommended.,Delivery
Package arrived on time Excellent experience.,Delivery
The representative was polite Average overall.,Service
Customer care was disappointing Needs improvement.,Service
Shipment tracking was inaccurate Excellent experience.,Delivery
Poor product material,Product
Great value for money Will buy again.,Pricing
The product packaging was damaged Average overall.,Product
Package arrived on time Will buy again.,Delivery
Fantastic performance and reliability Will buy again.,Product
Support team resolved my issue quickly Excellent experience.,Service
Fantastic performance and reliability Not satisfied.,Product
The product exceeded expectations Not satisfied.,Product
Very expensive for the quality Will buy again.,Pricing
Delivery experience was smooth Needs improvement.,Delivery
Package arrived on time Highly recommended.,Delivery
Shipment tracking was inaccurate Will buy again.,Delivery
Fast delivery service Needs improvement.,Delivery
Customer care was disappointing Excellent experience.,Service
The item stopped working after two days,Product
Pricing could be better Highly recommended.,Pricing
Excellent service experience Not satisfied.,Service
Affordable pricing and good value Will buy again.,Pricing
Amazing design and quality,Product
Pricing could be better Highly recommended.,Pricing
The representative was polite Will buy again.,Service
Very durable and useful product Needs improvement.,Product
Fantastic performance and reliability Not satisfied.,Product
Shipment tracking was inaccurate Excellent experience.,Delivery
Price is too high Will buy again.,Pricing
The item stopped working after two days Needs improvement.,Product
The representative was polite Will buy again.,Service
Customer care was disappointing Average overall.,Service
Issue resolved professionally,Service
Quick and reliable delivery Not satisfied.,Delivery
Delivery experience was smooth Highly recommended.,Delivery
Support team was unresponsive Not satisfied.,Service
Quick and reliable delivery,Delivery
Very expensive for the quality Will buy again.,Pricing
Shipment tracking was inaccurate Average overall.,Delivery
The product exceeded expectations,Product
Support team was unresponsive,Service
Quick and reliable delivery Not satisfied.,Delivery
Package arrived on time,Delivery
Fast delivery service,Delivery
Support team resolved my issue quickly Will buy again.,Service
Fantastic performance and reliability Not satisfied.,Product
The product exceeded expectations Average overall.,Product
Pricing could be better Average overall.,Pricing
Delivery was very late Average overall.,Delivery
Support team was unresponsive,Service
Delivery experience was smooth Average overall.,Delivery
Reasonable pricing compared to competitors Highly recommended.,Pricing
Fast delivery service Average overall.,Delivery
Pricing could be better Highly recommended.,Pricing
Delivery was very late Average overall.,Delivery
The product quality is excellent Highly recommended.,Product
Support team resolved my issue quickly Needs improvement.,Service
Great value for money Not satisfied.,Pricing
Delivery experience was smooth Average overall.,Delivery
Support team was unresponsive Highly recommended.,Service
Customer care was disappointing Will buy again.,Service
The item stopped working after two days Average overall.,Product
Very expensive for the quality Excellent experience.,Pricing
Fantastic performance and reliability Excellent experience.,Product
Shipment tracking was inaccurate Not satisfied.,Delivery
Reasonable pricing compared to competitors Will buy again.,Pricing
The package arrived damaged Average overall.,Delivery
Poor response from support Highly recommended.,Service
Discount offers are attractive,Pricing
Affordable pricing and good value Highly recommended.,Pricing
Fast delivery service Not satisfied.,Delivery
The product is overpriced Excellent experience.,Pricing
The courier delayed the order Highly recommended.,Delivery
The courier delayed the order Highly recommended.,Delivery
Support team was unresponsive Will buy again.,Service
Poor response from support Will buy again.,Service
Reasonable pricing compared to competitors Needs improvement.,Pricing
Support team was unresponsive,Service
Poor response from support Needs improvement.,Service
Support team resolved my issue quickly Not satisfied.,Service
Support team resolved my issue quickly Average overall.,Service
The product quality is excellent Excellent experience.,Product
Amazing design and quality Not satisfied.,Product
Very expensive for the quality Needs improvement.,Pricing
Amazing design and quality,Product
Issue resolved professionally Highly recommended.,Service
The package arrived damaged Highly recommended.,Delivery
The courier delayed the order Excellent experience.,Delivery
The product packaging was damaged Will buy again.,Product
The item stopped working after two days Will buy again.,Product
Quick and reliable delivery Not satisfied.,Delivery
Reasonable pricing compared to competitors Not satisfied.,Pricing
Fantastic performance and reliability Not satisfied.,Product
The item stopped working after two days Needs improvement.,Product
Poor product material,Product
The package arrived damaged Excellent experience.,Delivery
Package arrived on time Average overall.,Delivery
Poor response from support Not satisfied.,Service
Very durable and useful product,Product
Pricing could be better Will buy again.,Pricing
The product is overpriced Highly recommended.,Pricing
Fast delivery service Not satisfied.,Delivery
The product exceeded expectations Not satisfied.,Product
Affordable pricing and good value Excellent experience.,Pricing
The product exceeded expectations Excellent experience.,Product
Pricing could be better Highly recommended.,Pricing
The product is overpriced,Pricing
Very expensive for the quality Excellent experience.,Pricing
The package arrived damaged Not satisfied.,Delivery
The product packaging was damaged Highly recommended.,Product
Great value for money Excellent experience.,Pricing
Fantastic performance and reliability Not satisfied.,Product
Delivery experience was smooth Highly recommended.,Delivery
The package arrived damaged Excellent experience.,Delivery
The product exceeded expectations Needs improvement.,Product
Fantastic performance and reliability Not satisfied.,Product
Excellent service experience Not satisfied.,Service
Delivery experience was smooth Excellent experience.,Delivery
The product exceeded expectations,Product
Pricing could be better Not satisfied.,Pricing
Discount offers are attractive Average overall.,Pricing
Fast delivery service Average overall.,Delivery
Very durable and useful product Average overall.,Product
Reasonable pricing compared to competitors,Pricing
Support team resolved my issue quickly Average overall.,Service
Delivery experience was smooth Needs improvement.,Delivery
Great value for money,Pricing
Poor response from support,Service
Excellent service experience Highly recommended.,Service
Fast delivery service Not satisfied.,Delivery
Shipment tracking was inaccurate Will buy again.,Delivery
Pricing could be better,Pricing
Great value for money Highly recommended.,Pricing
Poor response from support Not satisfied.,Service
Great value for money Highly recommended.,Pricing
The product packaging was damaged,Product
The representative was polite,Service
Discount offers are attractive Will buy again.,Pricing
Issue resolved professionally Average overall.,Service
The package arrived damaged Needs improvement.,Delivery
The product is overpriced Excellent experience.,Pricing
Delivery experience was smooth Excellent experience.,Delivery
The product quality is excellent Will buy again.,Product
Issue resolved professionally Highly recommended.,Service
Affordable pricing and good value Excellent experience.,Pricing
The product exceeded expectations Excellent experience.,Product
The product quality is excellent Will buy again.,Product
The product packaging was damaged Excellent experience.,Product
The representative was polite Needs improvement.,Service
Quick and reliable delivery Average overall.,Delivery
Quick and reliable delivery Average overall.,Delivery
Affordable pricing and good value Not satisfied.,Pricing
The package arrived damaged Not satisfied.,Delivery
The product packaging was damaged Average overall.,Product
The package arrived damaged Highly recommended.,Delivery
Fast delivery service Average overall.,Delivery
Fast delivery service,Delivery
Amazing design and quality Needs improvement.,Product
Support team resolved my issue quickly Will buy again.,Service
Support team was unresponsive Not satisfied.,Service
The product exceeded expectations Will buy again.,Product
Very durable and useful product Average overall.,Product
Support team was unresponsive,Service
Customer care was disappointing Will buy again.,Service
Package arrived on time Excellent experience.,Delivery
Amazing design and quality Highly recommended.,Product
Support team resolved my issue quickly Highly recommended.,Service
The product packaging was damaged Average overall.,Product
Reasonable pricing compared to competitors Needs improvement.,Pricing
Pricing could be better Average overall.,Pricing
The representative was polite Highly recommended.,Service
Amazing design and quality Average overall.,Product
The package arrived damaged Average overall.,Delivery
Poor response from support Not satisfied.,Service
Amazing design and quality Highly recommended.,Product
The representative was polite Needs improvement.,Service
Poor response from support Needs improvement.,Service
The package arrived damaged Will buy again.,Delivery
Great value for money Not satisfied.,Pricing
Package arrived on time Highly recommended.,Delivery
The representative was polite Needs improvement.,Service
The product exceeded expectations Excellent experience.,Product
Discount offers are attractive Average overall.,Pricing
The item stopped working after two days Highly recommended.,Product
The representative was polite Excellent experience.,Service
Price is too high,Pricing
Very durable and useful product Average overall.,Product
Issue resolved professionally Not satisfied.,Service
The package arrived damaged Not satisfied.,Delivery
The package arrived damaged,Delivery
Quick and reliable delivery Highly recommended.,Delivery
Fantastic performance and reliability Excellent experience.,Product
The product exceeded expectations Excellent experience.,Product
Customer service was very helpful Will buy again.,Service
Customer care was disappointing Not satisfied.,Service
Customer service was very helpful Not satisfied.,Service
Amazing design and quality Not satisfied.,Product
The product exceeded expectations,Product
Reasonable pricing compared to competitors Needs improvement.,Pricing
Shipment tracking was inaccurate Excellent experience.,Delivery
Issue resolved professionally Needs improvement.,Service
Reasonable pricing compared to competitors Needs improvement.,Pricing
Great value for money Highly recommended.,Pricing
Price is too high,Pricing
Poor product material Average overall.,Product
Very expensive for the quality Highly recommended.,Pricing
Reasonable pricing compared to competitors Not satisfied.,Pricing
Delivery was very late,Delivery
Poor response from support Not satisfied.,Service
Customer service was very helpful Will buy again.,Service
Delivery experience was smooth Not satisfied.,Delivery
Great value for money,Pricing
The representative was polite Needs improvement.,Service
The courier delayed the order Highly recommended.,Delivery
Affordable pricing and good value Needs improvement.,Pricing
Shipment tracking was inaccurate Not satisfied.,Delivery
Very durable and useful product Average overall.,Product
Delivery experience was smooth Highly recommended.,Delivery
Poor product material Highly recommended.,Product
The item stopped working after two days Not satisfied.,Product
Support team resolved my issue quickly Will buy again.,Service
Support team was unresponsive Not satisfied.,Service
The product is overpriced Not satisfied.,Pricing
The product is overpriced Needs improvement.,Pricing
Affordable pricing and good value Excellent experience.,Pricing
Discount offers are attractive Will buy again.,Pricing
Quick and reliable delivery,Delivery
Customer service was very helpful Excellent experience.,Service
Very durable and useful product,Product
The product is overpriced,Pricing
Poor product material,Product
The product exceeded expectations Average overall.,Product
Very expensive for the quality Not satisfied.,Pricing
Pricing could be better Needs improvement.,Pricing
Customer care was disappointing Average overall.,Service
Support team was unresponsive Not satisfied.,Service
Fantastic performance and reliability Highly recommended.,Product
The package arrived damaged Not satisfied.,Delivery
Customer care was disappointing Excellent experience.,Service
Affordable pricing and good value Not satisfied.,Pricing
Price is too high Will buy again.,Pricing
Affordable pricing and good value Not satisfied.,Pricing
Package arrived on time Will buy again.,Delivery
The product is overpriced Needs improvement.,Pricing
Issue resolved professionally Will buy again.,Service
Excellent service experience Excellent experience.,Service
Support team resolved my issue quickly Average overall.,Service
Excellent service experience Needs improvement.,Service
The product quality is excellent Will buy again.,Product
The item stopped working after two days Excellent experience.,Product
The product exceeded expectations Will buy again.,Product
The package arrived damaged Needs improvement.,Delivery
Delivery experience was smooth Will buy again.,Delivery
Customer care was disappointing Needs improvement.,Service
The courier delayed the order,Delivery
The package arrived damaged Not satisfied.,Delivery
Discount offers are attractive Needs improvement.,Pricing
Customer care was disappointing Excellent experience.,Service
The product is overpriced Highly recommended.,Pricing
Delivery experience was smooth Highly recommended.,Delivery
The courier delayed the order Needs improvement.,Delivery
The product packaging was damaged Excellent experience.,Product
Package arrived on time Highly recommended.,Delivery
Shipment tracking was inaccurate Needs improvement.,Delivery
Amazing design and quality Highly recommended.,Product
The item stopped working after two days Highly recommended.,Product
Amazing design and quality,Product
Quick and reliable delivery Needs improvement.,Delivery
Great value for money Needs improvement.,Pricing
Delivery experience was smooth Average overall.,Delivery
Support team was unresponsive Will buy again.,Service
The product quality is excellent,Product
Very expensive for the quality Highly recommended.,Pricing
The representative was polite Not satisfied.,Service
Very durable and useful product Excellent experience.,Product
Delivery experience was smooth Will buy again.,Delivery
The product is overpriced Will buy again.,Pricing
Excellent service experience Will buy again.,Service
The courier delayed the order Needs improvement.,Delivery
The package arrived damaged Not satisfied.,Delivery
The product is overpriced,Pricing
The product packaging was damaged Will buy again.,Product
Poor product material,Product
Support team was unresponsive Needs improvement.,Service
The product is overpriced,Pricing
The package arrived damaged Needs improvement.,Delivery
The package arrived damaged,Delivery
Delivery experience was smooth Average overall.,Delivery
Customer service was very helpful Excellent experience.,Service
The product quality is excellent Average overall.,Product
Support team was unresponsive Needs improvement.,Service
The item stopped working after two days,Product
Fantastic performance and reliability Needs improvement.,Product
Shipment tracking was inaccurate Average overall.,Delivery
Package arrived on time Needs improvement.,Delivery
Delivery was very late Highly recommended.,Delivery
Fast delivery service Will buy again.,Delivery
Shipment tracking was inaccurate Average overall.,Delivery
The courier delayed the order Excellent experience.,Delivery
The product packaging was damaged Highly recommended.,Product
Customer service was very helpful Highly recommended.,Service
Delivery experience was smooth Excellent experience.,Delivery
The product packaging was damaged,Product
The product packaging was damaged Will buy again.,Product
The product packaging was damaged Highly recommended.,Product
Very expensive for the quality Needs improvement.,Pricing
The representative was polite Average overall.,Service
Issue resolved professionally Highly recommended.,Service
The item stopped working after two days Not satisfied.,Product
Very durable and useful product Excellent experience.,Product
Delivery was very late Will buy again.,Delivery
The product exceeded expectations Excellent experience.,Product
The product packaging was damaged Needs improvement.,Product
The product exceeded expectations Needs improvement.,Product
Fantastic performance and reliability Not satisfied.,Product
Fantastic performance and reliability Highly recommended.,Product
Reasonable pricing compared to competitors Highly recommended.,Pricing
Affordable pricing and good value Highly recommended.,Pricing
Very expensive for the quality Highly recommended.,Pricing
Affordable pricing and good value Not satisfied.,Pricing
The courier delayed the order,Delivery
Poor product material Highly recommended.,Product
Customer care was disappointing,Service
The product exceeded expectations Not satisfied.,Product
Delivery was very late Will buy again.,Delivery
Affordable pricing and good value Will buy again.,Pricing
Discount offers are attractive Needs improvement.,Pricing
Delivery was very late Will buy again.,Delivery
Delivery was very late Excellent experience.,Delivery
The product packaging was damaged Will buy again.,Product
Package arrived on time Average overall.,Delivery
Very expensive for the quality Needs improvement.,Pricing
Delivery experience was smooth Not satisfied.,Delivery
Discount offers are attractive Not satisfied.,Pricing
The courier delayed the order Excellent experience.,Delivery
The product exceeded expectations Needs improvement.,Product
Issue resolved professionally Average overall.,Service
Excellent service experience Will buy again.,Service
Package arrived on time Will buy again.,Delivery
The product exceeded expectations Needs improvement.,Product
Customer care was disappointing Not satisfied.,Service
Shipment tracking was inaccurate Needs improvement.,Delivery
Customer care was disappointing Not satisfied.,Service
Package arrived on time Highly recommended.,Delivery
Affordable pricing and good value Will buy again.,Pricing
Fantastic performance and reliability Average overall.,Product
The package arrived damaged Highly recommended.,Delivery
Package arrived on time Excellent experience.,Delivery
Poor product material Not satisfied.,Product
The package arrived damaged Needs improvement.,Delivery
Support team was unresponsive Needs improvement.,Service
Support team resolved my issue quickly Excellent experience.,Service
The representative was polite Needs improvement.,Service
Price is too high Needs improvement.,Pricing
Pricing could be better Excellent experience.,Pricing
The package arrived damaged,Delivery
Fast delivery service,Delivery
Amazing design and quality Will buy again.,Product
Poor response from support Highly recommended.,Service
Delivery was very late Will buy again.,Delivery
Customer service was very helpful Not satisfied.,Service
Delivery was very late,Delivery
Amazing design and quality Highly recommended.,Product
Excellent service experience,Service
The product is overpriced Not satisfied.,Pricing
Affordable pricing and good value Will buy again.,Pricing
Customer care was disappointing Excellent experience.,Service
Issue resolved professionally Excellent experience.,Service
The representative was polite Average overall.,Service
Amazing design and quality Highly recommended.,Product
Price is too high Highly recommended.,Pricing
Very durable and useful product Highly recommended.,Product
The item stopped working after two days Average overall.,Product
Price is too high Needs improvement.,Pricing
Customer service was very helpful Needs improvement.,Service
Affordable pricing and good value Average overall.,Pricing
Very durable and useful product,Product
Poor response from support Needs improvement.,Service
Issue resolved professionally Excellent experience.,Service
The product quality is excellent Excellent experience.,Product
The item stopped working after two days Average overall.,Product
Delivery experience was smooth Needs improvement.,Delivery
Pricing could be better,Pricing
The product packaging was damaged Not satisfied.,Product
Poor response from support Excellent experience.,Service
Delivery experience was smooth Highly recommended.,Delivery
The courier delayed the order,Delivery
Price is too high,Pricing
Quick and reliable delivery,Delivery
Very durable and useful product Average overall.,Product
The product exceeded expectations Average overall.,Product
Amazing design and quality Not satisfied.,Product
Delivery experience was smooth Needs improvement.,Delivery
Delivery experience was smooth Excellent experience.,Delivery
The product exceeded expectations Needs improvement.,Product
The item stopped working after two days,Product
The courier delayed the order Will buy again.,Delivery
Customer service was very helpful,Service
The package arrived damaged Needs improvement.,Delivery
Very expensive for the quality,Pricing
Quick and reliable delivery Will buy again.,Delivery
Excellent service experience,Service
The product exceeded expectations,Product
Reasonable pricing compared to competitors Not satisfied.,Pricing
The product is overpriced Will buy again.,Pricing
Delivery was very late Not satisfied.,Delivery
Reasonable pricing compared to competitors,Pricing
Customer service was very helpful Average overall.,Service
Very expensive for the quality Not satisfied.,Pricing
Quick and reliable delivery Excellent experience.,Delivery
The product packaging was damaged Not satisfied.,Product
The product exceeded expectations Needs improvement.,Product
Excellent service experience Not satisfied.,Service
Price is too high Average overall.,Pricing
Customer care was disappointing Will buy again.,Service
Shipment tracking was inaccurate Highly recommended.,Delivery
Price is too high Not satisfied.,Pricing
Very expensive for the quality Excellent experience.,Pricing
Package arrived on time Highly recommended.,Delivery
The product exceeded expectations Excellent experience.,Product
Shipment tracking was inaccurate Average overall.,Delivery
Discount offers are attractive Not satisfied.,Pricing
Customer service was very helpful Average overall.,Service
Amazing design and quality Excellent experience.,Product
Support team was unresponsive Average overall.,Service
Fast delivery service,Delivery
The package arrived damaged Excellent experience.,Delivery
Quick and reliable delivery Highly recommended.,Delivery
Amazing design and quality,Product
The item stopped working after two days Needs improvement.,Product
Very expensive for the quality Excellent experience.,Pricing
Very durable and useful product Excellent experience.,Product
Poor response from support,Service
Very expensive for the quality Average overall.,Pricing
The product is overpriced Needs improvement.,Pricing
Excellent service experience Excellent experience.,Service
Customer care was disappointing Will buy again.,Service
The product exceeded expectations Average overall.,Product
The product is overpriced Needs improvement.,Pricing
Very expensive for the quality,Pricing
Customer care was disappointing Not satisfied.,Service
Delivery was very late Highly recommended.,Delivery
Delivery was very late Needs improvement.,Delivery
Pricing could be better,Pricing
The product quality is excellent Needs improvement.,Product
Excellent service experience Highly recommended.,Service
Poor response from support Average overall.,Service
The representative was polite Highly recommended.,Service
Discount offers are attractive Highly recommended.,Pricing
The product packaging was damaged Excellent experience.,Product
The product packaging was damaged Average overall.,Product
Discount offers are attractive Not satisfied.,Pricing
Pricing could be better Average overall.,Pricing
The representative was polite Will buy again.,Service
Fast delivery service Will buy again.,Delivery
Price is too high,Pricing
Price is too high Highly recommended.,Pricing
The product quality is excellent Needs improvement.,Product
The item stopped working after two days Will buy again.,Product
Poor response from support Average overall.,Service
The package arrived damaged Highly recommended.,Delivery
The product quality is excellent Will buy again.,Product
Customer service was very helpful Needs improvement.,Service
Pricing could be better Needs improvement.,Pricing
The product is overpriced Will buy again.,Pricing
The product quality is excellent Will buy again.,Product
Issue resolved professionally Needs improvement.,Service
Very durable and useful product Needs improvement.,Product
The product is overpriced Excellent experience.,Pricing
Delivery was very late Highly recommended.,Delivery
Pricing could be better Not satisfied.,Pricing
Price is too high Will buy again.,Pricing
Very expensive for the quality Not satisfied.,Pricing
Package arrived on time Not satisfied.,Delivery
Very expensive for the quality Excellent experience.,Pricing
The courier delayed the order Needs improvement.,Delivery
Shipment tracking was inaccurate Not satisfied.,Delivery
Fast delivery service Will buy again.,Delivery
Poor response from support Will buy again.,Service
Fantastic performance and reliability Excellent experience.,Product
Poor product material Will buy again.,Product
Discount offers are attractive Needs improvement.,Pricing
Pricing could be better Not satisfied.,Pricing
Delivery was very late Needs improvement.,Delivery
Very durable and useful product Not satisfied.,Product
Delivery experience was smooth,Delivery
Customer service was very helpful Highly recommended.,Service
Price is too high Excellent experience.,Pricing
Excellent service experience Needs improvement.,Service
Quick and reliable delivery Highly recommended.,Delivery
Shipment tracking was inaccurate Not satisfied.,Delivery
The package arrived damaged Will buy again.,Delivery
Delivery experience was smooth,Delivery
Issue resolved professionally Not satisfied.,Service
Package arrived on time Not satisfied.,Delivery
The product exceeded expectations Highly recommended.,Product
Reasonable pricing compared to competitors,Pricing
Poor product material Not satisfied.,Product
Fast delivery service,Delivery
Affordable pricing and good value,Pricing
Customer care was disappointing Highly recommended.,Service
Shipment tracking was inaccurate,Delivery
Affordable pricing and good value Average overall.,Pricing
The product exceeded expectations Excellent experience.,Product
The product quality is excellent Highly recommended.,Product
The representative was polite Needs improvement.,Service
Very durable and useful product Excellent experience.,Product
Quick and reliable delivery Excellent experience.,Delivery
The courier delayed the order Excellent experience.,Delivery
Great value for money,Pricing
The product packaging was damaged Highly recommended.,Product
Discount offers are attractive Not satisfied.,Pricing
Pricing could be better Not satisfied.,Pricing
The representative was polite Needs improvement.,Service
Very durable and useful product Needs improvement.,Product
Great value for money Highly recommended.,Pricing
Poor product material Excellent experience.,Product
Customer care was disappointing,Service
Very durable and useful product,Product
Quick and reliable delivery Needs improvement.,Delivery
The representative was polite Average overall.,Service
Customer care was disappointing Highly recommended.,Service
Support team resolved my issue quickly Will buy again.,Service
Very durable and useful product,Product
Issue resolved professionally Highly recommended.,Service
The item stopped working after two days Highly recommended.,Product
Delivery was very late Highly recommended.,Delivery
Quick and reliable delivery Will buy again.,Delivery
The representative was polite Excellent experience.,Service
Affordable pricing and good value Needs improvement.,Pricing
Delivery experience was smooth Not satisfied.,Delivery
Fantastic performance and reliability Excellent experience.,Product
Package arrived on time Average overall.,Delivery
The courier delayed the order Will buy again.,Delivery
The product exceeded expectations,Product
The package arrived damaged Will buy again.,Delivery
Support team resolved my issue quickly Highly recommended.,Service
Shipment tracking was inaccurate Not satisfied.,Delivery
Very durable and useful product Will buy again.,Product
The product is overpriced Needs improvement.,Pricing
Shipment tracking was inaccurate,Delivery
Reasonable pricing compared to competitors Needs improvement.,Pricing
Issue resolved professionally Excellent experience.,Service
Excellent service experience Not satisfied.,Service
Amazing design and quality,Product
The item stopped working after two days Not satisfied.,Product
Poor response from support Average overall.,Service
Discount offers are attractive Highly recommended.,Pricing
Fantastic performance and reliability Average overall.,Product
Fantastic performance and reliability Excellent experience.,Product
Excellent service experience Highly recommended.,Service
The package arrived damaged Not satisfied.,Delivery
The product packaging was damaged Excellent experience.,Product
Delivery was very late Highly recommended.,Delivery
Discount offers are attractive Not satisfied.,Pricing
Fast delivery service Excellent experience.,Delivery
The product exceeded expectations Highly recommended.,Product
Fantastic performance and reliability Needs improvement.,Product
The representative was polite Excellent experience.,Service
Shipment tracking was inaccurate Will buy again.,Delivery
Poor product material Needs improvement.,Product
Package arrived on time Needs improvement.,Delivery
The representative was polite,Service
Customer care was disappointing Will buy again.,Service
Customer service was very helpful Highly recommended.,Service
The item stopped working after two days Highly recommended.,Product
The product packaging was damaged Not satisfied.,Product
Very expensive for the quality,Pricing
Excellent service experience Needs improvement.,Service
The item stopped working after two days Excellent experience.,Product
Affordable pricing and good value Will buy again.,Pricing
Price is too high Not satisfied.,Pricing
Delivery experience was smooth Excellent experience.,Delivery
Support team was unresponsive,Service
The package arrived damaged Needs improvement.,Delivery
Excellent service experience Excellent experience.,Service
Price is too high Highly recommended.,Pricing
Affordable pricing and good value Will buy again.,Pricing
Fantastic performance and reliability,Product
Poor product material Average overall.,Product
The representative was polite Not satisfied.,Service
Issue resolved professionally Highly recommended.,Service
The product exceeded expectations Average overall.,Product
The product quality is excellent Needs improvement.,Product
Fantastic performance and reliability Highly recommended.,Product
Customer service was very helpful Will buy again.,Service
Poor response from support Will buy again.,Service
Reasonable pricing compared to competitors Excellent experience.,Pricing
Affordable pricing and good value,Pricing
Customer care was disappointing Excellent experience.,Service
The product exceeded expectations Not satisfied.,Product
Customer service was very helpful,Service
Support team was unresponsive Average overall.,Service
Great value for money Will buy again.,Pricing
Discount offers are attractive,Pricing
Reasonable pricing compared to competitors Average overall.,Pricing
Shipment tracking was inaccurate Not satisfied.,Delivery
The courier delayed the order,Delivery
Customer service was very helpful Average overall.,Service
Amazing design and quality Will buy again.,Product
The item stopped working after two days Will buy again.,Product
Customer care was disappointing Will buy again.,Service
Package arrived on time Excellent experience.,Delivery
Very durable and useful product Needs improvement.,Product
Customer service was very helpful,Service
Reasonable pricing compared to competitors Excellent experience.,Pricing
Reasonable pricing compared to competitors Excellent experience.,Pricing
The product is overpriced Excellent experience.,Pricing
Great value for money Needs improvement.,Pricing
Fantastic performance and reliability Excellent experience.,Product
Poor product material Will buy again.,Product
Excellent service experience Not satisfied.,Service
Price is too high Will buy again.,Pricing
Excellent service experience Not satisfied.,Service
The package arrived damaged Not satisfied.,Delivery
Quick and reliable delivery,Delivery
Delivery experience was smooth Needs improvement.,Delivery
The product packaging was damaged,Product
Great value for money Excellent experience.,Pricing
Support team was unresponsive,Service
Delivery was very late Average overall.,Delivery
Customer service was very helpful Will buy again.,Service
Delivery was very late Needs improvement.,Delivery
Quick and reliable delivery Not satisfied.,Delivery
The package arrived damaged,Delivery
Issue resolved professionally Needs improvement.,Service
Fast delivery service Highly recommended.,Delivery
Support team was unresponsive Excellent experience.,Service
Poor product material Not satisfied.,Product
The package arrived damaged Highly recommended.,Delivery
Fast delivery service Excellent experience.,Delivery
Delivery experience was smooth,Delivery
The representative was polite Average overall.,Service
Support team was unresponsive Highly recommended.,Service
The product quality is excellent,Product
The product exceeded expectations Highly recommended.,Product
Delivery experience was smooth Not satisfied.,Delivery
Shipment tracking was inaccurate Highly recommended.,Delivery
Discount offers are attractive Needs improvement.,Pricing
Issue resolved professionally Needs improvement.,Service
Very expensive for the quality Not satisfied.,Pricing
Excellent service experience,Service
Shipment tracking was inaccurate Not satisfied.,Delivery
The product is overpriced Not satisfied.,Pricing
Delivery was very late Needs improvement.,Delivery
Shipment tracking was inaccurate Not satisfied.,Delivery
Very expensive for the quality Highly recommended.,Pricing
Very durable and useful product Highly recommended.,Product
Support team was unresponsive Highly recommended.,Service
Very expensive for the quality,Pricing
Delivery experience was smooth Not satisfied.,Delivery
Reasonable pricing compared to competitors Highly recommended.,Pricing
Package arrived on time Will buy again.,Delivery
Great value for money Highly recommended.,Pricing
Great value for money Highly recommended.,Pricing
Delivery was very late Not satisfied.,Delivery
Price is too high Needs improvement.,Pricing
Discount offers are attractive Highly recommended.,Pricing
Support team was unresponsive,Service
The item stopped working after two days Excellent experience.,Product
Customer service was very helpful Will buy again.,Service
Excellent service experience Highly recommended.,Service
Fantastic performance and reliability Excellent experience.,Product
The representative was polite Needs improvement.,Service
Shipment tracking was inaccurate Not satisfied.,Delivery
Affordable pricing and good value Excellent experience.,Pricing
Customer service was very helpful Excellent experience.,Service
Customer care was disappointing Needs improvement.,Service
The courier delayed the order,Delivery
Fast delivery service Highly recommended.,Delivery
Price is too high Not satisfied.,Pricing
Customer care was disappointing Highly recommended.,Service
Very durable and useful product Excellent experience.,Product
The representative was polite Not satisfied.,Service
Affordable pricing and good value,Pricing
Poor response from support Not satisfied.,Service
Shipment tracking was inaccurate Excellent experience.,Delivery
The representative was polite Excellent experience.,Service
Very durable and useful product Highly recommended.,Product
Package arrived on time Not satisfied.,Delivery
Reasonable pricing compared to competitors Needs improvement.,Pricing
Poor product material Will buy again.,Product
The product is overpriced Needs improvement.,Pricing
Affordable pricing and good value,Pricing
Very durable and useful product,Product
Delivery was very late Highly recommended.,Delivery
The package arrived damaged Needs improvement.,Delivery
Poor product material,Product
Poor response from support Highly recommended.,Service
Customer care was disappointing Will buy again.,Service
Very durable and useful product,Product
Package arrived on time Not satisfied.,Delivery
Support team was unresponsive Will buy again.,Service
The item stopped working after two days Average overall.,Product
Very expensive for the quality Will buy again.,Pricing
The item stopped working after two days Needs improvement.,Product
Excellent service experience Average overall.,Service
The item stopped working after two days Not satisfied.,Product
Great value for money Excellent experience.,Pricing
The package arrived damaged Highly recommended.,Delivery
Support team was unresponsive Not satisfied.,Service
Pricing could be better Average overall.,Pricing
Amazing design and quality Average overall.,Product
Excellent service experience Will buy again.,Service
Reasonable pricing compared to competitors Needs improvement.,Pricing
Very durable and useful product Highly recommended.,Product
Pricing could be better Excellent experience.,Pricing
The item stopped working after two days,Product
Pricing could be better Excellent experience.,Pricing
Amazing design and quality Average overall.,Product
The product packaging was damaged Highly recommended.,Product
Very expensive for the quality Will buy again.,Pricing
Package arrived on time Excellent experience.,Delivery
The item stopped working after two days Excellent experience.,Product
Support team was unresponsive,Service
Poor product material Not satisfied.,Product
Delivery experience was smooth Will buy again.,Delivery
Issue resolved professionally Not satisfied.,Service
Delivery experience was smooth Average overall.,Delivery
Fantastic performance and reliability Not satisfied.,Product
Delivery experience was smooth Not satisfied.,Delivery
Great value for money Will buy again.,Pricing
Quick and reliable delivery Excellent experience.,Delivery
The product packaging was damaged Will buy again.,Product
Great value for money Will buy again.,Pricing
Amazing design and quality Average overall.,Product
Poor product material,Product
The product exceeded expectations Will buy again.,Product
Great value for money Will buy again.,Pricing
Great value for money Will buy again.,Pricing
Great value for money Excellent experience.,Pricing
Support team was unresponsive Highly recommended.,Service
Discount offers are attractive Excellent experience.,Pricing
Amazing design and quality,Product
Reasonable pricing compared to competitors Needs improvement.,Pricing
The package arrived damaged Not satisfied.,Delivery
Reasonable pricing compared to competitors Needs improvement.,Pricing
Issue resolved professionally Will buy again.,Service
Issue resolved professionally,Service
Discount offers are attractive Not satisfied.,Pricing
The representative was polite Average overall.,Service
Pricing could be better Will buy again.,Pricing
Great value for money Will buy again.,Pricing
Delivery was very late Needs improvement.,Delivery
Amazing design and quality Highly recommended.,Product
Affordable pricing and good value Excellent experience.,Pricing
Support team resolved my issue quickly,Service
The representative was polite Highly recommended.,Service
Issue resolved professionally Excellent experience.,Service
Amazing design and quality Will buy again.,Product
The product packaging was damaged Not satisfied.,Product
Delivery was very late,Delivery
Fast delivery service Highly recommended.,Delivery
Issue resolved professionally Will buy again.,Service
Fast delivery service Highly recommended.,Delivery
Quick and reliable delivery Highly recommended.,Delivery
Great value for money Needs improvement.,Pricing
Poor product material Will buy again.,Product
Shipment tracking was inaccurate Not satisfied.,Delivery
Package arrived on time Highly recommended.,Delivery
Quick and reliable delivery Highly recommended.,Delivery
Very durable and useful product Average overall.,Product
Poor response from support Excellent experience.,Service
Price is too high Needs improvement.,Pricing
Issue resolved professionally Needs improvement.,Service
Fast delivery service Highly recommended.,Delivery
Very durable and useful product,Product
Very durable and useful product Needs improvement.,Product
The product exceeded expectations Not satisfied.,Product
The courier delayed the order Will buy again.,Delivery
Support team resolved my issue quickly Not satisfied.,Service
The product exceeded expectations Not satisfied.,Product
Fast delivery service Needs improvement.,Delivery
The product quality is excellent Average overall.,Product
The representative was polite,Service
Very durable and useful product Excellent experience.,Product
Shipment tracking was inaccurate,Delivery
Issue resolved professionally Average overall.,Service
Amazing design and quality,Product
The product exceeded expectations Needs improvement.,Product
Very expensive for the quality Not satisfied.,Pricing
The package arrived damaged Not satisfied.,Delivery
The item stopped working after two days Not satisfied.,Product
Affordable pricing and good value Highly recommended.,Pricing
Delivery was very late Needs improvement.,Delivery
Great value for money Will buy again.,Pricing
Price is too high Average overall.,Pricing
Quick and reliable delivery Needs improvement.,Delivery
Support team was unresponsive Excellent experience.,Service
Support team resolved my issue quickly Average overall.,Service
Poor product material Average overall.,Product
Reasonable pricing compared to competitors Highly recommended.,Pricing
The item stopped working after two days,Product
Customer care was disappointing Average overall.,Service
Delivery was very late Average overall.,Delivery
Excellent service experience Needs improvement.,Service
Price is too high,Pricing
Issue resolved professionally Will buy again.,Service
Support team was unresponsive Highly recommended.,Service
The courier delayed the order Not satisfied.,Delivery
Issue resolved professionally Excellent experience.,Service
Customer service was very helpful Average overall.,Service
The product packaging was damaged Not satisfied.,Product
Support team resolved my issue quickly Not satisfied.,Service
The product packaging was damaged Highly recommended.,Product
Price is too high Not satisfied.,Pricing
Delivery was very late Needs improvement.,Delivery
The courier delayed the order Needs improvement.,Delivery
Poor product material,Product
Delivery experience was smooth Not satisfied.,Delivery
Excellent service experience Needs improvement.,Service
Reasonable pricing compared to competitors Not satisfied.,Pricing
Excellent service experience Average overall.,Service
Issue resolved professionally Excellent experience.,Service
Price is too high Not satisfied.,Pricing
Amazing design and quality Average overall.,Product
Support team resolved my issue quickly Not satisfied.,Service
Package arrived on time Average overall.,Delivery
The courier delayed the order Needs improvement.,Delivery
Fast delivery service Will buy again.,Delivery
Customer care was disappointing,Service
Quick and reliable delivery Not satisfied.,Delivery
The courier delayed the order Will buy again.,Delivery
Affordable pricing and good value,Pricing
Fantastic performance and reliability Not satisfied.,Product
Poor response from support Not satisfied.,Service
Amazing design and quality Will buy again.,Product
Support team resolved my issue quickly Will buy again.,Service
Pricing could be better,Pricing
Customer service was very helpful Not satisfied.,Service
Package arrived on time,Delivery
Poor product material Will buy again.,Product
Very expensive for the quality,Pricing
Very expensive for the quality Highly recommended.,Pricing
Quick and reliable delivery,Delivery
Delivery was very late Average overall.,Delivery
Customer service was very helpful Highly recommended.,Service
Very expensive for the quality Highly recommended.,Pricing
Support team resolved my issue quickly Needs improvement.,Service
Amazing design and quality Highly recommended.,Product
The product exceeded expectations Highly recommended.,Product
Price is too high Not satisfied.,Pricing
Amazing design and quality Excellent experience.,Product
Customer service was very helpful Highly recommended.,Service
The courier delayed the order Not satisfied.,Delivery
The item stopped working after two days Average overall.,Product
The representative was polite Not satisfied.,Service
The item stopped working after two days Will buy again.,Product
The item stopped working after two days,Product
Customer service was very helpful Not satisfied.,Service
Fantastic performance and reliability Highly recommended.,Product
Poor response from support Excellent experience.,Service
Poor product material Highly recommended.,Product
Affordable pricing and good value Not satisfied.,Pricing
Amazing design and quality Not satisfied.,Product
Delivery experience was smooth Needs improvement.,Delivery
The product packaging was damaged Needs improvement.,Product
Pricing could be better Average overall.,Pricing
Customer care was disappointing Average overall.,Service
The courier delayed the order Needs improvement.,Delivery
Customer service was very helpful Needs improvement.,Service
Quick and reliable delivery Needs improvement.,Delivery
Package arrived on time Will buy again.,Delivery
The courier delayed the order Highly recommended.,Delivery
Excellent service experience Will buy again.,Service
Delivery was very late Will buy again.,Delivery
Delivery experience was smooth Needs improvement.,Delivery
Fantastic performance and reliability Excellent experience.,Product
Great value for money Will buy again.,Pricing
Discount offers are attractive Average overall.,Pricing
Great value for money Not satisfied.,Pricing
Poor product material Needs improvement.,Product
The courier delayed the order Will buy again.,Delivery
Fast delivery service Needs improvement.,Delivery
Very durable and useful product Average overall.,Product
Price is too high Average overall.,Pricing
Issue resolved professionally Needs improvement.,Service
Package arrived on time Excellent experience.,Delivery
The item stopped working after two days Will buy again.,Product
Customer care was disappointing Excellent experience.,Service
Customer care was disappointing,Service
Delivery experience was smooth Not satisfied.,Delivery
Fantastic performance and reliability Excellent experience.,Product
Fast delivery service Average overall.,Delivery
Discount offers are attractive Average overall.,Pricing
Fantastic performance and reliability Highly recommended.,Product
Customer care was disappointing Average overall.,Service
Delivery experience was smooth Will buy again.,Delivery
Affordable pricing and good value Not satisfied.,Pricing
Discount offers are attractive Excellent experience.,Pricing
Discount offers are attractive Will buy again.,Pricing
Poor product material Not satisfied.,Product
Amazing design and quality Will buy again.,Product
Affordable pricing and good value Average overall.,Pricing
The item stopped working after two days Excellent experience.,Product
Poor product material Will buy again.,Product
Pricing could be better,Pricing
The item stopped working after two days,Product
The product is overpriced Needs improvement.,Pricing
The product is overpriced Highly recommended.,Pricing
Discount offers are attractive Not satisfied.,Pricing
Fast delivery service Will buy again.,Delivery
Reasonable pricing compared to competitors Highly recommended.,Pricing
Amazing design and quality Highly recommended.,Product
Fast delivery service Needs improvement.,Delivery
The product quality is excellent,Product
Affordable pricing and good value,Pricing
Great value for money Highly recommended.,Pricing
Reasonable pricing compared to competitors Not satisfied.,Pricing
Pricing could be better Not satisfied.,Pricing
The product exceeded expectations Will buy again.,Product
Price is too high Highly recommended.,Pricing
Pricing could be better Needs improvement.,Pricing
Support team resolved my issue quickly Will buy again.,Service
The product is overpriced Will buy again.,Pricing
Price is too high Highly recommended.,Pricing
Reasonable pricing compared to competitors Highly recommended.,Pricing
Excellent service experience Needs improvement.,Service
Reasonable pricing compared to competitors Will buy again.,Pricing
Fantastic performance and reliability Average overall.,Product
Very durable and useful product Will buy again.,Product
Quick and reliable delivery Will buy again.,Delivery
Pricing could be better Excellent experience.,Pricing
Amazing design and quality Highly recommended.,Product
Customer service was very helpful Not satisfied.,Service
The product quality is excellent Average overall.,Product
Issue resolved professionally Excellent experience.,Service
Customer care was disappointing Highly recommended.,Service
Reasonable pricing compared to competitors Average overall.,Pricing
Poor product material Highly recommended.,Product
The representative was polite Will buy again.,Service
The product quality is excellent Will buy again.,Product
Shipment tracking was inaccurate Not satisfied.,Delivery
The courier delayed the order Highly recommended.,Delivery
The product quality is excellent Needs improvement.,Product
Support team resolved my issue quickly Needs improvement.,Service
Pricing could be better Highly recommended.,Pricing
The product is overpriced Excellent experience.,Pricing
The product quality is excellent Not satisfied.,Product
Affordable pricing and good value Not satisfied.,Pricing
Very expensive for the quality Will buy again.,Pricing
Customer service was very helpful Average overall.,Service
Great value for money Needs improvement.,Pricing
Fantastic performance and reliability Will buy again.,Product
Customer service was very helpful Excellent experience.,Service
Very expensive for the quality Not satisfied.,Pricing
Discount offers are attractive,Pricing
Amazing design and quality,Product
The product is overpriced Average overall.,Pricing
Customer care was disappointing,Service
Support team was unresponsive Average overall.,Service
Delivery was very late Not satisfied.,Delivery
Quick and reliable delivery,Delivery
The representative was polite Average overall.,Service
Amazing design and quality,Product
Customer service was very helpful Excellent experience.,Service
Fantastic performance and reliability,Product
The item stopped working after two days Will buy again.,Product
The product quality is excellent Will buy again.,Product
Poor product material Needs improvement.,Product
Affordable pricing and good value Excellent experience.,Pricing
Fantastic performance and reliability,Product
The product exceeded expectations Average overall.,Product
Pricing could be better Average overall.,Pricing
The product packaging was damaged Not satisfied.,Product
The product packaging was damaged Excellent experience.,Product
Very expensive for the quality Excellent experience.,Pricing
Package arrived on time Highly recommended.,Delivery
Poor product material Needs improvement.,Product
Pricing could be better Excellent experience.,Pricing
Customer care was disappointing,Service
Support team resolved my issue quickly Average overall.,Service
Fantastic performance and reliability Excellent experience.,Product
Issue resolved professionally Will buy again.,Service
The package arrived damaged Highly recommended.,Delivery
Very durable and useful product Average overall.,Product
Delivery was very late Excellent experience.,Delivery
The product exceeded expectations Highly recommended.,Product
The product is overpriced Needs improvement.,Pricing
Customer care was disappointing Needs improvement.,Service
Delivery was very late Excellent experience.,Delivery
The product quality is excellent Not satisfied.,Product
The product is overpriced Excellent experience.,Pricing
Package arrived on time Average overall.,Delivery
Very expensive for the quality Highly recommended.,Pricing
The courier delayed the order Average overall.,Delivery
Price is too high Needs improvement.,Pricing
The product exceeded expectations Will buy again.,Product
Quick and reliable delivery Needs improvement.,Delivery
Poor product material Not satisfied.,Product
Affordable pricing and good value Average overall.,Pricing
The courier delayed the order Will buy again.,Delivery
The product packaging was damaged Average overall.,Product
Pricing could be better,Pricing
Delivery experience was smooth Excellent experience.,Delivery
Quick and reliable delivery Will buy again.,Delivery
Affordable pricing and good value Average overall.,Pricing
The product is overpriced Average overall.,Pricing
Excellent service experience Needs improvement.,Service
Delivery was very late Will buy again.,Delivery
Delivery experience was smooth Not satisfied.,Delivery
Price is too high Excellent experience.,Pricing
Support team was unresponsive Highly recommended.,Service
Very durable and useful product Not satisfied.,Product
Affordable pricing and good value Highly recommended.,Pricing
Fast delivery service Highly recommended.,Delivery
Great value for money Not satisfied.,Pricing
Very expensive for the quality Average overall.,Pricing
Shipment tracking was inaccurate,Delivery
Excellent service experience Highly recommended.,Service
The product exceeded expectations Excellent experience.,Product
Support team was unresponsive Excellent experience.,Service
The product exceeded expectations Not satisfied.,Product
Amazing design and quality Will buy again.,Product
Issue resolved professionally Highly recommended.,Service
Excellent service experience Will buy again.,Service
The product quality is excellent,Product
Support team was unresponsive,Service
Price is too high,Pricing
The representative was polite,Service
The product packaging was damaged,Product
The courier delayed the order,Delivery
The courier delayed the order Average overall.,Delivery
The product quality is excellent Excellent experience.,Product
Pricing could be better,Pricing
Very durable and useful product Excellent experience.,Product
Fast delivery service Excellent experience.,Delivery
Quick and reliable delivery Highly recommended.,Delivery
Great value for money Highly recommended.,Pricing
Price is too high Needs improvement.,Pricing
Excellent service experience Highly recommended.,Service
The product quality is excellent,Product
The product is overpriced Not satisfied.,Pricing
Support team was unresponsive Not satisfied.,Service
Amazing design and quality Not satisfied.,Product
Customer care was disappointing,Service
Package arrived on time Excellent experience.,Delivery
Customer care was disappointing Highly recommended.,Service
The representative was polite Excellent experience.,Service
Very expensive for the quality Highly recommended.,Pricing
Very durable and useful product Average overall.,Product
Excellent service experience,Service
Support team was unresponsive Needs improvement.,Service
Support team resolved my issue quickly Will buy again.,Service
The package arrived damaged Excellent experience.,Delivery
Package arrived on time Needs improvement.,Delivery
The product packaging was damaged Highly recommended.,Product
Delivery experience was smooth Needs improvement.,Delivery
Package arrived on time Needs improvement.,Delivery
Affordable pricing and good value Average overall.,Pricing
The package arrived damaged Highly recommended.,Delivery
Fast delivery service Average overall.,Delivery
Fantastic performance and reliability Excellent experience.,Product
Quick and reliable delivery Not satisfied.,Delivery
Price is too high Will buy again.,Pricing
Great value for money Will buy again.,Pricing
Support team was unresponsive Needs improvement.,Service
Delivery was very late Highly recommended.,Delivery
Customer service was very helpful,Service
Poor product material Will buy again.,Product
Issue resolved professionally Needs improvement.,Service
Issue resolved professionally Will buy again.,Service
Reasonable pricing compared to competitors,Pricing
The product quality is excellent Not satisfied.,Product
Affordable pricing and good value Will buy again.,Pricing
Support team resolved my issue quickly Highly recommended.,Service
Poor response from support Needs improvement.,Service
Package arrived on time Highly recommended.,Delivery
Customer service was very helpful Excellent experience.,Service
The package arrived damaged Excellent experience.,Delivery
The product quality is excellent Excellent experience.,Product
The representative was polite,Service
Price is too high Will buy again.,Pricing
Excellent service experience Not satisfied.,Service
Fast delivery service Average overall.,Delivery
Fast delivery service Not satisfied.,Delivery
The product quality is excellent Needs improvement.,Product
Support team was unresponsive Highly recommended.,Service
The product is overpriced Highly recommended.,Pricing
Support team was unresponsive Excellent experience.,Service
The product is overpriced,Pricing
Quick and reliable delivery Needs improvement.,Delivery
Quick and reliable delivery Average overall.,Delivery
The product quality is excellent Excellent experience.,Product
Very durable and useful product Needs improvement.,Product
The product packaging was damaged Average overall.,Product
Customer care was disappointing Average overall.,Service
Pricing could be better Average overall.,Pricing
The courier delayed the order Excellent experience.,Delivery
Poor response from support Will buy again.,Service
Excellent service experience Highly recommended.,Service
Excellent service experience Will buy again.,Service
Shipment tracking was inaccurate Average overall.,Delivery
Issue resolved professionally Highly recommended.,Service
Price is too high Needs improvement.,Pricing
Discount offers are attractive Not satisfied.,Pricing
Quick and reliable delivery Needs improvement.,Delivery
The item stopped working after two days Not satisfied.,Product
Quick and reliable delivery Excellent experience.,Delivery
The representative was polite Highly recommended.,Service
The product is overpriced Needs improvement.,Pricing
Pricing could be better Excellent experience.,Pricing
Very expensive for the quality,Pricing
The product packaging was damaged Excellent experience.,Product
The courier delayed the order Excellent experience.,Delivery
The product exceeded expectations Excellent experience.,Product
Customer care was disappointing Not satisfied.,Service
Package arrived on time Excellent experience.,Delivery
Discount offers are attractive Will buy again.,Pricing
Quick and reliable delivery Highly recommended.,Delivery
Delivery was very late Average overall.,Delivery
Very expensive for the quality,Pricing
Very durable and useful product Average overall.,Product
Great value for money Not satisfied.,Pricing
Shipment tracking was inaccurate,Delivery
The item stopped working after two days Excellent experience.,Product
Poor product material Highly recommended.,Product
Discount offers are attractive Will buy again.,Pricing
Quick and reliable delivery Will buy again.,Delivery
The courier delayed the order Excellent experience.,Delivery
The product quality is excellent Not satisfied.,Product
Very durable and useful product Will buy again.,Product
Amazing design and quality Highly recommended.,Product
Poor product material Will buy again.,Product
The product quality is excellent Needs improvement.,Product
Customer care was disappointing Highly recommended.,Service
Affordable pricing and good value Will buy again.,Pricing
Pricing could be better Excellent experience.,Pricing
Fantastic performance and reliability Excellent experience.,Product
Reasonable pricing compared to competitors Needs improvement.,Pricing
Customer care was disappointing Needs improvement.,Service
Support team was unresponsive Needs improvement.,Service
Discount offers are attractive Average overall.,Pricing
Very durable and useful product Not satisfied.,Product
Customer service was very helpful,Service
Affordable pricing and good value,Pricing
Customer care was disappointing Will buy again.,Service
Poor response from support Not satisfied.,Service
Package arrived on time Needs improvement.,Delivery
The package arrived damaged Needs improvement.,Delivery
Great value for money Highly recommended.,Pricing
Package arrived on time Excellent experience.,Delivery
Excellent service experience Will buy again.,Service
The representative was polite Will buy again.,Service
Very expensive for the quality Average overall.,Pricing
Pricing could be better Not satisfied.,Pricing
Price is too high Not satisfied.,Pricing
Customer service was very helpful Average overall.,Service
The product exceeded expectations Will buy again.,Product
Support team was unresponsive Not satisfied.,Service
Poor response from support,Service
The product quality is excellent Will buy again.,Product
Delivery experience was smooth,Delivery
Customer care was disappointing Highly recommended.,Service
Affordable pricing and good value Will buy again.,Pricing
Delivery experience was smooth Average overall.,Delivery
Support team resolved my issue quickly Not satisfied.,Service
Reasonable pricing compared to competitors Average overall.,Pricing
Very expensive for the quality Will buy again.,Pricing
The item stopped working after two days,Product
Customer care was disappointing Not satisfied.,Service
Support team resolved my issue quickly Will buy again.,Service
Shipment tracking was inaccurate Excellent experience.,Delivery
Fast delivery service Not satisfied.,Delivery
Poor response from support Average overall.,Service
Fast delivery service Excellent experience.,Delivery
The package arrived damaged Highly recommended.,Delivery
Excellent service experience Will buy again.,Service
The package arrived damaged Highly recommended.,Delivery
Support team was unresponsive,Service
The product quality is excellent Excellent experience.,Product
Customer care was disappointing Average overall.,Service
Amazing design and quality Will buy again.,Product
Fantastic performance and reliability Highly recommended.,Product
Excellent service experience Needs improvement.,Service
Amazing design and quality Will buy again.,Product
Reasonable pricing compared to competitors Not satisfied.,Pricing
Poor response from support Excellent experience.,Service
Very expensive for the quality Not satisfied.,Pricing
The courier delayed the order Not satisfied.,Delivery
Affordable pricing and good value Not satisfied.,Pricing
Amazing design and quality Not satisfied.,Product
Price is too high,Pricing
Customer service was very helpful Not satisfied.,Service
Delivery was very late Excellent experience.,Delivery
Support team was unresponsive Highly recommended.,Service
Customer care was disappointing Highly recommended.,Service
The product exceeded expectations Average overall.,Product
Delivery experience was smooth Not satisfied.,Delivery
Excellent service experience Needs improvement.,Service
Pricing could be better Highly recommended.,Pricing
Support team was unresponsive Not satisfied.,Service
Package arrived on time Not satisfied.,Delivery
Pricing could be better Highly recommended.,Pricing
Fantastic performance and reliability Will buy again.,Product
The item stopped working after two days,Product
The representative was polite Average overall.,Service
Delivery experience was smooth,Delivery
Delivery was very late Excellent experience.,Delivery
Very expensive for the quality Excellent experience.,Pricing
The package arrived damaged Average overall.,Delivery
Package arrived on time Will buy again.,Delivery
Pricing could be better Needs improvement.,Pricing
Poor response from support Will buy again.,Service
Shipment tracking was inaccurate Excellent experience.,Delivery
Discount offers are attractive,Pricing
The product packaging was damaged Excellent experience.,Product
Price is too high,Pricing
Fast delivery service Highly recommended.,Delivery
Amazing design and quality Not satisfied.,Product
Fast delivery service Excellent experience.,Delivery
Fast delivery service Average overall.,Delivery
Issue resolved professionally Highly recommended.,Service
Delivery was very late Average overall.,Delivery
The item stopped working after two days,Product
Poor response from support,Service
Discount offers are attractive Not satisfied.,Pricing
The courier delayed the order Excellent experience.,Delivery
Delivery experience was smooth,Delivery
Very durable and useful product Highly recommended.,Product
Fantastic performance and reliability Will buy again.,Product
Fast delivery service Excellent experience.,Delivery
Package arrived on time Highly recommended.,Delivery
Quick and reliable delivery Needs improvement.,Delivery
Price is too high Needs improvement.,Pricing
Customer care was disappointing Average overall.,Service
The courier delayed the order Will buy again.,Delivery
The product exceeded expectations Excellent experience.,Product
Discount offers are attractive Highly recommended.,Pricing
Pricing could be better Excellent experience.,Pricing
Support team resolved my issue quickly Average overall.,Service
Quick and reliable delivery Not satisfied.,Delivery
The product packaging was damaged Not satisfied.,Product
Fast delivery service Excellent experience.,Delivery
Support team was unresponsive Average overall.,Service
Great value for money Not satisfied.,Pricing
The item stopped working after two days Excellent experience.,Product
Affordable pricing and good value Average overall.,Pricing
The courier delayed the order Needs improvement.,Delivery
Issue resolved professionally,Service
Shipment tracking was inaccurate,Delivery
Issue resolved professionally Average overall.,Service
Poor product material,Product
Price is too high Average overall.,Pricing
Delivery experience was smooth Will buy again.,Delivery
Package arrived on time,Delivery
Very expensive for the quality Average overall.,Pricing
Customer care was disappointing Excellent experience.,Service
Great value for money Excellent experience.,Pricing
The product is overpriced Not satisfied.,Pricing
Support team was unresponsive Will buy again.,Service
The item stopped working after two days,Product
Fast delivery service Will buy again.,Delivery
Customer care was disappointing Average overall.,Service
The product quality is excellent Needs improvement.,Product
Fantastic performance and reliability Not satisfied.,Product
The courier delayed the order Excellent experience.,Delivery
Quick and reliable delivery Highly recommended.,Delivery
Amazing design and quality Highly recommended.,Product
Poor product material Highly recommended.,Product
Very expensive for the quality Highly recommended.,Pricing
Fast delivery service Average overall.,Delivery
The package arrived damaged Not satisfied.,Delivery
The representative was polite Needs improvement.,Service
Excellent service experience Will buy again.,Service
Delivery was very late Needs improvement.,Delivery
Very expensive for the quality Not satisfied.,Pricing
Excellent service experience Excellent experience.,Service
Very expensive for the quality Not satisfied.,Pricing
Customer service was very helpful Needs improvement.,Service
The representative was polite Highly recommended.,Service
Affordable pricing and good value Highly recommended.,Pricing
The package arrived damaged Not satisfied.,Delivery
Affordable pricing and good value,Pricing
Shipment tracking was inaccurate Not satisfied.,Delivery
Delivery experience was smooth Average overall.,Delivery
Support team resolved my issue quickly Will buy again.,Service
The product exceeded expectations Will buy again.,Product
Delivery was very late,Delivery
Delivery was very late Excellent experience.,Delivery
Delivery experience was smooth Not satisfied.,Delivery
Poor response from support Excellent experience.,Service
The product quality is excellent Average overall.,Product
Poor product material,Product
Delivery was very late Excellent experience.,Delivery
Poor product material Will buy again.,Product
Delivery was very late Highly recommended.,Delivery
Support team resolved my issue quickly Excellent experience.,Service
Package arrived on time Not satisfied.,Delivery
Delivery was very late,Delivery
Price is too high Needs improvement.,Pricing
Very expensive for the quality Highly recommended.,Pricing
The courier delayed the order,Delivery
Price is too high Highly recommended.,Pricing
The package arrived damaged,Delivery
Very expensive for the quality Average overall.,Pricing
Quick and reliable delivery Average overall.,Delivery
The product is overpriced Average overall.,Pricing
Customer service was very helpful Highly recommended.,Service
The product packaging was damaged,Product
The product packaging was damaged Will buy again.,Product
Fast delivery service Will buy again.,Delivery
Delivery was very late Needs improvement.,Delivery
Excellent service experience Highly recommended.,Service
Poor product material Needs improvement.,Product
Quick and reliable delivery Needs improvement.,Delivery
Poor product material Highly recommended.,Product
Quick and reliable delivery Needs improvement.,Delivery
Quick and reliable delivery,Delivery
Fast delivery service Highly recommended.,Delivery
The item stopped working after two days Excellent experience.,Product
Excellent service experience Highly recommended.,Service
Great value for money,Pricing
The item stopped working after two days Excellent experience.,Product
Very durable and useful product,Product
Affordable pricing and good value Highly recommended.,Pricing
Price is too high Will buy again.,Pricing
Support team resolved my issue quickly Needs improvement.,Service
Very expensive for the quality Excellent experience.,Pricing
Amazing design and quality Will buy again.,Product
Delivery experience was smooth,Delivery
Discount offers are attractive Will buy again.,Pricing
Discount offers are attractive Not satisfied.,Pricing
Shipment tracking was inaccurate Will buy again.,Delivery
The product exceeded expectations Needs improvement.,Product
Very expensive for the quality,Pricing
Price is too high Average overall.,Pricing
Great value for money Not satisfied.,Pricing
The item stopped working after two days,Product
The representative was polite Excellent experience.,Service
Poor product material Highly recommended.,Product
Poor product material Will buy again.,Product
Discount offers are attractive Will buy again.,Pricing
The product quality is excellent Average overall.,Product
Very expensive for the quality Will buy again.,Pricing
Fast delivery service Average overall.,Delivery
Affordable pricing and good value Average overall.,Pricing
The item stopped working after two days Not satisfied.,Product
Great value for money Average overall.,Pricing
Support team resolved my issue quickly Will buy again.,Service
The courier delayed the order,Delivery
Support team resolved my issue quickly Average overall.,Service
Poor response from support Not satisfied.,Service
Reasonable pricing compared to competitors Average overall.,Pricing
Shipment tracking was inaccurate Average overall.,Delivery
Great value for money Needs improvement.,Pricing
The product packaging was damaged Needs improvement.,Product
Affordable pricing and good value Highly recommended.,Pricing
Shipment tracking was inaccurate Highly recommended.,Delivery
The product exceeded expectations,Product
Delivery was very late Average overall.,Delivery
Poor response from support,Service
Delivery experience was smooth,Delivery
Customer service was very helpful Excellent experience.,Service
Discount offers are attractive Excellent experience.,Pricing
Fantastic performance and reliability Needs improvement.,Product
Poor product material Highly recommended.,Product
The item stopped working after two days Excellent experience.,Product
Very expensive for the quality Needs improvement.,Pricing
Very durable and useful product Excellent experience.,Product
Very durable and useful product Not satisfied.,Product
Amazing design and quality Needs improvement.,Product
Issue resolved professionally Will buy again.,Service
Shipment tracking was inaccurate Not satisfied.,Delivery
Fantastic performance and reliability Excellent experience.,Product
The representative was polite Not satisfied.,Service
Poor response from support Needs improvement.,Service
Customer care was disappointing Not satisfied.,Service
Package arrived on time Highly recommended.,Delivery
Great value for money,Pricing
Amazing design and quality,Product
Affordable pricing and good value Not satisfied.,Pricing
Poor response from support,Service
Support team resolved my issue quickly Average overall.,Service
Package arrived on time Not satisfied.,Delivery
Delivery experience was smooth Needs improvement.,Delivery
Reasonable pricing compared to competitors Excellent experience.,Pricing
Delivery was very late Excellent experience.,Delivery
Shipment tracking was inaccurate Will buy again.,Delivery
Delivery was very late Highly recommended.,Delivery
The product is overpriced Will buy again.,Pricing
The courier delayed the order Will buy again.,Delivery
Delivery experience was smooth Needs improvement.,Delivery
Price is too high Excellent experience.,Pricing
Delivery was very late Excellent experience.,Delivery
Support team resolved my issue quickly Highly recommended.,Service
Customer service was very helpful Highly recommended.,Service
Excellent service experience Will buy again.,Service
Affordable pricing and good value Excellent experience.,Pricing
Customer care was disappointing Average overall.,Service
Delivery was very late Highly recommended.,Delivery
The courier delayed the order Excellent experience.,Delivery
Poor response from support Average overall.,Service
Delivery experience was smooth Needs improvement.,Delivery
Fantastic performance and reliability,Product
Pricing could be better,Pricing
Great value for money Average overall.,Pricing
Package arrived on time Will buy again.,Delivery
Issue resolved professionally Average overall.,Service
Great value for money Not satisfied.,Pricing
Very expensive for the quality Highly recommended.,Pricing
Shipment tracking was inaccurate Not satisfied.,Delivery
Package arrived on time,Delivery
The courier delayed the order Not satisfied.,Delivery
Shipment tracking was inaccurate Excellent experience.,Delivery
Pricing could be better Average overall.,Pricing
Support team resolved my issue quickly Excellent experience.,Service
Excellent service experience Needs improvement.,Service
Fast delivery service Excellent experience.,Delivery
Excellent service experience Highly recommended.,Service
Shipment tracking was inaccurate Needs improvement.,Delivery
Quick and reliable delivery Excellent experience.,Delivery
Poor product material Highly recommended.,Product
Reasonable pricing compared to competitors Not satisfied.,Pricing
Very durable and useful product Excellent experience.,Product
Issue resolved professionally Needs improvement.,Service
The package arrived damaged Needs improvement.,Delivery
Poor response from support Needs improvement.,Service
The package arrived damaged Not satisfied.,Delivery
Fast delivery service Excellent experience.,Delivery
Price is too high Average overall.,Pricing
The item stopped working after two days,Product
Poor product material Highly recommended.,Product
Customer service was very helpful Average overall.,Service
Customer service was very helpful Needs improvement.,Service
Pricing could be better Highly recommended.,Pricing
The product exceeded expectations Will buy again.,Product
Quick and reliable delivery Needs improvement.,Delivery
Poor response from support,Service
Pricing could be better Highly recommended.,Pricing
The product exceeded expectations Will buy again.,Product
Excellent service experience Excellent experience.,Service
Very expensive for the quality,Pricing
Reasonable pricing compared to competitors Average overall.,Pricing
Very durable and useful product Excellent experience.,Product
Fast delivery service Not satisfied.,Delivery
Fantastic performance and reliability Average overall.,Product
The product exceeded expectations Will buy again.,Product
Poor product material,Product
The item stopped working after two days Highly recommended.,Product
Pricing could be better Excellent experience.,Pricing
The courier delayed the order Will buy again.,Delivery
Poor response from support,Service
The product exceeded expectations Needs improvement.,Product
The representative was polite Needs improvement.,Service
Amazing design and quality Needs improvement.,Product
Package arrived on time Excellent experience.,Delivery
The item stopped working after two days Excellent experience.,Product
The product is overpriced Will buy again.,Pricing
Poor product material Needs improvement.,Product
Delivery experience was smooth Excellent experience.,Delivery
Customer care was disappointing Excellent experience.,Service
Very durable and useful product Needs improvement.,Product
Fast delivery service Will buy again.,Delivery
Excellent service experience Not satisfied.,Service
Pricing could be better Not satisfied.,Pricing
Amazing design and quality Highly recommended.,Product
Support team resolved my issue quickly Average overall.,Service
Quick and reliable delivery Not satisfied.,Delivery
Poor response from support,Service
The product exceeded expectations Excellent experience.,Product
Pricing could be better Excellent experience.,Pricing
The representative was polite Will buy again.,Service
Discount offers are attractive Highly recommended.,Pricing
Great value for money Will buy again.,Pricing
Poor response from support Needs improvement.,Service
Reasonable pricing compared to competitors Not satisfied.,Pricing
Issue resolved professionally Average overall.,Service
Customer service was very helpful Will buy again.,Service
Discount offers are attractive Needs improvement.,Pricing
Customer service was very helpful,Service
The package arrived damaged Not satisfied.,Delivery
Shipment tracking was inaccurate Needs improvement.,Delivery
Issue resolved professionally Average overall.,Service
Reasonable pricing compared to competitors Not satisfied.,Pricing
The product quality is excellent Excellent experience.,Product
Very durable and useful product,Product
Excellent service experience Highly recommended.,Service
Issue resolved professionally Not satisfied.,Service
The courier delayed the order Excellent experience.,Delivery
The item stopped working after two days Will buy again.,Product
The package arrived damaged Highly recommended.,Delivery
Package arrived on time Needs improvement.,Delivery
Issue resolved professionally Needs improvement.,Service
Fast delivery service Needs improvement.,Delivery
Delivery was very late Average overall.,Delivery
The product exceeded expectations Will buy again.,Product
Shipment tracking was inaccurate Average overall.,Delivery
Support team resolved my issue quickly Average overall.,Service
Poor response from support Will buy again.,Service
Fantastic performance and reliability,Product
Fantastic performance and reliability Highly recommended.,Product
The product is overpriced Excellent experience.,Pricing
Support team was unresponsive Highly recommended.,Service
Great value for money Needs improvement.,Pricing
The package arrived damaged Highly recommended.,Delivery
Support team resolved my issue quickly Excellent experience.,Service
Price is too high Highly recommended.,Pricing
Discount offers are attractive Excellent experience.,Pricing
Fantastic performance and reliability Needs improvement.,Product
Poor response from support Needs improvement.,Service
Quick and reliable delivery,Delivery
Discount offers are attractive Excellent experience.,Pricing
Delivery experience was smooth Average overall.,Delivery
Great value for money,Pricing
Very durable and useful product Needs improvement.,Product
Fantastic performance and reliability Highly recommended.,Product
Shipment tracking was inaccurate Highly recommended.,Delivery
Customer care was disappointing Not satisfied.,Service
The product quality is excellent Needs improvement.,Product
Very durable and useful product,Product
Discount offers are attractive Highly recommended.,Pricing
Discount offers are attractive Needs improvement.,Pricing
Customer service was very helpful Average overall.,Service
Fast delivery service Highly recommended.,Delivery
Delivery experience was smooth Highly recommended.,Delivery
Support team was unresponsive,Service
Delivery experience was smooth Not satisfied.,Delivery
The courier delayed the order Needs improvement.,Delivery
Delivery experience was smooth Average overall.,Delivery
Price is too high Will buy again.,Pricing
Delivery experience was smooth Will buy again.,Delivery
Discount offers are attractive Excellent experience.,Pricing
Very expensive for the quality Not satisfied.,Pricing
The product exceeded expectations Will buy again.,Product
The product quality is excellent Will buy again.,Product
Customer care was disappointing Not satisfied.,Service
Affordable pricing and good value Highly recommended.,Pricing
Package arrived on time Highly recommended.,Delivery
Customer service was very helpful Not satisfied.,Service
Package arrived on time Needs improvement.,Delivery
Issue resolved professionally Needs improvement.,Service
Delivery was very late Excellent experience.,Delivery
Package arrived on time Needs improvement.,Delivery
Price is too high Not satisfied.,Pricing
Pricing could be better Average overall.,Pricing
Fast delivery service Not satisfied.,Delivery
Issue resolved professionally Highly recommended.,Service
Great value for money Average overall.,Pricing
Discount offers are attractive Excellent experience.,Pricing
Quick and reliable delivery,Delivery
Support team was unresponsive Highly recommended.,Service
Discount offers are attractive,Pricing
Great value for money,Pricing
Shipment tracking was inaccurate Will buy again.,Delivery
The product packaging was damaged Average overall.,Product
The product packaging was damaged Excellent experience.,Product
Fantastic performance and reliability Highly recommended.,Product
Pricing could be better Will buy again.,Pricing
Package arrived on time Average overall.,Delivery
The courier delayed the order Average overall.,Delivery
Amazing design and quality Average overall.,Product
Very expensive for the quality Not satisfied.,Pricing
Poor response from support Needs improvement.,Service
Pricing could be better Will buy again.,Pricing
The courier delayed the order Needs improvement.,Delivery
Very expensive for the quality,Pricing
The package arrived damaged Will buy again.,Delivery
Issue resolved professionally Not satisfied.,Service
The courier delayed the order Not satisfied.,Delivery
Issue resolved professionally Highly recommended.,Service
Poor product material Will buy again.,Product
Great value for money,Pricing
Delivery was very late Average overall.,Delivery
Support team resolved my issue quickly Needs improvement.,Service
Excellent service experience Needs improvement.,Service
Pricing could be better Will buy again.,Pricing
Customer care was disappointing Excellent experience.,Service
Package arrived on time Excellent experience.,Delivery
The product packaging was damaged Needs improvement.,Product
Delivery experience was smooth Will buy again.,Delivery
Delivery was very late Highly recommended.,Delivery
Support team was unresponsive Needs improvement.,Service
The package arrived damaged Highly recommended.,Delivery
Excellent service experience,Service
Quick and reliable delivery Needs improvement.,Delivery
Great value for money Average overall.,Pricing
Reasonable pricing compared to competitors Average overall.,Pricing
Delivery was very late Average overall.,Delivery
Price is too high Average overall.,Pricing
Excellent service experience Not satisfied.,Service
Delivery experience was smooth Will buy again.,Delivery
Amazing design and quality Needs improvement.,Product
Very expensive for the quality Not satisfied.,Pricing
Amazing design and quality Excellent experience.,Product
Delivery experience was smooth Highly recommended.,Delivery
The representative was polite Average overall.,Service
Customer service was very helpful Needs improvement.,Service
Affordable pricing and good value Excellent experience.,Pricing
Customer service was very helpful Highly recommended.,Service
Quick and reliable delivery,Delivery
Customer service was very helpful Will buy again.,Service
The representative was polite,Service
Support team was unresponsive Not satisfied.,Service
Very expensive for the quality Not satisfied.,Pricing
Support team resolved my issue quickly Highly recommended.,Service
The representative was polite Not satisfied.,Service
Package arrived on time Average overall.,Delivery
Reasonable pricing compared to competitors Will buy again.,Pricing
The courier delayed the order Average overall.,Delivery
The product quality is excellent Highly recommended.,Product
The item stopped working after two days Average overall.,Product
Delivery experience was smooth Not satisfied.,Delivery
Fast delivery service Highly recommended.,Delivery
Customer service was very helpful Needs improvement.,Service
Issue resolved professionally Average overall.,Service
Poor response from support Not satisfied.,Service
Excellent service experience Highly recommended.,Service
Delivery was very late Highly recommended.,Delivery
Affordable pricing and good value Average overall.,Pricing
Pricing could be better,Pricing
Support team resolved my issue quickly Average overall.,Service
Amazing design and quality Highly recommended.,Product
Poor response from support Highly recommended.,Service
Fantastic performance and reliability Needs improvement.,Product
Price is too high Not satisfied.,Pricing
Affordable pricing and good value Highly recommended.,Pricing
Support team was unresponsive,Service
Amazing design and quality Will buy again.,Product
Discount offers are attractive,Pricing
Customer service was very helpful Needs improvement.,Service
The courier delayed the order Will buy again.,Delivery
Customer service was very helpful Excellent experience.,Service
Fast delivery service Not satisfied.,Delivery
Customer care was disappointing Will buy again.,Service
Quick and reliable delivery Highly recommended.,Delivery
The item stopped working after two days Will buy again.,Product
The product packaging was damaged Will buy again.,Product
Reasonable pricing compared to competitors Not satisfied.,Pricing
Pricing could be better Will buy again.,Pricing
Affordable pricing and good value,Pricing
Customer service was very helpful Excellent experience.,Service
Quick and reliable delivery Needs improvement.,Delivery
Delivery was very late Average overall.,Delivery
Poor product material Needs improvement.,Product
The package arrived damaged Needs improvement.,Delivery
Issue resolved professionally Needs improvement.,Service
The product exceeded expectations Average overall.,Product
Amazing design and quality Average overall.,Product
Price is too high Needs improvement.,Pricing
The product quality is excellent Excellent experience.,Product
Quick and reliable delivery Average overall.,Delivery
Fantastic performance and reliability Will buy again.,Product
The product is overpriced Needs improvement.,Pricing
Customer care was disappointing Will buy again.,Service
Issue resolved professionally Average overall.,Service
Package arrived on time Needs improvement.,Delivery
Amazing design and quality Needs improvement.,Product
Reasonable pricing compared to competitors Not satisfied.,Pricing
Discount offers are attractive Highly recommended.,Pricing
Affordable pricing and good value Will buy again.,Pricing
Fantastic performance and reliability Will buy again.,Product
Reasonable pricing compared to competitors Needs improvement.,Pricing
The product is overpriced Needs improvement.,Pricing
Very durable and useful product Will buy again.,Product
Poor response from support Will buy again.,Service
Pricing could be better Highly recommended.,Pricing
Shipment tracking was inaccurate Will buy again.,Delivery
Very durable and useful product,Product
The item stopped working after two days Not satisfied.,Product
Fantastic performance and reliability Not satisfied.,Product
Customer care was disappointing Highly recommended.,Service
Discount offers are attractive Needs improvement.,Pricing
The courier delayed the order,Delivery
Very expensive for the quality Not satisfied.,Pricing
Customer care was disappointing Not satisfied.,Service
Very durable and useful product Needs improvement.,Product
The product exceeded expectations Not satisfied.,Product
Quick and reliable delivery Not satisfied.,Delivery
Great value for money,Pricing
Price is too high Will buy again.,Pricing
Great value for money Excellent experience.,Pricing
Customer care was disappointing Highly recommended.,Service
Quick and reliable delivery Excellent experience.,Delivery
The courier delayed the order Excellent experience.,Delivery
The product exceeded expectations Will buy again.,Product
Pricing could be better Excellent experience.,Pricing
The courier delayed the order Highly recommended.,Delivery
Very expensive for the quality Needs improvement.,Pricing
Customer service was very helpful,Service
The item stopped working after two days Needs improvement.,Product
Reasonable pricing compared to competitors Average overall.,Pricing
The item stopped working after two days Needs improvement.,Product
Support team was unresponsive Excellent experience.,Service
The product packaging was damaged Not satisfied.,Product
Excellent service experience Excellent experience.,Service
Fantastic performance and reliability Excellent experience.,Product
The product quality is excellent Not satisfied.,Product
Excellent service experience,Service
Fast delivery service Highly recommended.,Delivery
Quick and reliable delivery Average overall.,Delivery
The product quality is excellent Needs improvement.,Product
The product packaging was damaged Will buy again.,Product
Customer service was very helpful Highly recommended.,Service
Issue resolved professionally,Service
Support team resolved my issue quickly Excellent experience.,Service
Amazing design and quality Needs improvement.,Product
Discount offers are attractive Needs improvement.,Pricing
Support team resolved my issue quickly Highly recommended.,Service
Great value for money,Pricing
The package arrived damaged Will buy again.,Delivery
Price is too high Average overall.,Pricing
Pricing could be better Will buy again.,Pricing
Issue resolved professionally Not satisfied.,Service
Very durable and useful product Highly recommended.,Product
The item stopped working after two days Highly recommended.,Product
Issue resolved professionally Needs improvement.,Service
Delivery was very late Excellent experience.,Delivery
Fast delivery service Will buy again.,Delivery
Fantastic performance and reliability,Product
Pricing could be better,Pricing
Very durable and useful product Excellent experience.,Product
Quick and reliable delivery,Delivery
The package arrived damaged,Delivery
Fantastic performance and reliability Not satisfied.,Product
Poor response from support Needs improvement.,Service
The product exceeded expectations Needs improvement.,Product
The product exceeded expectations Not satisfied.,Product
Fast delivery service Highly recommended.,Delivery
Quick and reliable delivery Highly recommended.,Delivery
Reasonable pricing compared to competitors Not satisfied.,Pricing
Support team was unresponsive Not satisfied.,Service
Delivery experience was smooth Excellent experience.,Delivery
Fantastic performance and reliability Excellent experience.,Product
Very durable and useful product Highly recommended.,Product
The product quality is excellent,Product
The representative was polite Excellent experience.,Service
Fast delivery service Highly recommended.,Delivery
Amazing design and quality Highly recommended.,Product
Discount offers are attractive Average overall.,Pricing
Pricing could be better Excellent experience.,Pricing
Excellent service experience Excellent experience.,Service
Delivery experience was smooth Average overall.,Delivery
Reasonable pricing compared to competitors Needs improvement.,Pricing
Support team was unresponsive Highly recommended.,Service
Support team resolved my issue quickly Will buy again.,Service
Support team was unresponsive Highly recommended.,Service
Issue resolved professionally Will buy again.,Service
Package arrived on time,Delivery
The product is overpriced Highly recommended.,Pricing
Reasonable pricing compared to competitors Needs improvement.,Pricing
The package arrived damaged Will buy again.,Delivery
Fantastic performance and reliability Will buy again.,Product
Great value for money Highly recommended.,Pricing
Discount offers are attractive,Pricing
Fast delivery service Average overall.,Delivery
The product packaging was damaged Excellent experience.,Product
Fast delivery service,Delivery
The package arrived damaged Excellent experience.,Delivery
The representative was polite Needs improvement.,Service
Issue resolved professionally Average overall.,Service
Delivery was very late Excellent experience.,Delivery
The product is overpriced Needs improvement.,Pricing
Fantastic performance and reliability,Product
Shipment tracking was inaccurate Will buy again.,Delivery
Fantastic performance and reliability Excellent experience.,Product
The courier delayed the order Highly recommended.,Delivery
The product quality is excellent,Product
Package arrived on time Highly recommended.,Delivery
The representative was polite Excellent experience.,Service
Great value for money Excellent experience.,Pricing
Delivery was very late Highly recommended.,Delivery
Amazing design and quality Not satisfied.,Product
Customer service was very helpful Will buy again.,Service
The product quality is excellent,Product
Delivery experience was smooth Highly recommended.,Delivery
The courier delayed the order Excellent experience.,Delivery
Affordable pricing and good value Average overall.,Pricing
Discount offers are attractive Will buy again.,Pricing
Excellent service experience Highly recommended.,Service
The product is overpriced Average overall.,Pricing
The item stopped working after two days Needs improvement.,Product
Affordable pricing and good value Will buy again.,Pricing
The item stopped working after two days Excellent experience.,Product
Customer service was very helpful Will buy again.,Service
The representative was polite Not satisfied.,Service
Amazing design and quality Will buy again.,Product
Discount offers are attractive Not satisfied.,Pricing
Pricing could be better Will buy again.,Pricing
The item stopped working after two days Average overall.,Product
Poor response from support Will buy again.,Service
Poor response from support Average overall.,Service
Poor product material Will buy again.,Product
Support team was unresponsive Not satisfied.,Service
Pricing could be better,Pricing
Affordable pricing and good value Average overall.,Pricing
Issue resolved professionally,Service
Price is too high Highly recommended.,Pricing
The item stopped working after two days,Product
Very durable and useful product Needs improvement.,Product
Very durable and useful product Highly recommended.,Product
Fantastic performance and reliability Needs improvement.,Product
Great value for money Will buy again.,Pricing
The item stopped working after two days Average overall.,Product
Issue resolved professionally Average overall.,Service
Package arrived on time Will buy again.,Delivery
Affordable pricing and good value Highly recommended.,Pricing
Customer care was disappointing,Service
Discount offers are attractive Not satisfied.,Pricing
Fast delivery service Average overall.,Delivery
The product packaging was damaged Excellent experience.,Product
Quick and reliable delivery Will buy again.,Delivery
Poor response from support Will buy again.,Service
Poor response from support Highly recommended.,Service
Price is too high Not satisfied.,Pricing
Issue resolved professionally Average overall.,Service
The product packaging was damaged,Product
Fast delivery service,Delivery
Very durable and useful product Average overall.,Product
Delivery experience was smooth Needs improvement.,Delivery
Discount offers are attractive Highly recommended.,Pricing
Affordable pricing and good value,Pricing
The product is overpriced Highly recommended.,Pricing
Quick and reliable delivery Not satisfied.,Delivery
Support team was unresponsive Average overall.,Service
Discount offers are attractive Needs improvement.,Pricing
Reasonable pricing compared to competitors Excellent experience.,Pricing
Pricing could be better Highly recommended.,Pricing
The package arrived damaged Will buy again.,Delivery
Reasonable pricing compared to competitors Will buy again.,Pricing
Delivery was very late Needs improvement.,Delivery
The courier delayed the order Excellent experience.,Delivery
Package arrived on time Highly recommended.,Delivery
Customer care was disappointing,Service
Great value for money Average overall.,Pricing
Support team was unresponsive Needs improvement.,Service
Poor response from support Needs improvement.,Service
Support team was unresponsive,Service
Delivery experience was smooth Excellent experience.,Delivery
The courier delayed the order Not satisfied.,Delivery
The courier delayed the order Not satisfied.,Delivery
The package arrived damaged Will buy again.,Delivery
Package arrived on time,Delivery
Great value for money Average overall.,Pricing
Very expensive for the quality Excellent experience.,Pricing
Support team was unresponsive Will buy again.,Service
The product packaging was damaged Highly recommended.,Product
The product is overpriced Needs improvement.,Pricing
Support team was unresponsive Needs improvement.,Service
Very durable and useful product Excellent experience.,Product
The product exceeded expectations Will buy again.,Product
The courier delayed the order,Delivery
Discount offers are attractive Needs improvement.,Pricing
Support team resolved my issue quickly Average overall.,Service
Customer service was very helpful Highly recommended.,Service
Great value for money,Pricing
Poor response from support Highly recommended.,Service
The representative was polite Not satisfied.,Service
The product is overpriced Excellent experience.,Pricing
Great value for money Average overall.,Pricing
The product exceeded expectations Will buy again.,Product
Great value for money Needs improvement.,Pricing
The product packaging was damaged,Product
Delivery experience was smooth Highly recommended.,Delivery
Quick and reliable delivery Excellent experience.,Delivery
The product quality is excellent Not satisfied.,Product
Customer care was disappointing Excellent experience.,Service
The package arrived damaged Not satisfied.,Delivery
Fast delivery service Average overall.,Delivery
Reasonable pricing compared to competitors Will buy again.,Pricing
The courier delayed the order Will buy again.,Delivery
Excellent service experience Will buy again.,Service
Quick and reliable delivery Needs improvement.,Delivery
Great value for money,Pricing
Customer care was disappointing Highly recommended.,Service
Affordable pricing and good value Highly recommended.,Pricing
Customer care was disappointing Average overall.,Service
Reasonable pricing compared to competitors Not satisfied.,Pricing
The product quality is excellent Not satisfied.,Product
Reasonable pricing compared to competitors Highly recommended.,Pricing
The courier delayed the order Will buy again.,Delivery
Poor product material Highly recommended.,Product
Amazing design and quality Excellent experience.,Product
Poor response from support Needs improvement.,Service
Reasonable pricing compared to competitors Needs improvement.,Pricing
Excellent service experience Excellent experience.,Service
Delivery was very late Highly recommended.,Delivery
The product is overpriced Will buy again.,Pricing
Customer care was disappointing Excellent experience.,Service
Delivery experience was smooth,Delivery
Poor response from support Excellent experience.,Service
